timestamp,actual_mw,predicted_mw,baseline_mw,abs_error_mw,baseline_abs_error_mw,abs_pct_error,baseline_abs_pct_error,hour,month,weekday,temperature_c,heating_degrees,cooling_degrees
2025-01-01 00:00:00,13887.0,13851.452,14287.0,35.548,400.0,0.00256,0.028804,0,1,Wednesday,3.3,14.7,0.0
2025-01-01 01:00:00,13722.0,13572.224,13914.0,149.776,192.0,0.010915,0.013992,1,1,Wednesday,2.8,15.2,0.0
2025-01-01 02:00:00,13688.0,13359.052,13755.0,328.948,67.0,0.024032,0.004895,2,1,Wednesday,2.3,15.7,0.0
2025-01-01 03:00:00,13613.0,13372.511,13762.0,240.489,149.0,0.017666,0.010945,3,1,Wednesday,2.0,16.0,0.0
2025-01-01 04:00:00,13593.0,13434.598,13865.0,158.402,272.0,0.011653,0.02001,4,1,Wednesday,2.0,16.0,0.0
2025-01-01 05:00:00,13674.0,13642.92,14212.0,31.08,538.0,0.002273,0.039345,5,1,Wednesday,1.9,16.1,0.0
2025-01-01 06:00:00,13957.0,14109.578,14841.0,152.578,884.0,0.010932,0.063337,6,1,Wednesday,1.8,16.2,0.0
2025-01-01 07:00:00,14315.0,14698.401,15604.0,383.401,1289.0,0.026783,0.090045,7,1,Wednesday,1.7,16.3,0.0
2025-01-01 08:00:00,14604.0,15153.026,15977.0,549.026,1373.0,0.037594,0.094015,8,1,Wednesday,1.8,16.2,0.0
2025-01-01 09:00:00,15056.0,15360.853,16075.0,304.853,1019.0,0.020248,0.067681,9,1,Wednesday,1.9,16.1,0.0
2025-01-01 10:00:00,15521.0,15658.293,16213.0,137.293,692.0,0.008846,0.044585,10,1,Wednesday,2.1,15.9,0.0
2025-01-01 11:00:00,15800.0,15728.0,16218.0,72.0,418.0,0.004557,0.026456,11,1,Wednesday,2.2,15.8,0.0
2025-01-01 12:00:00,15941.0,15860.727,16330.0,80.273,389.0,0.005036,0.024402,12,1,Wednesday,2.2,15.8,0.0
2025-01-01 13:00:00,15977.0,15865.058,16389.0,111.942,412.0,0.007006,0.025787,13,1,Wednesday,2.3,15.7,0.0
2025-01-01 14:00:00,16066.0,15862.265,16436.0,203.735,370.0,0.012681,0.02303,14,1,Wednesday,2.5,15.5,0.0
2025-01-01 15:00:00,16321.0,16235.333,16660.0,85.667,339.0,0.005249,0.020771,15,1,Wednesday,2.5,15.5,0.0
2025-01-01 16:00:00,17058.0,17040.84,17306.0,17.16,248.0,0.001006,0.014539,16,1,Wednesday,2.2,15.8,0.0
2025-01-01 17:00:00,17519.0,17416.41,17648.0,102.59,129.0,0.005856,0.007363,17,1,Wednesday,1.6,16.4,0.0
2025-01-01 18:00:00,17454.0,16769.35,16961.0,684.65,493.0,0.039226,0.028246,18,1,Wednesday,1.1,16.9,0.0
2025-01-01 19:00:00,17131.0,16466.7,16373.0,664.3,758.0,0.038778,0.044247,19,1,Wednesday,0.7,17.3,0.0
2025-01-01 20:00:00,16701.0,15737.309,15767.0,963.691,934.0,0.057703,0.055925,20,1,Wednesday,1.1,16.9,0.0
2025-01-01 21:00:00,16159.0,15334.52,15272.0,824.48,887.0,0.051023,0.054892,21,1,Wednesday,0.8,17.2,0.0
2025-01-01 22:00:00,15410.0,14764.772,14734.0,645.228,676.0,0.041871,0.043868,22,1,Wednesday,0.2,17.8,0.0
2025-01-01 23:00:00,14772.0,14256.862,14350.0,515.138,422.0,0.034873,0.028568,23,1,Wednesday,-0.3,18.3,0.0
2025-01-02 00:00:00,14209.0,14187.488,13887.0,21.512,322.0,0.001514,0.022662,0,1,Thursday,-0.7,18.7,0.0
2025-01-02 01:00:00,14045.0,13983.807,13722.0,61.193,323.0,0.004357,0.022998,1,1,Thursday,-0.8,18.8,0.0
2025-01-02 02:00:00,13934.0,13823.418,13688.0,110.582,246.0,0.007936,0.017655,2,1,Thursday,-0.7,18.7,0.0
2025-01-02 03:00:00,13903.0,13823.418,13613.0,79.582,290.0,0.005724,0.020859,3,1,Thursday,-0.7,18.7,0.0
2025-01-02 04:00:00,14059.0,13879.994,13593.0,179.006,466.0,0.012732,0.033146,4,1,Thursday,-0.7,18.7,0.0
2025-01-02 05:00:00,14501.0,14030.128,13674.0,470.872,827.0,0.032472,0.057031,5,1,Thursday,-0.7,18.7,0.0
2025-01-02 06:00:00,15408.0,14623.787,13957.0,784.213,1451.0,0.050896,0.094172,6,1,Thursday,-0.7,18.7,0.0
2025-01-02 07:00:00,16521.0,15564.555,14315.0,956.445,2206.0,0.057893,0.133527,7,1,Thursday,-0.8,18.8,0.0
2025-01-02 08:00:00,16931.0,15854.22,14604.0,1076.78,2327.0,0.063598,0.13744,8,1,Thursday,-0.9,18.9,0.0
2025-01-02 09:00:00,17278.0,16148.874,15056.0,1129.126,2222.0,0.065351,0.128603,9,1,Thursday,-0.7,18.7,0.0
2025-01-02 10:00:00,17375.0,16432.883,15521.0,942.117,1854.0,0.054223,0.106705,10,1,Thursday,-0.1,18.1,0.0
2025-01-02 11:00:00,17486.0,16658.31,15800.0,827.69,1686.0,0.047334,0.09642,11,1,Thursday,0.4,17.6,0.0
2025-01-02 12:00:00,17689.0,16769.242,15941.0,919.758,1748.0,0.051996,0.098818,12,1,Thursday,0.5,17.5,0.0
2025-01-02 13:00:00,17817.0,16681.865,15977.0,1135.135,1840.0,0.063711,0.103272,13,1,Thursday,0.4,17.6,0.0
2025-01-02 14:00:00,17851.0,16769.453,16066.0,1081.547,1785.0,0.060587,0.099994,14,1,Thursday,0.3,17.7,0.0
2025-01-02 15:00:00,18167.0,17074.607,16321.0,1092.393,1846.0,0.060131,0.101613,15,1,Thursday,-0.4,18.4,0.0
2025-01-02 16:00:00,18780.0,17839.191,17058.0,940.809,1722.0,0.050096,0.091693,16,1,Thursday,-1.2,19.2,0.0
2025-01-02 17:00:00,19450.0,18381.107,17519.0,1068.893,1931.0,0.054956,0.09928,17,1,Thursday,-1.8,19.8,0.0
2025-01-02 18:00:00,19226.0,18352.95,17454.0,873.05,1772.0,0.04541,0.092167,18,1,Thursday,-2.2,20.2,0.0
2025-01-02 19:00:00,18901.0,17932.322,17131.0,968.678,1770.0,0.05125,0.093646,19,1,Thursday,-2.2,20.2,0.0
2025-01-02 20:00:00,18759.0,17443.508,16701.0,1315.492,2058.0,0.070126,0.109707,20,1,Thursday,-2.6,20.6,0.0
2025-01-02 21:00:00,18062.0,16719.064,16159.0,1342.936,1903.0,0.074351,0.105359,21,1,Thursday,-2.6,20.6,0.0
2025-01-02 22:00:00,16965.0,15869.502,15410.0,1095.498,1555.0,0.064574,0.091659,22,1,Thursday,-2.8,20.8,0.0
2025-01-02 23:00:00,16192.0,15065.728,14772.0,1126.272,1420.0,0.069557,0.087698,23,1,Thursday,-2.8,20.8,0.0
2025-01-03 00:00:00,15535.0,14582.047,14209.0,952.953,1326.0,0.061342,0.085356,0,1,Friday,-2.7,20.7,0.0
2025-01-03 01:00:00,15434.0,14448.162,14045.0,985.838,1389.0,0.063874,0.089996,1,1,Friday,-2.7,20.7,0.0
2025-01-03 02:00:00,15284.0,14370.485,13934.0,913.515,1350.0,0.059769,0.088328,2,1,Friday,-2.7,20.7,0.0
2025-01-03 03:00:00,15294.0,14366.73,13903.0,927.271,1391.0,0.06063,0.090951,3,1,Friday,-2.8,20.8,0.0
2025-01-03 04:00:00,15521.0,14527.17,14059.0,993.83,1462.0,0.064031,0.094195,4,1,Friday,-2.9,20.9,0.0
2025-01-03 05:00:00,16013.0,14894.133,14501.0,1118.867,1512.0,0.069872,0.094423,5,1,Friday,-3.2,21.2,0.0
2025-01-03 06:00:00,16916.0,15622.994,15408.0,1293.006,1508.0,0.076437,0.089146,6,1,Friday,-3.6,21.6,0.0
2025-01-03 07:00:00,17674.0,16767.248,16521.0,906.752,1153.0,0.051304,0.065237,7,1,Friday,-3.9,21.9,0.0
2025-01-03 08:00:00,18179.0,17230.271,16931.0,948.729,1248.0,0.052188,0.068651,8,1,Friday,-3.2,21.2,0.0
2025-01-03 09:00:00,18431.0,17612.81,17278.0,818.19,1153.0,0.044392,0.062558,9,1,Friday,-2.7,20.7,0.0
2025-01-03 10:00:00,18185.0,17591.11,17375.0,593.89,810.0,0.032658,0.044542,10,1,Friday,-1.9,19.9,0.0
2025-01-03 11:00:00,18059.0,17730.428,17486.0,328.572,573.0,0.018194,0.031729,11,1,Friday,-1.1,19.1,0.0
2025-01-03 12:00:00,17940.0,17759.006,17689.0,180.994,251.0,0.010089,0.013991,12,1,Friday,-0.8,18.8,0.0
2025-01-03 13:00:00,17771.0,17879.37,17817.0,108.37,46.0,0.006098,0.002588,13,1,Friday,-0.5,18.5,0.0
2025-01-03 14:00:00,17719.0,17926.58,17851.0,207.58,132.0,0.011715,0.00745,14,1,Friday,-0.9,18.9,0.0
2025-01-03 15:00:00,18062.0,18089.172,18167.0,27.172,105.0,0.001504,0.005813,15,1,Friday,-1.6,19.6,0.0
2025-01-03 16:00:00,18857.0,18709.684,18780.0,147.316,77.0,0.007812,0.004083,16,1,Friday,-3.4,21.4,0.0
2025-01-03 17:00:00,19616.0,19372.885,19450.0,243.115,166.0,0.012394,0.008462,17,1,Friday,-5.0,23.0,0.0
2025-01-03 18:00:00,19462.0,19316.809,19226.0,145.191,236.0,0.00746,0.012126,18,1,Friday,-5.7,23.7,0.0
2025-01-03 19:00:00,19223.0,18968.15,18901.0,254.85,322.0,0.013258,0.016751,19,1,Friday,-5.9,23.9,0.0
2025-01-03 20:00:00,18973.0,18550.975,18759.0,422.025,214.0,0.022243,0.011279,20,1,Friday,-4.7,22.7,0.0
2025-01-03 21:00:00,18326.0,17926.422,18062.0,399.578,264.0,0.021804,0.014406,21,1,Friday,-4.6,22.6,0.0
2025-01-03 22:00:00,17628.0,17111.363,16965.0,516.637,663.0,0.029308,0.037611,22,1,Friday,-4.5,22.5,0.0
2025-01-03 23:00:00,16694.0,16181.802,16192.0,512.198,502.0,0.030682,0.030071,23,1,Friday,-4.2,22.2,0.0
2025-01-04 00:00:00,16096.0,15280.089,15535.0,815.911,561.0,0.05069,0.034853,0,1,Saturday,-4.4,22.4,0.0
2025-01-04 01:00:00,15653.0,15125.072,15434.0,527.928,219.0,0.033727,0.013991,1,1,Saturday,-4.8,22.8,0.0
2025-01-04 02:00:00,15450.0,15039.379,15284.0,410.621,166.0,0.026577,0.010744,2,1,Saturday,-5.2,23.2,0.0
2025-01-04 03:00:00,15449.0,14956.783,15294.0,492.217,155.0,0.031861,0.010033,3,1,Saturday,-5.5,23.5,0.0
2025-01-04 04:00:00,15433.0,14973.738,15521.0,459.262,88.0,0.029758,0.005702,4,1,Saturday,-5.3,23.3,0.0
2025-01-04 05:00:00,15656.0,15326.595,16013.0,329.405,357.0,0.02104,0.022803,5,1,Saturday,-5.1,23.1,0.0
2025-01-04 06:00:00,16193.0,15875.994,16916.0,317.006,723.0,0.019577,0.044649,6,1,Saturday,-5.2,23.2,0.0
2025-01-04 07:00:00,16901.0,16358.574,17674.0,542.426,773.0,0.032094,0.045737,7,1,Saturday,-5.5,23.5,0.0
2025-01-04 08:00:00,17361.0,16873.229,18179.0,487.771,818.0,0.028096,0.047117,8,1,Saturday,-5.1,23.1,0.0
2025-01-04 09:00:00,17517.0,17290.2,18431.0,226.8,914.0,0.012947,0.052178,9,1,Saturday,-4.7,22.7,0.0
2025-01-04 10:00:00,17823.0,17268.38,18185.0,554.62,362.0,0.031118,0.020311,10,1,Saturday,-4.1,22.1,0.0
2025-01-04 11:00:00,18054.0,17203.994,18059.0,850.006,5.0,0.047081,0.000277,11,1,Saturday,-3.3,21.3,0.0
2025-01-04 12:00:00,18433.0,17211.484,17940.0,1221.516,493.0,0.066268,0.026746,12,1,Saturday,-2.8,20.8,0.0
2025-01-04 13:00:00,18489.0,17195.361,17771.0,1293.639,718.0,0.069968,0.038834,13,1,Saturday,-2.4,20.4,0.0
2025-01-04 14:00:00,18463.0,17078.775,17719.0,1384.225,744.0,0.074973,0.040297,14,1,Saturday,-2.4,20.4,0.0
2025-01-04 15:00:00,18645.0,17311.652,18062.0,1333.348,583.0,0.071512,0.031268,15,1,Saturday,-2.7,20.7,0.0
2025-01-04 16:00:00,19177.0,18209.576,18857.0,967.424,320.0,0.050447,0.016687,16,1,Saturday,-3.2,21.2,0.0
2025-01-04 17:00:00,19983.0,18940.863,19616.0,1042.137,367.0,0.052151,0.018366,17,1,Saturday,-3.7,21.7,0.0
2025-01-04 18:00:00,19717.0,18625.639,19462.0,1091.361,255.0,0.055351,0.012933,18,1,Saturday,-3.9,21.9,0.0
2025-01-04 19:00:00,19248.0,18539.752,19223.0,708.248,25.0,0.036796,0.001299,19,1,Saturday,-4.3,22.3,0.0
2025-01-04 20:00:00,18629.0,18252.184,18973.0,376.816,344.0,0.020227,0.018466,20,1,Saturday,-4.3,22.3,0.0
2025-01-04 21:00:00,18036.0,17417.514,18326.0,618.486,290.0,0.034292,0.016079,21,1,Saturday,-4.2,22.2,0.0
2025-01-04 22:00:00,17294.0,16755.637,17628.0,538.363,334.0,0.03113,0.019313,22,1,Saturday,-4.4,22.4,0.0
2025-01-04 23:00:00,16637.0,16231.44,16694.0,405.56,57.0,0.024377,0.003426,23,1,Saturday,-4.6,22.6,0.0
2025-01-05 00:00:00,16021.0,15788.775,16096.0,232.225,75.0,0.014495,0.004681,0,1,Sunday,-4.8,22.8,0.0
2025-01-05 01:00:00,15626.0,15220.995,15653.0,405.005,27.0,0.025919,0.001728,1,1,Sunday,-4.8,22.8,0.0
2025-01-05 02:00:00,15499.0,15063.991,15450.0,435.009,49.0,0.028067,0.003161,2,1,Sunday,-4.7,22.7,0.0
2025-01-05 03:00:00,15411.0,14920.688,15449.0,490.312,38.0,0.031816,0.002466,3,1,Sunday,-4.7,22.7,0.0
2025-01-05 04:00:00,15397.0,14890.149,15433.0,506.851,36.0,0.032919,0.002338,4,1,Sunday,-4.7,22.7,0.0
2025-01-05 05:00:00,15529.0,14965.477,15656.0,563.523,127.0,0.036288,0.008178,5,1,Sunday,-4.5,22.5,0.0
2025-01-05 06:00:00,15864.0,15523.634,16193.0,340.366,329.0,0.021455,0.020739,6,1,Sunday,-4.5,22.5,0.0
2025-01-05 07:00:00,16583.0,16038.931,16901.0,544.069,318.0,0.032809,0.019176,7,1,Sunday,-4.4,22.4,0.0
2025-01-05 08:00:00,17181.0,16422.127,17361.0,758.873,180.0,0.044169,0.010477,8,1,Sunday,-4.7,22.7,0.0
2025-01-05 09:00:00,17727.0,16775.342,17517.0,951.658,210.0,0.053684,0.011846,9,1,Sunday,-4.0,22.0,0.0
2025-01-05 10:00:00,18029.0,17198.627,17823.0,830.373,206.0,0.046058,0.011426,10,1,Sunday,-3.7,21.7,0.0
2025-01-05 11:00:00,18325.0,17232.416,18054.0,1092.584,271.0,0.059623,0.014789,11,1,Sunday,-3.1,21.1,0.0
2025-01-05 12:00:00,18262.0,17533.086,18433.0,728.914,171.0,0.039914,0.009364,12,1,Sunday,-3.0,21.0,0.0
2025-01-05 13:00:00,18309.0,17484.89,18489.0,824.11,180.0,0.045011,0.009831,13,1,Sunday,-2.5,20.5,0.0
2025-01-05 14:00:00,18475.0,17497.164,18463.0,977.836,12.0,0.052928,0.00065,14,1,Sunday,-2.2,20.2,0.0
2025-01-05 15:00:00,18983.0,17734.688,18645.0,1248.312,338.0,0.065759,0.017805,15,1,Sunday,-2.4,20.4,0.0
2025-01-05 16:00:00,19799.0,18555.957,19177.0,1243.043,622.0,0.062783,0.031416,16,1,Sunday,-2.9,20.9,0.0
2025-01-05 17:00:00,20626.0,19135.969,19983.0,1490.031,643.0,0.07224,0.031174,17,1,Sunday,-3.1,21.1,0.0
2025-01-05 18:00:00,20167.0,19043.22,19717.0,1123.78,450.0,0.055724,0.022314,18,1,Sunday,-3.7,21.7,0.0
2025-01-05 19:00:00,19686.0,18659.328,19248.0,1026.672,438.0,0.052152,0.022249,19,1,Sunday,-4.3,22.3,0.0
2025-01-05 20:00:00,19256.0,18128.537,18629.0,1127.463,627.0,0.058551,0.032561,20,1,Sunday,-4.0,22.0,0.0
2025-01-05 21:00:00,18602.0,17399.162,18036.0,1202.838,566.0,0.064662,0.030427,21,1,Sunday,-4.7,22.7,0.0
2025-01-05 22:00:00,17721.0,16772.512,17294.0,948.488,427.0,0.053523,0.024096,22,1,Sunday,-4.8,22.8,0.0
2025-01-05 23:00:00,16885.0,16158.773,16637.0,726.227,248.0,0.04301,0.014688,23,1,Sunday,-4.0,22.0,0.0
2025-01-06 00:00:00,16259.0,15976.616,16021.0,282.384,238.0,0.017368,0.014638,0,1,Monday,-4.0,22.0,0.0
2025-01-06 01:00:00,15904.0,15341.638,15626.0,562.362,278.0,0.03536,0.01748,1,1,Monday,-3.9,21.9,0.0
2025-01-06 02:00:00,15875.0,15174.615,15499.0,700.385,376.0,0.044119,0.023685,2,1,Monday,-4.2,22.2,0.0
2025-01-06 03:00:00,16010.0,15596.534,15411.0,413.466,599.0,0.025825,0.037414,3,1,Monday,-6.0,24.0,0.0
2025-01-06 04:00:00,16109.0,15824.87,15397.0,284.13,712.0,0.017638,0.044199,4,1,Monday,-6.6,24.6,0.0
2025-01-06 05:00:00,16675.0,16232.301,15529.0,442.699,1146.0,0.026549,0.068726,5,1,Monday,-7.0,25.0,0.0
2025-01-06 06:00:00,17883.0,17025.701,15864.0,857.299,2019.0,0.047939,0.112901,6,1,Monday,-7.5,25.5,0.0
2025-01-06 07:00:00,19437.0,17719.598,16583.0,1717.402,2854.0,0.088357,0.146833,7,1,Monday,-7.8,25.8,0.0
2025-01-06 08:00:00,19987.0,18085.602,17181.0,1901.398,2806.0,0.095132,0.140391,8,1,Monday,-7.8,25.8,0.0
2025-01-06 09:00:00,20090.0,18558.033,17727.0,1531.967,2363.0,0.076255,0.117621,9,1,Monday,-8.4,26.4,0.0
2025-01-06 10:00:00,20005.0,18753.139,18029.0,1251.861,1976.0,0.062577,0.098775,10,1,Monday,-8.7,26.7,0.0
2025-01-06 11:00:00,19920.0,18895.574,18325.0,1024.426,1595.0,0.051427,0.08007,11,1,Monday,-8.6,26.6,0.0
2025-01-06 12:00:00,19838.0,18772.037,18262.0,1065.963,1576.0,0.053733,0.079443,12,1,Monday,-8.2,26.2,0.0
2025-01-06 13:00:00,19782.0,18797.926,18309.0,984.074,1473.0,0.049746,0.074462,13,1,Monday,-7.8,25.8,0.0
2025-01-06 14:00:00,19608.0,18807.61,18475.0,800.39,1133.0,0.04082,0.057783,14,1,Monday,-7.8,25.8,0.0
2025-01-06 15:00:00,19683.0,19062.078,18983.0,620.922,700.0,0.031546,0.035564,15,1,Monday,-8.3,26.3,0.0
2025-01-06 16:00:00,20364.0,19785.771,19799.0,578.229,565.0,0.028395,0.027745,16,1,Monday,-8.7,26.7,0.0
2025-01-06 17:00:00,21159.0,20466.395,20626.0,692.605,533.0,0.032733,0.02519,17,1,Monday,-9.1,27.1,0.0
2025-01-06 18:00:00,20993.0,20343.766,20167.0,649.234,826.0,0.030926,0.039346,18,1,Monday,-9.2,27.2,0.0
2025-01-06 19:00:00,20560.0,19996.889,19686.0,563.111,874.0,0.027389,0.04251,19,1,Monday,-9.5,27.5,0.0
2025-01-06 20:00:00,20211.0,19630.484,19256.0,580.516,955.0,0.028723,0.047251,20,1,Monday,-10.1,28.1,0.0
2025-01-06 21:00:00,19587.0,19028.07,18602.0,558.93,985.0,0.028536,0.050288,21,1,Monday,-10.1,28.1,0.0
2025-01-06 22:00:00,18498.0,18036.396,17721.0,461.604,777.0,0.024954,0.042005,22,1,Monday,-10.1,28.1,0.0
2025-01-06 23:00:00,17369.0,17230.68,16885.0,138.32,484.0,0.007964,0.027866,23,1,Monday,-9.8,27.8,0.0
2025-01-07 00:00:00,16677.0,16364.784,16259.0,312.216,418.0,0.018721,0.025064,0,1,Tuesday,-9.4,27.4,0.0
2025-01-07 01:00:00,16306.0,15902.631,15904.0,403.369,402.0,0.024737,0.024654,1,1,Tuesday,-9.1,27.1,0.0
2025-01-07 02:00:00,16125.0,15723.653,15875.0,401.347,250.0,0.02489,0.015504,2,1,Tuesday,-8.9,26.9,0.0
2025-01-07 03:00:00,16060.0,15755.391,16010.0,304.609,50.0,0.018967,0.003113,3,1,Tuesday,-8.3,26.3,0.0
2025-01-07 04:00:00,16270.0,16042.69,16109.0,227.31,161.0,0.013971,0.009896,4,1,Tuesday,-7.8,25.8,0.0
2025-01-07 05:00:00,16921.0,16618.691,16675.0,302.309,246.0,0.017866,0.014538,5,1,Tuesday,-7.8,25.8,0.0
2025-01-07 06:00:00,17944.0,17599.543,17883.0,344.457,61.0,0.019196,0.003399,6,1,Tuesday,-8.2,26.2,0.0
2025-01-07 07:00:00,19375.0,18449.783,19437.0,925.217,62.0,0.047753,0.0032,7,1,Tuesday,-8.2,26.2,0.0
2025-01-07 08:00:00,19699.0,18692.475,19987.0,1006.525,288.0,0.051095,0.01462,8,1,Tuesday,-7.9,25.9,0.0
2025-01-07 09:00:00,19619.0,18751.918,20090.0,867.082,471.0,0.044196,0.024007,9,1,Tuesday,-7.4,25.4,0.0
2025-01-07 10:00:00,19121.0,18741.4,20005.0,379.6,884.0,0.019853,0.046232,10,1,Tuesday,-6.7,24.7,0.0
2025-01-07 11:00:00,18841.0,18735.906,19920.0,105.094,1079.0,0.005578,0.057269,11,1,Tuesday,-6.1,24.1,0.0
2025-01-07 12:00:00,18710.0,18685.633,19838.0,24.367,1128.0,0.001302,0.060289,12,1,Tuesday,-5.4,23.4,0.0
2025-01-07 13:00:00,18466.0,18679.648,19782.0,213.648,1316.0,0.01157,0.071266,13,1,Tuesday,-5.1,23.1,0.0
2025-01-07 14:00:00,18853.0,18696.488,19608.0,156.512,755.0,0.008302,0.040047,14,1,Tuesday,-5.1,23.1,0.0
2025-01-07 15:00:00,19353.0,18876.258,19683.0,476.742,330.0,0.024634,0.017052,15,1,Tuesday,-5.6,23.6,0.0
2025-01-07 16:00:00,20291.0,19612.5,20364.0,678.5,73.0,0.033438,0.003598,16,1,Tuesday,-6.0,24.0,0.0
2025-01-07 17:00:00,21339.0,20072.455,21159.0,1266.545,180.0,0.059354,0.008435,17,1,Tuesday,-6.6,24.6,0.0
2025-01-07 18:00:00,20995.0,19977.332,20993.0,1017.668,2.0,0.048472,9.5e-05,18,1,Tuesday,-7.1,25.1,0.0
2025-01-07 19:00:00,20766.0,19810.652,20560.0,955.348,206.0,0.046005,0.00992,19,1,Tuesday,-7.5,25.5,0.0
2025-01-07 20:00:00,20234.0,19421.346,20211.0,812.654,23.0,0.040163,0.001137,20,1,Tuesday,-7.1,25.1,0.0
2025-01-07 21:00:00,19581.0,18528.604,19587.0,1052.396,6.0,0.053746,0.000306,21,1,Tuesday,-7.1,25.1,0.0
2025-01-07 22:00:00,18525.0,17776.191,18498.0,748.809,27.0,0.040422,0.001457,22,1,Tuesday,-7.2,25.2,0.0
2025-01-07 23:00:00,17542.0,16997.713,17369.0,544.287,173.0,0.031028,0.009862,23,1,Tuesday,-7.5,25.5,0.0
2025-01-08 00:00:00,16883.0,16389.781,16677.0,493.219,206.0,0.029214,0.012202,0,1,Wednesday,-7.3,25.3,0.0
2025-01-08 01:00:00,16598.0,16012.849,16306.0,585.151,292.0,0.035254,0.017592,1,1,Wednesday,-7.9,25.9,0.0
2025-01-08 02:00:00,16445.0,15987.808,16125.0,457.192,320.0,0.027801,0.019459,2,1,Wednesday,-9.0,27.0,0.0
2025-01-08 03:00:00,16423.0,16147.014,16060.0,275.986,363.0,0.016805,0.022103,3,1,Wednesday,-10.0,28.0,0.0
2025-01-08 04:00:00,16616.0,16505.168,16270.0,110.832,346.0,0.00667,0.020823,4,1,Wednesday,-10.5,28.5,0.0
2025-01-08 05:00:00,17164.0,17035.945,16921.0,128.055,243.0,0.007461,0.014158,5,1,Wednesday,-11.0,29.0,0.0
2025-01-08 06:00:00,18450.0,17998.25,17944.0,451.75,506.0,0.024485,0.027425,6,1,Wednesday,-12.5,30.5,0.0
2025-01-08 07:00:00,19922.0,18676.78,19375.0,1245.22,547.0,0.062505,0.027457,7,1,Wednesday,-13.2,31.2,0.0
2025-01-08 08:00:00,20228.0,18845.84,19699.0,1382.16,529.0,0.068329,0.026152,8,1,Wednesday,-12.6,30.6,0.0
2025-01-08 09:00:00,19886.0,18848.633,19619.0,1037.367,267.0,0.052166,0.013427,9,1,Wednesday,-12.2,30.2,0.0
2025-01-08 10:00:00,19720.0,18797.795,19121.0,922.205,599.0,0.046765,0.030375,10,1,Wednesday,-11.5,29.5,0.0
2025-01-08 11:00:00,19660.0,18795.834,18841.0,864.166,819.0,0.043956,0.041658,11,1,Wednesday,-10.4,28.4,0.0
2025-01-08 12:00:00,19393.0,18742.56,18710.0,650.44,683.0,0.03354,0.035219,12,1,Wednesday,-9.7,27.7,0.0
2025-01-08 13:00:00,19372.0,18626.596,18466.0,745.404,906.0,0.038478,0.046769,13,1,Wednesday,-9.3,27.3,0.0
2025-01-08 14:00:00,19464.0,18634.77,18853.0,829.23,611.0,0.042603,0.031391,14,1,Wednesday,-9.0,27.0,0.0
2025-01-08 15:00:00,19726.0,18910.219,19353.0,815.781,373.0,0.041356,0.018909,15,1,Wednesday,-9.0,27.0,0.0
2025-01-08 16:00:00,20429.0,19790.576,20291.0,638.424,138.0,0.031251,0.006755,16,1,Wednesday,-9.1,27.1,0.0
2025-01-08 17:00:00,21534.0,20266.383,21339.0,1267.617,195.0,0.058866,0.009055,17,1,Wednesday,-9.3,27.3,0.0
2025-01-08 18:00:00,21197.0,20213.445,20995.0,983.555,202.0,0.046401,0.00953,18,1,Wednesday,-9.5,27.5,0.0
2025-01-08 19:00:00,20861.0,20092.367,20766.0,768.633,95.0,0.036845,0.004554,19,1,Wednesday,-9.9,27.9,0.0
2025-01-08 20:00:00,20551.0,19683.096,20234.0,867.904,317.0,0.042232,0.015425,20,1,Wednesday,-9.2,27.2,0.0
2025-01-08 21:00:00,19858.0,19051.076,19581.0,806.924,277.0,0.040635,0.013949,21,1,Wednesday,-9.8,27.8,0.0
2025-01-08 22:00:00,18917.0,18287.348,18525.0,629.652,392.0,0.033285,0.020722,22,1,Wednesday,-9.9,27.9,0.0
2025-01-08 23:00:00,17849.0,17604.547,17542.0,244.453,307.0,0.013696,0.0172,23,1,Wednesday,-10.3,28.3,0.0
2025-01-09 00:00:00,17269.0,16857.867,16883.0,411.133,386.0,0.023808,0.022352,0,1,Thursday,-9.9,27.9,0.0
2025-01-09 01:00:00,16773.0,16534.893,16598.0,238.107,175.0,0.014196,0.010433,1,1,Thursday,-9.3,27.3,0.0
2025-01-09 02:00:00,16713.0,16205.612,16445.0,507.388,268.0,0.030359,0.016035,2,1,Thursday,-9.0,27.0,0.0
2025-01-09 03:00:00,16757.0,16396.102,16423.0,360.898,334.0,0.021537,0.019932,3,1,Thursday,-9.1,27.1,0.0
2025-01-09 04:00:00,16864.0,16683.766,16616.0,180.234,248.0,0.010688,0.014706,4,1,Thursday,-9.7,27.7,0.0
2025-01-09 05:00:00,17380.0,17187.332,17164.0,192.668,216.0,0.011086,0.012428,5,1,Thursday,-10.1,28.1,0.0
2025-01-09 06:00:00,18766.0,18275.47,18450.0,490.53,316.0,0.026139,0.016839,6,1,Thursday,-9.9,27.9,0.0
2025-01-09 07:00:00,20263.0,19098.988,19922.0,1164.012,341.0,0.057445,0.016829,7,1,Thursday,-10.0,28.0,0.0
2025-01-09 08:00:00,20343.0,19300.588,20228.0,1042.412,115.0,0.051242,0.005653,8,1,Thursday,-10.4,28.4,0.0
2025-01-09 09:00:00,19893.0,19264.701,19886.0,628.299,7.0,0.031584,0.000352,9,1,Thursday,-9.8,27.8,0.0
2025-01-09 10:00:00,19449.0,19195.008,19720.0,253.992,271.0,0.013059,0.013934,10,1,Thursday,-9.1,27.1,0.0
2025-01-09 11:00:00,19094.0,18974.748,19660.0,119.252,566.0,0.006246,0.029643,11,1,Thursday,-8.3,26.3,0.0
2025-01-09 12:00:00,18552.0,18902.553,19393.0,350.553,841.0,0.018896,0.045332,12,1,Thursday,-7.8,25.8,0.0
2025-01-09 13:00:00,18424.0,18896.309,19372.0,472.309,948.0,0.025636,0.051455,13,1,Thursday,-7.5,25.5,0.0
2025-01-09 14:00:00,18373.0,18919.135,19464.0,546.135,1091.0,0.029725,0.059381,14,1,Thursday,-7.3,25.3,0.0
2025-01-09 15:00:00,18919.0,19339.938,19726.0,420.938,807.0,0.022249,0.042656,15,1,Thursday,-7.2,25.2,0.0
2025-01-09 16:00:00,20254.0,20021.35,20429.0,232.65,175.0,0.011487,0.00864,16,1,Thursday,-7.4,25.4,0.0
2025-01-09 17:00:00,21232.0,20510.44,21534.0,721.56,302.0,0.033985,0.014224,17,1,Thursday,-7.8,25.8,0.0
2025-01-09 18:00:00,21042.0,20433.96,21197.0,608.04,155.0,0.028896,0.007366,18,1,Thursday,-8.2,26.2,0.0
2025-01-09 19:00:00,20718.0,20343.807,20861.0,374.193,143.0,0.018061,0.006902,19,1,Thursday,-8.9,26.9,0.0
2025-01-09 20:00:00,20404.0,20083.057,20551.0,320.943,147.0,0.015729,0.007204,20,1,Thursday,-8.9,26.9,0.0
2025-01-09 21:00:00,19796.0,19549.219,19858.0,246.781,62.0,0.012466,0.003132,21,1,Thursday,-9.6,27.6,0.0
2025-01-09 22:00:00,18827.0,18775.11,18917.0,51.89,90.0,0.002756,0.00478,22,1,Thursday,-10.0,28.0,0.0
2025-01-09 23:00:00,17930.0,18019.018,17849.0,89.018,81.0,0.004965,0.004518,23,1,Thursday,-10.2,28.2,0.0
2025-01-10 00:00:00,17290.0,17435.01,17269.0,145.01,21.0,0.008387,0.001215,0,1,Friday,-10.4,28.4,0.0
2025-01-10 01:00:00,16982.0,16869.562,16773.0,112.438,209.0,0.006621,0.012307,1,1,Friday,-10.6,28.6,0.0
2025-01-10 02:00:00,16735.0,16807.41,16713.0,72.41,22.0,0.004327,0.001315,2,1,Friday,-10.7,28.7,0.0
2025-01-10 03:00:00,16670.0,16843.553,16757.0,173.553,87.0,0.010411,0.005219,3,1,Friday,-10.7,28.7,0.0
2025-01-10 04:00:00,16799.0,17092.088,16864.0,293.088,65.0,0.017447,0.003869,4,1,Friday,-10.7,28.7,0.0
2025-01-10 05:00:00,17389.0,17680.643,17380.0,291.643,9.0,0.016772,0.000518,5,1,Friday,-10.6,28.6,0.0
2025-01-10 06:00:00,18601.0,18710.246,18766.0,109.246,165.0,0.005873,0.00887,6,1,Friday,-11.1,29.1,0.0
2025-01-10 07:00:00,19914.0,19444.645,20263.0,469.355,349.0,0.023569,0.017525,7,1,Friday,-11.5,29.5,0.0
2025-01-10 08:00:00,20098.0,19552.041,20343.0,545.959,245.0,0.027165,0.01219,8,1,Friday,-12.0,30.0,0.0
2025-01-10 09:00:00,19554.0,19440.348,19893.0,113.652,339.0,0.005812,0.017337,9,1,Friday,-10.1,28.1,0.0
2025-01-10 10:00:00,19505.0,18985.318,19449.0,519.682,56.0,0.026644,0.002871,10,1,Friday,-8.1,26.1,0.0
2025-01-10 11:00:00,19364.0,18613.506,19094.0,750.494,270.0,0.038757,0.013943,11,1,Friday,-6.3,24.3,0.0
2025-01-10 12:00:00,19065.0,18354.48,18552.0,710.52,513.0,0.037268,0.026908,12,1,Friday,-4.9,22.9,0.0
2025-01-10 13:00:00,19014.0,18195.062,18424.0,818.938,590.0,0.04307,0.03103,13,1,Friday,-3.5,21.5,0.0
2025-01-10 14:00:00,19324.0,18180.219,18373.0,1143.781,951.0,0.05919,0.049213,14,1,Friday,-2.9,20.9,0.0
2025-01-10 15:00:00,19924.0,18419.557,18919.0,1504.443,1005.0,0.075509,0.050442,15,1,Friday,-2.5,20.5,0.0
2025-01-10 16:00:00,20371.0,19066.992,20254.0,1304.008,117.0,0.064013,0.005743,16,1,Friday,-2.6,20.6,0.0
2025-01-10 17:00:00,20755.0,19538.658,21232.0,1216.342,477.0,0.058605,0.022982,17,1,Friday,-2.8,20.8,0.0
2025-01-10 18:00:00,20403.0,19557.236,21042.0,845.764,639.0,0.041453,0.031319,18,1,Friday,-3.2,21.2,0.0
2025-01-10 19:00:00,20210.0,19412.432,20718.0,797.568,508.0,0.039464,0.025136,19,1,Friday,-3.6,21.6,0.0
2025-01-10 20:00:00,19775.0,19178.344,20404.0,596.656,629.0,0.030172,0.031808,20,1,Friday,-3.5,21.5,0.0
2025-01-10 21:00:00,19192.0,18562.36,19796.0,629.64,604.0,0.032807,0.031471,21,1,Friday,-3.5,21.5,0.0
2025-01-10 22:00:00,18264.0,17915.572,18827.0,348.428,563.0,0.019077,0.030826,22,1,Friday,-3.7,21.7,0.0
2025-01-10 23:00:00,17348.0,17308.201,17930.0,39.799,582.0,0.002294,0.033549,23,1,Friday,-3.8,21.8,0.0
2025-01-11 00:00:00,16781.0,16327.556,17290.0,453.444,509.0,0.027021,0.030332,0,1,Saturday,-3.9,21.9,0.0
2025-01-11 01:00:00,16298.0,15883.195,16982.0,414.805,684.0,0.025451,0.041968,1,1,Saturday,-4.1,22.1,0.0
2025-01-11 02:00:00,16093.0,15775.816,16735.0,317.184,642.0,0.019709,0.039893,2,1,Saturday,-4.2,22.2,0.0
2025-01-11 03:00:00,16111.0,15692.088,16670.0,418.912,559.0,0.026002,0.034697,3,1,Saturday,-4.4,22.4,0.0
2025-01-11 04:00:00,16044.0,15568.297,16799.0,475.703,755.0,0.02965,0.047058,4,1,Saturday,-4.6,22.6,0.0
2025-01-11 05:00:00,16224.0,15864.341,17389.0,359.659,1165.0,0.022168,0.071807,5,1,Saturday,-4.8,22.8,0.0
2025-01-11 06:00:00,16653.0,16798.25,18601.0,145.25,1948.0,0.008722,0.116976,6,1,Saturday,-4.8,22.8,0.0
2025-01-11 07:00:00,17285.0,17422.768,19914.0,137.768,2629.0,0.00797,0.152097,7,1,Saturday,-4.6,22.6,0.0
2025-01-11 08:00:00,17827.0,17584.875,20098.0,242.125,2271.0,0.013582,0.127391,8,1,Saturday,-5.2,23.2,0.0
2025-01-11 09:00:00,18407.0,17753.361,19554.0,653.639,1147.0,0.03551,0.062313,9,1,Saturday,-5.0,23.0,0.0
2025-01-11 10:00:00,18609.0,18015.229,19505.0,593.771,896.0,0.031908,0.048149,10,1,Saturday,-4.6,22.6,0.0
2025-01-11 11:00:00,18665.0,17991.543,19364.0,673.457,699.0,0.036081,0.03745,11,1,Saturday,-4.2,22.2,0.0
2025-01-11 12:00:00,18398.0,17947.666,19065.0,450.334,667.0,0.024477,0.036254,12,1,Saturday,-3.6,21.6,0.0
2025-01-11 13:00:00,18152.0,17952.885,19014.0,199.115,862.0,0.010969,0.047488,13,1,Saturday,-3.1,21.1,0.0
2025-01-11 14:00:00,18108.0,17961.242,19324.0,146.758,1216.0,0.008105,0.067153,14,1,Saturday,-2.4,20.4,0.0
2025-01-11 15:00:00,18425.0,18220.48,19924.0,204.52,1499.0,0.0111,0.081357,15,1,Saturday,-2.1,20.1,0.0
2025-01-11 16:00:00,18945.0,18768.621,20371.0,176.379,1426.0,0.00931,0.075271,16,1,Saturday,-2.6,20.6,0.0
2025-01-11 17:00:00,19380.0,19088.322,20755.0,291.678,1375.0,0.01505,0.070949,17,1,Saturday,-2.2,20.2,0.0
2025-01-11 18:00:00,19273.0,19025.781,20403.0,247.219,1130.0,0.012827,0.058631,18,1,Saturday,-2.4,20.4,0.0
2025-01-11 19:00:00,18836.0,18825.352,20210.0,10.648,1374.0,0.000565,0.072945,19,1,Saturday,-2.5,20.5,0.0
2025-01-11 20:00:00,18336.0,18541.85,19775.0,205.85,1439.0,0.011227,0.078479,20,1,Saturday,-2.5,20.5,0.0
2025-01-11 21:00:00,17783.0,17744.283,19192.0,38.717,1409.0,0.002177,0.079233,21,1,Saturday,-3.2,21.2,0.0
2025-01-11 22:00:00,17126.0,17067.326,18264.0,58.674,1138.0,0.003426,0.066449,22,1,Saturday,-2.6,20.6,0.0
2025-01-11 23:00:00,16378.0,16384.137,17348.0,6.137,970.0,0.000375,0.059226,23,1,Saturday,-1.4,19.4,0.0
2025-01-12 00:00:00,15754.0,15899.354,16781.0,145.354,1027.0,0.009227,0.06519,0,1,Sunday,-1.1,19.1,0.0
2025-01-12 01:00:00,15462.0,15525.182,16298.0,63.182,836.0,0.004086,0.054068,1,1,Sunday,-2.2,20.2,0.0
2025-01-12 02:00:00,15282.0,15350.334,16093.0,68.334,811.0,0.004472,0.053069,2,1,Sunday,-2.4,20.4,0.0
2025-01-12 03:00:00,15223.0,15311.927,16111.0,88.927,888.0,0.005842,0.058333,3,1,Sunday,-2.4,20.4,0.0
2025-01-12 04:00:00,15237.0,15196.634,16044.0,40.366,807.0,0.002649,0.052963,4,1,Sunday,-2.3,20.3,0.0
2025-01-12 05:00:00,15241.0,15293.89,16224.0,52.89,983.0,0.00347,0.064497,5,1,Sunday,-2.5,20.5,0.0
2025-01-12 06:00:00,15687.0,15600.739,16653.0,86.261,966.0,0.005499,0.06158,6,1,Sunday,-2.4,20.4,0.0
2025-01-12 07:00:00,16322.0,16273.352,17285.0,48.648,963.0,0.002981,0.059,7,1,Sunday,-2.5,20.5,0.0
2025-01-12 08:00:00,16842.0,16770.373,17827.0,71.627,985.0,0.004253,0.058485,8,1,Sunday,-2.2,20.2,0.0
2025-01-12 09:00:00,17239.0,17351.074,18407.0,112.074,1168.0,0.006501,0.067753,9,1,Sunday,-2.1,20.1,0.0
2025-01-12 10:00:00,17505.0,17606.625,18609.0,101.625,1104.0,0.005805,0.063068,10,1,Sunday,-1.4,19.4,0.0
2025-01-12 11:00:00,17663.0,17689.709,18665.0,26.709,1002.0,0.001512,0.056729,11,1,Sunday,-0.7,18.7,0.0
2025-01-12 12:00:00,17819.0,17521.223,18398.0,297.777,579.0,0.016711,0.032493,12,1,Sunday,-0.3,18.3,0.0
2025-01-12 13:00:00,17620.0,17439.352,18152.0,180.648,532.0,0.010252,0.030193,13,1,Sunday,-0.3,18.3,0.0
2025-01-12 14:00:00,17644.0,17444.447,18108.0,199.553,464.0,0.01131,0.026298,14,1,Sunday,-0.2,18.2,0.0
2025-01-12 15:00:00,18103.0,17667.26,18425.0,435.74,322.0,0.02407,0.017787,15,1,Sunday,0.1,17.9,0.0
2025-01-12 16:00:00,18823.0,18364.043,18945.0,458.957,122.0,0.024383,0.006481,16,1,Sunday,0.2,17.8,0.0
2025-01-12 17:00:00,19509.0,18721.707,19380.0,787.293,129.0,0.040355,0.006612,17,1,Sunday,-0.4,18.4,0.0
2025-01-12 18:00:00,19333.0,18732.379,19273.0,600.621,60.0,0.031067,0.003104,18,1,Sunday,-0.6,18.6,0.0
2025-01-12 19:00:00,18883.0,18361.766,18836.0,521.234,47.0,0.027603,0.002489,19,1,Sunday,-0.6,18.6,0.0
2025-01-12 20:00:00,18349.0,17977.6,18336.0,371.4,13.0,0.020241,0.000708,20,1,Sunday,0.2,17.8,0.0
2025-01-12 21:00:00,17678.0,17368.617,17783.0,309.383,105.0,0.017501,0.00594,21,1,Sunday,0.3,17.7,0.0
2025-01-12 22:00:00,16960.0,16717.268,17126.0,242.732,166.0,0.014312,0.009788,22,1,Sunday,0.1,17.9,0.0
2025-01-12 23:00:00,16237.0,16126.94,16378.0,110.06,141.0,0.006778,0.008684,23,1,Sunday,0.0,18.0,0.0
2025-01-13 00:00:00,15650.0,15596.707,15754.0,53.293,104.0,0.003405,0.006645,0,1,Monday,0.3,17.7,0.0
2025-01-13 01:00:00,15101.0,15301.231,15462.0,200.231,361.0,0.013259,0.023906,1,1,Monday,0.6,17.4,0.0
2025-01-13 02:00:00,14929.0,15234.36,15282.0,305.36,353.0,0.020454,0.023645,2,1,Monday,0.9,17.1,0.0
2025-01-13 03:00:00,15127.0,15467.271,15223.0,340.271,96.0,0.022494,0.006346,3,1,Monday,1.1,16.9,0.0
2025-01-13 04:00:00,15238.0,15783.755,15237.0,545.755,1.0,0.035815,6.6e-05,4,1,Monday,1.1,16.9,0.0
2025-01-13 05:00:00,15848.0,16210.864,15241.0,362.864,607.0,0.022897,0.038301,5,1,Monday,0.9,17.1,0.0
2025-01-13 06:00:00,16963.0,17018.965,15687.0,55.965,1276.0,0.003299,0.075223,6,1,Monday,0.5,17.5,0.0
2025-01-13 07:00:00,18250.0,17734.295,16322.0,515.705,1928.0,0.028258,0.105644,7,1,Monday,0.1,17.9,0.0
2025-01-13 08:00:00,18879.0,18044.01,16842.0,834.99,2037.0,0.044229,0.107898,8,1,Monday,0.1,17.9,0.0
2025-01-13 09:00:00,19026.0,18339.635,17239.0,686.365,1787.0,0.036075,0.093924,9,1,Monday,-0.5,18.5,0.0
2025-01-13 10:00:00,19130.0,18415.031,17505.0,714.969,1625.0,0.037374,0.084945,10,1,Monday,-1.2,19.2,0.0
2025-01-13 11:00:00,19295.0,18430.53,17663.0,864.47,1632.0,0.044803,0.084581,11,1,Monday,-1.2,19.2,0.0
2025-01-13 12:00:00,19291.0,18527.842,17819.0,763.158,1472.0,0.03956,0.076305,12,1,Monday,-1.1,19.1,0.0
2025-01-13 13:00:00,19404.0,18424.652,17620.0,979.348,1784.0,0.050471,0.09194,13,1,Monday,-1.2,19.2,0.0
2025-01-13 14:00:00,19408.0,18433.543,17644.0,974.457,1764.0,0.050209,0.09089,14,1,Monday,-1.3,19.3,0.0
2025-01-13 15:00:00,19428.0,18615.633,18103.0,812.367,1325.0,0.041814,0.068201,15,1,Monday,-1.7,19.7,0.0
2025-01-13 16:00:00,19831.0,19123.256,18823.0,707.744,1008.0,0.035689,0.05083,16,1,Monday,-2.2,20.2,0.0
2025-01-13 17:00:00,20376.0,19590.95,19509.0,785.05,867.0,0.038528,0.04255,17,1,Monday,-2.8,20.8,0.0
2025-01-13 18:00:00,20105.0,19572.453,19333.0,532.547,772.0,0.026488,0.038398,18,1,Monday,-3.8,21.8,0.0
2025-01-13 19:00:00,19685.0,19362.393,18883.0,322.607,802.0,0.016388,0.040742,19,1,Monday,-4.3,22.3,0.0
2025-01-13 20:00:00,19228.0,18931.186,18349.0,296.814,879.0,0.015437,0.045715,20,1,Monday,-4.0,22.0,0.0
2025-01-13 21:00:00,18583.0,18389.525,17678.0,193.475,905.0,0.010411,0.0487,21,1,Monday,-4.5,22.5,0.0
2025-01-13 22:00:00,17534.0,17440.043,16960.0,93.957,574.0,0.005359,0.032736,22,1,Monday,-5.1,23.1,0.0
2025-01-13 23:00:00,16712.0,16884.938,16237.0,172.938,475.0,0.010348,0.028423,23,1,Monday,-5.8,23.8,0.0
2025-01-14 00:00:00,16149.0,16083.571,15650.0,65.429,499.0,0.004052,0.0309,0,1,Tuesday,-7.0,25.0,0.0
2025-01-14 01:00:00,15745.0,15531.435,15101.0,213.565,644.0,0.013564,0.040902,1,1,Tuesday,-7.7,25.7,0.0
2025-01-14 02:00:00,15695.0,15459.459,14929.0,235.541,766.0,0.015007,0.048805,2,1,Tuesday,-8.1,26.1,0.0
2025-01-14 03:00:00,15712.0,15508.783,15127.0,203.217,585.0,0.012934,0.037233,3,1,Tuesday,-8.0,26.0,0.0
2025-01-14 04:00:00,16065.0,15789.767,15238.0,275.233,827.0,0.017132,0.051478,4,1,Tuesday,-7.9,25.9,0.0
2025-01-14 05:00:00,16622.0,16472.297,15848.0,149.703,774.0,0.009006,0.046565,5,1,Tuesday,-8.0,26.0,0.0
2025-01-14 06:00:00,17746.0,17505.146,16963.0,240.854,783.0,0.013572,0.044123,6,1,Tuesday,-8.1,26.1,0.0
2025-01-14 07:00:00,19285.0,18612.174,18250.0,672.826,1035.0,0.034889,0.053669,7,1,Tuesday,-8.3,26.3,0.0
2025-01-14 08:00:00,19698.0,18791.758,18879.0,906.242,819.0,0.046007,0.041578,8,1,Tuesday,-7.3,25.3,0.0
2025-01-14 09:00:00,19749.0,18979.043,19026.0,769.957,723.0,0.038987,0.036609,9,1,Tuesday,-7.5,25.5,0.0
2025-01-14 10:00:00,19744.0,18970.156,19130.0,773.844,614.0,0.039194,0.031098,10,1,Tuesday,-7.4,25.4,0.0
2025-01-14 11:00:00,19495.0,19028.672,19295.0,466.328,200.0,0.02392,0.010259,11,1,Tuesday,-7.1,25.1,0.0
2025-01-14 12:00:00,19477.0,18950.498,19291.0,526.502,186.0,0.027032,0.00955,12,1,Tuesday,-6.9,24.9,0.0
2025-01-14 13:00:00,19433.0,18962.238,19404.0,470.762,29.0,0.024225,0.001492,13,1,Tuesday,-6.6,24.6,0.0
2025-01-14 14:00:00,19432.0,18970.252,19408.0,461.748,24.0,0.023762,0.001235,14,1,Tuesday,-6.6,24.6,0.0
2025-01-14 15:00:00,19770.0,19091.84,19428.0,678.16,342.0,0.034302,0.017299,15,1,Tuesday,-6.9,24.9,0.0
2025-01-14 16:00:00,20211.0,19881.645,19831.0,329.355,380.0,0.016296,0.018802,16,1,Tuesday,-7.4,25.4,0.0
2025-01-14 17:00:00,20685.0,20374.018,20376.0,310.982,309.0,0.015034,0.014938,17,1,Tuesday,-8.0,26.0,0.0
2025-01-14 18:00:00,20482.0,20301.502,20105.0,180.498,377.0,0.008813,0.018406,18,1,Tuesday,-8.3,26.3,0.0
2025-01-14 19:00:00,20236.0,20061.465,19685.0,174.535,551.0,0.008625,0.027229,19,1,Tuesday,-8.4,26.4,0.0
2025-01-14 20:00:00,19901.0,19593.514,19228.0,307.486,673.0,0.015451,0.033817,20,1,Tuesday,-8.4,26.4,0.0
2025-01-14 21:00:00,19376.0,18761.986,18583.0,614.014,793.0,0.031689,0.040927,21,1,Tuesday,-7.9,25.9,0.0
2025-01-14 22:00:00,18317.0,17686.936,17534.0,630.064,783.0,0.034398,0.042747,22,1,Tuesday,-6.9,24.9,0.0
2025-01-14 23:00:00,17449.0,16889.652,16712.0,559.348,737.0,0.032056,0.042237,23,1,Tuesday,-6.2,24.2,0.0
2025-01-15 00:00:00,16681.0,16187.136,16149.0,493.864,532.0,0.029606,0.031893,0,1,Wednesday,-6.2,24.2,0.0
2025-01-15 01:00:00,16229.0,15703.818,15745.0,525.182,484.0,0.032361,0.029823,1,1,Wednesday,-6.7,24.7,0.0
2025-01-15 02:00:00,16121.0,15744.15,15695.0,376.85,426.0,0.023376,0.026425,2,1,Wednesday,-7.1,25.1,0.0
2025-01-15 03:00:00,16081.0,15747.917,15712.0,333.083,369.0,0.020713,0.022946,3,1,Wednesday,-6.8,24.8,0.0
2025-01-15 04:00:00,16206.0,16092.22,16065.0,113.78,141.0,0.007021,0.0087,4,1,Wednesday,-7.1,25.1,0.0
2025-01-15 05:00:00,16844.0,16950.316,16622.0,106.316,222.0,0.006312,0.01318,5,1,Wednesday,-7.3,25.3,0.0
2025-01-15 06:00:00,18194.0,17945.146,17746.0,248.854,448.0,0.013678,0.024624,6,1,Wednesday,-7.5,25.5,0.0
2025-01-15 07:00:00,19926.0,19011.97,19285.0,914.03,641.0,0.045871,0.032169,7,1,Wednesday,-8.3,26.3,0.0
2025-01-15 08:00:00,20064.0,19512.945,19698.0,551.055,366.0,0.027465,0.018242,8,1,Wednesday,-9.2,27.2,0.0
2025-01-15 09:00:00,20087.0,19386.074,19749.0,700.926,338.0,0.034895,0.016827,9,1,Wednesday,-8.8,26.8,0.0
2025-01-15 10:00:00,20048.0,19232.408,19744.0,815.592,304.0,0.040682,0.015164,10,1,Wednesday,-7.6,25.6,0.0
2025-01-15 11:00:00,19755.0,19004.635,19495.0,750.365,260.0,0.037984,0.013161,11,1,Wednesday,-6.2,24.2,0.0
2025-01-15 12:00:00,19275.0,18979.027,19477.0,295.973,202.0,0.015355,0.01048,12,1,Wednesday,-5.2,23.2,0.0
2025-01-15 13:00:00,19228.0,18843.844,19433.0,384.156,205.0,0.019979,0.010662,13,1,Wednesday,-4.8,22.8,0.0
2025-01-15 14:00:00,19297.0,18778.717,19432.0,518.283,135.0,0.026858,0.006996,14,1,Wednesday,-4.3,22.3,0.0
2025-01-15 15:00:00,19616.0,18981.135,19770.0,634.865,154.0,0.032365,0.007851,15,1,Wednesday,-3.6,21.6,0.0
2025-01-15 16:00:00,20249.0,19599.533,20211.0,649.467,38.0,0.032074,0.001877,16,1,Wednesday,-4.2,22.2,0.0
2025-01-15 17:00:00,20834.0,20026.871,20685.0,807.129,149.0,0.038741,0.007152,17,1,Wednesday,-5.0,23.0,0.0
2025-01-15 18:00:00,20638.0,20154.033,20482.0,483.967,156.0,0.02345,0.007559,18,1,Wednesday,-5.7,23.7,0.0
2025-01-15 19:00:00,20237.0,19969.865,20236.0,267.135,1.0,0.0132,4.9e-05,19,1,Wednesday,-6.2,24.2,0.0
2025-01-15 20:00:00,19840.0,19759.244,19901.0,80.756,61.0,0.00407,0.003075,20,1,Wednesday,-6.9,24.9,0.0
2025-01-15 21:00:00,19175.0,18891.658,19376.0,283.342,201.0,0.014777,0.010482,21,1,Wednesday,-6.8,24.8,0.0
2025-01-15 22:00:00,18066.0,18225.436,18317.0,159.436,251.0,0.008825,0.013894,22,1,Wednesday,-6.6,24.6,0.0
2025-01-15 23:00:00,16986.0,17483.32,17449.0,497.32,463.0,0.029278,0.027258,23,1,Wednesday,-6.5,24.5,0.0
2025-01-16 00:00:00,16303.0,16822.047,16681.0,519.047,378.0,0.031838,0.023186,0,1,Thursday,-6.8,24.8,0.0
2025-01-16 01:00:00,15969.0,16275.095,16229.0,306.095,260.0,0.019168,0.016282,1,1,Thursday,-7.6,25.6,0.0
2025-01-16 02:00:00,15882.0,16214.251,16121.0,332.251,239.0,0.02092,0.015048,2,1,Thursday,-8.0,26.0,0.0
2025-01-16 03:00:00,15906.0,16228.765,16081.0,322.765,175.0,0.020292,0.011002,3,1,Thursday,-7.4,25.4,0.0
2025-01-16 04:00:00,16215.0,16351.136,16206.0,136.136,9.0,0.008396,0.000555,4,1,Thursday,-6.6,24.6,0.0
2025-01-16 05:00:00,16723.0,16987.258,16844.0,264.258,121.0,0.015802,0.007236,5,1,Thursday,-6.1,24.1,0.0
2025-01-16 06:00:00,17873.0,18089.676,18194.0,216.676,321.0,0.012123,0.01796,6,1,Thursday,-6.1,24.1,0.0
2025-01-16 07:00:00,19385.0,19077.37,19926.0,307.63,541.0,0.015869,0.027908,7,1,Thursday,-6.2,24.2,0.0
2025-01-16 08:00:00,19728.0,19056.611,20064.0,671.389,336.0,0.034032,0.017032,8,1,Thursday,-5.5,23.5,0.0
2025-01-16 09:00:00,19987.0,19077.992,20087.0,909.008,100.0,0.04548,0.005003,9,1,Thursday,-5.6,23.6,0.0
2025-01-16 10:00:00,20212.0,19081.525,20048.0,1130.475,164.0,0.055931,0.008114,10,1,Thursday,-5.9,23.9,0.0
2025-01-16 11:00:00,19960.0,19056.613,19755.0,903.387,205.0,0.04526,0.010271,11,1,Thursday,-5.6,23.6,0.0
2025-01-16 12:00:00,19982.0,18853.854,19275.0,1128.146,707.0,0.056458,0.035382,12,1,Thursday,-5.5,23.5,0.0
2025-01-16 13:00:00,19997.0,18848.635,19228.0,1148.365,769.0,0.057427,0.038456,13,1,Thursday,-5.1,23.1,0.0
2025-01-16 14:00:00,20055.0,18849.941,19297.0,1205.059,758.0,0.060088,0.037796,14,1,Thursday,-5.0,23.0,0.0
2025-01-16 15:00:00,20148.0,19084.967,19616.0,1063.033,532.0,0.052761,0.026405,15,1,Thursday,-4.8,22.8,0.0
2025-01-16 16:00:00,20592.0,19589.428,20249.0,1002.572,343.0,0.048687,0.016657,16,1,Thursday,-4.8,22.8,0.0
2025-01-16 17:00:00,21037.0,20018.412,20834.0,1018.588,203.0,0.048419,0.00965,17,1,Thursday,-4.9,22.9,0.0
2025-01-16 18:00:00,20598.0,20000.76,20638.0,597.24,40.0,0.028995,0.001942,18,1,Thursday,-5.1,23.1,0.0
2025-01-16 19:00:00,20239.0,19758.518,20237.0,480.482,2.0,0.02374,9.9e-05,19,1,Thursday,-4.9,22.9,0.0
2025-01-16 20:00:00,19825.0,19418.918,19840.0,406.082,15.0,0.020483,0.000757,20,1,Thursday,-4.2,22.2,0.0
2025-01-16 21:00:00,19106.0,18744.105,19175.0,361.895,69.0,0.018941,0.003611,21,1,Thursday,-4.9,22.9,0.0
2025-01-16 22:00:00,17975.0,17820.205,18066.0,154.795,91.0,0.008612,0.005063,22,1,Thursday,-4.6,22.6,0.0
2025-01-16 23:00:00,16996.0,16878.96,16986.0,117.04,10.0,0.006886,0.000588,23,1,Thursday,-3.6,21.6,0.0
2025-01-17 00:00:00,16348.0,16316.155,16303.0,31.845,45.0,0.001948,0.002753,0,1,Friday,-2.7,20.7,0.0
2025-01-17 01:00:00,15941.0,15731.506,15969.0,209.494,28.0,0.013142,0.001756,1,1,Friday,-1.7,19.7,0.0
2025-01-17 02:00:00,15744.0,15610.713,15882.0,133.287,138.0,0.008466,0.008765,2,1,Friday,-0.8,18.8,0.0
2025-01-17 03:00:00,15782.0,15621.431,15906.0,160.569,124.0,0.010174,0.007857,3,1,Friday,-0.9,18.9,0.0
2025-01-17 04:00:00,15913.0,15959.986,16215.0,46.986,302.0,0.002953,0.018978,4,1,Friday,-1.6,19.6,0.0
2025-01-17 05:00:00,16419.0,16587.87,16723.0,168.87,304.0,0.010285,0.018515,5,1,Friday,-2.0,20.0,0.0
2025-01-17 06:00:00,17386.0,17517.408,17873.0,131.408,487.0,0.007558,0.028011,6,1,Friday,-2.4,20.4,0.0
2025-01-17 07:00:00,18702.0,18510.36,19385.0,191.64,683.0,0.010247,0.03652,7,1,Friday,-2.3,20.3,0.0
2025-01-17 08:00:00,19236.0,18675.006,19728.0,560.994,492.0,0.029164,0.025577,8,1,Friday,-1.5,19.5,0.0
2025-01-17 09:00:00,19245.0,18687.822,19987.0,557.178,742.0,0.028952,0.038555,9,1,Friday,-1.5,19.5,0.0
2025-01-17 10:00:00,19117.0,18719.58,20212.0,397.42,1095.0,0.020789,0.057279,10,1,Friday,-1.4,19.4,0.0
2025-01-17 11:00:00,18654.0,18677.062,19960.0,23.062,1306.0,0.001236,0.070012,11,1,Friday,-1.0,19.0,0.0
2025-01-17 12:00:00,18199.0,18688.361,19982.0,489.361,1783.0,0.026889,0.097972,12,1,Friday,-0.7,18.7,0.0
2025-01-17 13:00:00,18119.0,18601.082,19997.0,482.082,1878.0,0.026606,0.103648,13,1,Friday,-0.1,18.1,0.0
2025-01-17 14:00:00,18140.0,18548.125,20055.0,408.125,1915.0,0.022499,0.105568,14,1,Friday,0.7,17.3,0.0
2025-01-17 15:00:00,18340.0,18587.293,20148.0,247.293,1808.0,0.013484,0.098582,15,1,Friday,1.4,16.6,0.0
2025-01-17 16:00:00,19009.0,18940.383,20592.0,68.617,1583.0,0.00361,0.083276,16,1,Friday,1.4,16.6,0.0
2025-01-17 17:00:00,19632.0,19099.492,21037.0,532.508,1405.0,0.027124,0.071567,17,1,Friday,1.2,16.8,0.0
2025-01-17 18:00:00,19137.0,19070.918,20598.0,66.082,1461.0,0.003453,0.076344,18,1,Friday,1.3,16.7,0.0
2025-01-17 19:00:00,18757.0,18771.283,20239.0,14.283,1482.0,0.000761,0.079011,19,1,Friday,1.3,16.7,0.0
2025-01-17 20:00:00,18438.0,18556.607,19825.0,118.607,1387.0,0.006433,0.075225,20,1,Friday,2.0,16.0,0.0
2025-01-17 21:00:00,17961.0,18052.621,19106.0,91.621,1145.0,0.005101,0.063749,21,1,Friday,1.8,16.2,0.0
2025-01-17 22:00:00,17016.0,17252.654,17975.0,236.654,959.0,0.013908,0.056359,22,1,Friday,1.9,16.1,0.0
2025-01-17 23:00:00,16111.0,16484.547,16996.0,373.547,885.0,0.023186,0.054931,23,1,Friday,2.0,16.0,0.0
2025-01-18 00:00:00,15371.0,15552.868,16348.0,181.868,977.0,0.011832,0.063561,0,1,Saturday,2.2,15.8,0.0
2025-01-18 01:00:00,14903.0,15251.634,15941.0,348.634,1038.0,0.023394,0.06965,1,1,Saturday,2.1,15.9,0.0
2025-01-18 02:00:00,14681.0,14976.095,15744.0,295.095,1063.0,0.0201,0.072407,2,1,Saturday,2.1,15.9,0.0
2025-01-18 03:00:00,14524.0,14990.149,15782.0,466.149,1258.0,0.032095,0.086615,3,1,Saturday,2.1,15.9,0.0
2025-01-18 04:00:00,14584.0,14886.497,15913.0,302.497,1329.0,0.020742,0.091127,4,1,Saturday,2.2,15.8,0.0
2025-01-18 05:00:00,15011.0,15034.672,16419.0,23.672,1408.0,0.001577,0.093798,5,1,Saturday,2.5,15.5,0.0
2025-01-18 06:00:00,15586.0,15643.28,17386.0,57.28,1800.0,0.003675,0.115488,6,1,Saturday,2.5,15.5,0.0
2025-01-18 07:00:00,16329.0,16699.604,18702.0,370.604,2373.0,0.022696,0.145324,7,1,Saturday,2.3,15.7,0.0
2025-01-18 08:00:00,16969.0,17346.805,19236.0,377.805,2267.0,0.022264,0.133597,8,1,Saturday,2.1,15.9,0.0
2025-01-18 09:00:00,17578.0,17608.78,19245.0,30.78,1667.0,0.001751,0.094834,9,1,Saturday,1.9,16.1,0.0
2025-01-18 10:00:00,17976.0,17776.707,19117.0,199.293,1141.0,0.011087,0.063474,10,1,Saturday,1.7,16.3,0.0
2025-01-18 11:00:00,18111.0,17527.22,18654.0,583.78,543.0,0.032233,0.029982,11,1,Saturday,1.7,16.3,0.0
2025-01-18 12:00:00,18227.0,17294.31,18199.0,932.69,28.0,0.051171,0.001536,12,1,Saturday,1.6,16.4,0.0
2025-01-18 13:00:00,18271.0,17259.768,18119.0,1011.232,152.0,0.055346,0.008319,13,1,Saturday,1.3,16.7,0.0
2025-01-18 14:00:00,18363.0,17310.584,18140.0,1052.416,223.0,0.057312,0.012144,14,1,Saturday,0.4,17.6,0.0
2025-01-18 15:00:00,18283.0,17588.033,18340.0,694.967,57.0,0.038012,0.003118,15,1,Saturday,-0.8,18.8,0.0
2025-01-18 16:00:00,18603.0,18375.66,19009.0,227.34,406.0,0.012221,0.021824,16,1,Saturday,-1.6,19.6,0.0
2025-01-18 17:00:00,19178.0,18882.443,19632.0,295.557,454.0,0.015411,0.023673,17,1,Saturday,-2.1,20.1,0.0
2025-01-18 18:00:00,19341.0,18653.531,19137.0,687.469,204.0,0.035545,0.010548,18,1,Saturday,-2.7,20.7,0.0
2025-01-18 19:00:00,19057.0,18297.043,18757.0,759.957,300.0,0.039878,0.015742,19,1,Saturday,-3.0,21.0,0.0
2025-01-18 20:00:00,18675.0,17951.828,18438.0,723.172,237.0,0.038724,0.012691,20,1,Saturday,-3.2,21.2,0.0
2025-01-18 21:00:00,18162.0,17200.19,17961.0,961.81,201.0,0.052957,0.011067,21,1,Saturday,-3.7,21.7,0.0
2025-01-18 22:00:00,17272.0,16552.932,17016.0,719.068,256.0,0.041632,0.014822,22,1,Saturday,-4.1,22.1,0.0
2025-01-18 23:00:00,16423.0,15923.174,16111.0,499.826,312.0,0.030435,0.018998,23,1,Saturday,-4.5,22.5,0.0
2025-01-19 00:00:00,16129.0,15410.963,15371.0,718.037,758.0,0.044518,0.046996,0,1,Sunday,-5.0,23.0,0.0
2025-01-19 01:00:00,16001.0,15128.931,14903.0,872.069,1098.0,0.054501,0.068621,1,1,Sunday,-5.6,23.6,0.0
2025-01-19 02:00:00,15950.0,14811.016,14681.0,1138.984,1269.0,0.07141,0.079561,2,1,Sunday,-6.2,24.2,0.0
2025-01-19 03:00:00,15803.0,14741.959,14524.0,1061.041,1279.0,0.067142,0.080934,3,1,Sunday,-6.7,24.7,0.0
2025-01-19 04:00:00,15839.0,14685.606,14584.0,1153.394,1255.0,0.07282,0.079235,4,1,Sunday,-7.1,25.1,0.0
2025-01-19 05:00:00,16010.0,15017.361,15011.0,992.639,999.0,0.062001,0.062399,5,1,Sunday,-7.3,25.3,0.0
2025-01-19 06:00:00,16194.0,15550.383,15586.0,643.617,608.0,0.039744,0.037545,6,1,Sunday,-7.7,25.7,0.0
2025-01-19 07:00:00,16972.0,16218.212,16329.0,753.788,643.0,0.044414,0.037886,7,1,Sunday,-8.2,26.2,0.0
2025-01-19 08:00:00,17738.0,16486.955,16969.0,1251.045,769.0,0.070529,0.043353,8,1,Sunday,-7.2,25.2,0.0
2025-01-19 09:00:00,18208.0,17181.86,17578.0,1026.14,630.0,0.056357,0.0346,9,1,Sunday,-7.2,25.2,0.0
2025-01-19 10:00:00,18637.0,17391.91,17976.0,1245.09,661.0,0.066807,0.035467,10,1,Sunday,-6.8,24.8,0.0
2025-01-19 11:00:00,18871.0,17509.475,18111.0,1361.525,760.0,0.072149,0.040273,11,1,Sunday,-6.3,24.3,0.0
2025-01-19 12:00:00,18866.0,17527.2,18227.0,1338.8,639.0,0.070964,0.03387,12,1,Sunday,-5.8,23.8,0.0
2025-01-19 13:00:00,18616.0,17466.033,18271.0,1149.967,345.0,0.061773,0.018532,13,1,Sunday,-5.6,23.6,0.0
2025-01-19 14:00:00,18743.0,17502.072,18363.0,1240.928,380.0,0.066208,0.020274,14,1,Sunday,-5.3,23.3,0.0
2025-01-19 15:00:00,19059.0,17716.525,18283.0,1342.475,776.0,0.070438,0.040716,15,1,Sunday,-5.4,23.4,0.0
2025-01-19 16:00:00,19786.0,18463.115,18603.0,1322.885,1183.0,0.06686,0.05979,16,1,Sunday,-5.8,23.8,0.0
2025-01-19 17:00:00,20828.0,19112.674,19178.0,1715.326,1650.0,0.082357,0.07922,17,1,Sunday,-6.3,24.3,0.0
2025-01-19 18:00:00,20746.0,19206.844,19341.0,1539.156,1405.0,0.07419,0.067724,18,1,Sunday,-6.5,24.5,0.0
2025-01-19 19:00:00,20266.0,19236.988,19057.0,1029.012,1209.0,0.050775,0.059657,19,1,Sunday,-7.0,25.0,0.0
2025-01-19 20:00:00,19469.0,18629.076,18675.0,839.924,794.0,0.043142,0.040783,20,1,Sunday,-7.2,25.2,0.0
2025-01-19 21:00:00,18720.0,17884.002,18162.0,835.998,558.0,0.044658,0.029808,21,1,Sunday,-7.3,25.3,0.0
2025-01-19 22:00:00,17922.0,17220.479,17272.0,701.521,650.0,0.039143,0.036268,22,1,Sunday,-8.9,26.9,0.0
2025-01-19 23:00:00,17221.0,16602.916,16423.0,618.084,798.0,0.035891,0.046339,23,1,Sunday,-9.2,27.2,0.0
2025-01-20 00:00:00,16883.0,16359.71,16129.0,523.29,754.0,0.030995,0.04466,0,1,Monday,-9.6,27.6,0.0
2025-01-20 01:00:00,16590.0,16186.708,16001.0,403.292,589.0,0.024309,0.035503,1,1,Monday,-10.8,28.8,0.0
2025-01-20 02:00:00,16892.0,16279.494,15950.0,612.506,942.0,0.03626,0.055766,2,1,Monday,-11.6,29.6,0.0
2025-01-20 03:00:00,16966.0,16420.744,15803.0,545.256,1163.0,0.032138,0.068549,3,1,Monday,-12.3,30.3,0.0
2025-01-20 04:00:00,17050.0,16857.691,15839.0,192.309,1211.0,0.011279,0.071026,4,1,Monday,-13.3,31.3,0.0
2025-01-20 05:00:00,17715.0,17384.777,16010.0,330.223,1705.0,0.018641,0.096246,5,1,Monday,-14.1,32.1,0.0
2025-01-20 06:00:00,19001.0,18120.902,16194.0,880.098,2807.0,0.046319,0.147729,6,1,Monday,-14.7,32.7,0.0
2025-01-20 07:00:00,20305.0,19024.17,16972.0,1280.83,3333.0,0.06308,0.164147,7,1,Monday,-15.6,33.6,0.0
2025-01-20 08:00:00,20459.0,19357.186,17738.0,1101.814,2721.0,0.053855,0.132998,8,1,Monday,-15.5,33.5,0.0
2025-01-20 09:00:00,20257.0,19646.557,18208.0,610.443,2049.0,0.030135,0.10115,9,1,Monday,-15.5,33.5,0.0
2025-01-20 10:00:00,20080.0,19703.668,18637.0,376.332,1443.0,0.018742,0.071863,10,1,Monday,-14.1,32.1,0.0
2025-01-20 11:00:00,19547.0,19687.166,18871.0,140.166,676.0,0.007171,0.034583,11,1,Monday,-12.1,30.1,0.0
2025-01-20 12:00:00,19350.0,19596.072,18866.0,246.072,484.0,0.012717,0.025013,12,1,Monday,-10.5,28.5,0.0
2025-01-20 13:00:00,19557.0,19609.25,18616.0,52.25,941.0,0.002672,0.048116,13,1,Monday,-10.5,28.5,0.0
2025-01-20 14:00:00,19650.0,19609.125,18743.0,40.875,907.0,0.00208,0.046158,14,1,Monday,-10.8,28.8,0.0
2025-01-20 15:00:00,19977.0,19629.133,19059.0,347.867,918.0,0.017413,0.045953,15,1,Monday,-11.1,29.1,0.0
2025-01-20 16:00:00,20707.0,20229.443,19786.0,477.557,921.0,0.023063,0.044478,16,1,Monday,-11.5,29.5,0.0
2025-01-20 17:00:00,21579.0,20713.592,20828.0,865.408,751.0,0.040104,0.034802,17,1,Monday,-12.0,30.0,0.0
2025-01-20 18:00:00,21701.0,20725.252,20746.0,975.748,955.0,0.044963,0.044007,18,1,Monday,-12.6,30.6,0.0
2025-01-20 19:00:00,21422.0,20510.184,20266.0,911.816,1156.0,0.042564,0.053963,19,1,Monday,-13.2,31.2,0.0
2025-01-20 20:00:00,21164.0,19965.998,19469.0,1198.002,1695.0,0.056606,0.080089,20,1,Monday,-13.1,31.1,0.0
2025-01-20 21:00:00,20321.0,19382.432,18720.0,938.568,1601.0,0.046187,0.078785,21,1,Monday,-13.2,31.2,0.0
2025-01-20 22:00:00,19287.0,18664.846,17922.0,622.154,1365.0,0.032258,0.070773,22,1,Monday,-13.3,31.3,0.0
2025-01-20 23:00:00,18398.0,17685.775,17221.0,712.225,1177.0,0.038712,0.063974,23,1,Monday,-13.4,31.4,0.0
2025-01-21 00:00:00,17643.0,17070.176,16883.0,572.824,760.0,0.032467,0.043077,0,1,Tuesday,-13.6,31.6,0.0
2025-01-21 01:00:00,17399.0,16622.152,16590.0,776.848,809.0,0.044649,0.046497,1,1,Tuesday,-13.8,31.8,0.0
2025-01-21 02:00:00,17408.0,16880.117,16892.0,527.883,516.0,0.030324,0.029642,2,1,Tuesday,-14.1,32.1,0.0
2025-01-21 03:00:00,17484.0,17044.824,16966.0,439.176,518.0,0.025119,0.029627,3,1,Tuesday,-14.4,32.4,0.0
2025-01-21 04:00:00,17795.0,17376.906,17050.0,418.094,745.0,0.023495,0.041866,4,1,Tuesday,-14.6,32.6,0.0
2025-01-21 05:00:00,18174.0,17923.49,17715.0,250.51,459.0,0.013784,0.025256,5,1,Tuesday,-15.0,33.0,0.0
2025-01-21 06:00:00,19142.0,19062.564,19001.0,79.436,141.0,0.00415,0.007366,6,1,Tuesday,-15.3,33.3,0.0
2025-01-21 07:00:00,20579.0,19698.016,20305.0,880.984,274.0,0.04281,0.013315,7,1,Tuesday,-15.5,33.5,0.0
2025-01-21 08:00:00,20822.0,19721.781,20459.0,1100.219,363.0,0.052839,0.017433,8,1,Tuesday,-15.5,33.5,0.0
2025-01-21 09:00:00,20301.0,19685.22,20257.0,615.78,44.0,0.030332,0.002167,9,1,Tuesday,-14.9,32.9,0.0
2025-01-21 10:00:00,19958.0,19589.254,20080.0,368.746,122.0,0.018476,0.006113,10,1,Tuesday,-13.5,31.5,0.0
2025-01-21 11:00:00,19711.0,19519.438,19547.0,191.562,164.0,0.009719,0.00832,11,1,Tuesday,-12.4,30.4,0.0
2025-01-21 12:00:00,19547.0,19405.615,19350.0,141.385,197.0,0.007233,0.010078,12,1,Tuesday,-11.7,29.7,0.0
2025-01-21 13:00:00,19452.0,19482.146,19557.0,30.146,105.0,0.00155,0.005398,13,1,Tuesday,-11.4,29.4,0.0
2025-01-21 14:00:00,19736.0,19572.164,19650.0,163.836,86.0,0.008301,0.004358,14,1,Tuesday,-11.4,29.4,0.0
2025-01-21 15:00:00,20202.0,19686.816,19977.0,515.184,225.0,0.025502,0.011138,15,1,Tuesday,-11.5,29.5,0.0
2025-01-21 16:00:00,20785.0,20149.658,20707.0,635.342,78.0,0.030567,0.003753,16,1,Tuesday,-11.9,29.9,0.0
2025-01-21 17:00:00,21602.0,20678.365,21579.0,923.635,23.0,0.042757,0.001065,17,1,Tuesday,-12.6,30.6,0.0
2025-01-21 18:00:00,21575.0,20678.365,21701.0,896.635,126.0,0.041559,0.00584,18,1,Tuesday,-13.1,31.1,0.0
2025-01-21 19:00:00,21407.0,20555.115,21422.0,851.885,15.0,0.039795,0.000701,19,1,Tuesday,-13.6,31.6,0.0
2025-01-21 20:00:00,20997.0,20209.94,21164.0,787.06,167.0,0.037484,0.007954,20,1,Tuesday,-14.6,32.6,0.0
2025-01-21 21:00:00,20486.0,19784.74,20321.0,701.26,165.0,0.034231,0.008054,21,1,Tuesday,-15.2,33.2,0.0
2025-01-21 22:00:00,19470.0,19253.307,19287.0,216.693,183.0,0.01113,0.009399,22,1,Tuesday,-15.5,33.5,0.0
2025-01-21 23:00:00,18611.0,18513.477,18398.0,97.523,213.0,0.00524,0.011445,23,1,Tuesday,-15.7,33.7,0.0
2025-01-22 00:00:00,18111.0,17555.316,17643.0,555.684,468.0,0.030682,0.025841,0,1,Wednesday,-15.8,33.8,0.0
2025-01-22 01:00:00,17909.0,17223.545,17399.0,685.455,510.0,0.038274,0.028477,1,1,Wednesday,-16.1,34.1,0.0
2025-01-22 02:00:00,17706.0,17273.264,17408.0,432.736,298.0,0.02444,0.01683,2,1,Wednesday,-16.3,34.3,0.0
2025-01-22 03:00:00,17709.0,17514.465,17484.0,194.535,225.0,0.010985,0.012705,3,1,Wednesday,-16.4,34.4,0.0
2025-01-22 04:00:00,17832.0,17815.004,17795.0,16.996,37.0,0.000953,0.002075,4,1,Wednesday,-16.6,34.6,0.0
2025-01-22 05:00:00,18287.0,18131.121,18174.0,155.879,113.0,0.008524,0.006179,5,1,Wednesday,-16.9,34.9,0.0
2025-01-22 06:00:00,19511.0,19046.695,19142.0,464.305,369.0,0.023797,0.018912,6,1,Wednesday,-17.1,35.1,0.0
2025-01-22 07:00:00,20965.0,19718.53,20579.0,1246.47,386.0,0.059455,0.018412,7,1,Wednesday,-17.3,35.3,0.0
2025-01-22 08:00:00,20944.0,19755.465,20822.0,1188.535,122.0,0.056748,0.005825,8,1,Wednesday,-18.6,36.6,0.0
2025-01-22 09:00:00,20305.0,19728.842,20301.0,576.158,4.0,0.028375,0.000197,9,1,Wednesday,-18.1,36.1,0.0
2025-01-22 10:00:00,20263.0,19526.662,19958.0,736.338,305.0,0.036339,0.015052,10,1,Wednesday,-16.3,34.3,0.0
2025-01-22 11:00:00,20425.0,19459.791,19711.0,965.209,714.0,0.047256,0.034957,11,1,Wednesday,-14.3,32.3,0.0
2025-01-22 12:00:00,20242.0,19380.719,19547.0,861.281,695.0,0.042549,0.034335,12,1,Wednesday,-12.1,30.1,0.0
2025-01-22 13:00:00,20394.0,19257.445,19452.0,1136.555,942.0,0.05573,0.04619,13,1,Wednesday,-10.9,28.9,0.0
2025-01-22 14:00:00,20532.0,19455.668,19736.0,1076.332,796.0,0.052422,0.038769,14,1,Wednesday,-10.6,28.6,0.0
2025-01-22 15:00:00,21125.0,19617.883,20202.0,1507.117,923.0,0.071343,0.043692,15,1,Wednesday,-10.6,28.6,0.0
2025-01-22 16:00:00,21183.0,20080.777,20785.0,1102.223,398.0,0.052033,0.018789,16,1,Wednesday,-10.4,28.4,0.0
2025-01-22 17:00:00,21940.0,20538.818,21602.0,1401.182,338.0,0.063864,0.015406,17,1,Wednesday,-10.2,28.2,0.0
2025-01-22 18:00:00,21656.0,20528.658,21575.0,1127.342,81.0,0.052057,0.00374,18,1,Wednesday,-9.6,27.6,0.0
2025-01-22 19:00:00,21407.0,20374.459,21407.0,1032.541,0.0,0.048234,0.0,19,1,Wednesday,-9.2,27.2,0.0
2025-01-22 20:00:00,21199.0,19997.957,20997.0,1201.043,202.0,0.056656,0.009529,20,1,Wednesday,-8.7,26.7,0.0
2025-01-22 21:00:00,20469.0,19338.969,20486.0,1130.031,17.0,0.055207,0.000831,21,1,Wednesday,-8.2,26.2,0.0
2025-01-22 22:00:00,19457.0,18709.059,19470.0,747.941,13.0,0.038441,0.000668,22,1,Wednesday,-8.0,26.0,0.0
2025-01-22 23:00:00,18388.0,18020.42,18611.0,367.58,223.0,0.01999,0.012127,23,1,Wednesday,-7.9,25.9,0.0
2025-01-23 00:00:00,17789.0,17575.488,18111.0,213.512,322.0,0.012002,0.018101,0,1,Thursday,-7.8,25.8,0.0
2025-01-23 01:00:00,17393.0,17354.443,17909.0,38.557,516.0,0.002217,0.029667,1,1,Thursday,-7.7,25.7,0.0
2025-01-23 02:00:00,17191.0,17242.605,17706.0,51.605,515.0,0.003002,0.029958,2,1,Thursday,-7.4,25.4,0.0
2025-01-23 03:00:00,17206.0,17246.111,17709.0,40.111,503.0,0.002331,0.029234,3,1,Thursday,-7.3,25.3,0.0
2025-01-23 04:00:00,17423.0,17481.8,17832.0,58.8,409.0,0.003375,0.023475,4,1,Thursday,-7.0,25.0,0.0
2025-01-23 05:00:00,17928.0,17726.01,18287.0,201.99,359.0,0.011267,0.020025,5,1,Thursday,-6.9,24.9,0.0
2025-01-23 06:00:00,18882.0,18510.895,19511.0,371.105,629.0,0.019654,0.033312,6,1,Thursday,-6.8,24.8,0.0
2025-01-23 07:00:00,20156.0,19185.75,20965.0,970.25,809.0,0.048137,0.040137,7,1,Thursday,-6.8,24.8,0.0
2025-01-23 08:00:00,20538.0,19270.652,20944.0,1267.348,406.0,0.061707,0.019768,8,1,Thursday,-7.3,25.3,0.0
2025-01-23 09:00:00,20558.0,19244.379,20305.0,1313.621,253.0,0.063898,0.012307,9,1,Thursday,-7.0,25.0,0.0
2025-01-23 10:00:00,20403.0,19079.662,20263.0,1323.338,140.0,0.06486,0.006862,10,1,Thursday,-6.4,24.4,0.0
2025-01-23 11:00:00,20268.0,19099.307,20425.0,1168.693,157.0,0.057662,0.007746,11,1,Thursday,-5.6,23.6,0.0
2025-01-23 12:00:00,20137.0,19065.16,20242.0,1071.84,105.0,0.053227,0.005214,12,1,Thursday,-5.0,23.0,0.0
2025-01-23 13:00:00,20080.0,19045.898,20394.0,1034.102,314.0,0.051499,0.015637,13,1,Thursday,-4.7,22.7,0.0
2025-01-23 14:00:00,20078.0,19041.977,20532.0,1036.023,454.0,0.0516,0.022612,14,1,Thursday,-4.7,22.7,0.0
2025-01-23 15:00:00,20192.0,19152.41,21125.0,1039.59,933.0,0.051485,0.046206,15,1,Thursday,-4.8,22.8,0.0
2025-01-23 16:00:00,20548.0,19683.31,21183.0,864.69,635.0,0.042081,0.030903,16,1,Thursday,-5.0,23.0,0.0
2025-01-23 17:00:00,21048.0,20135.06,21940.0,912.94,892.0,0.043374,0.042379,17,1,Thursday,-5.2,23.2,0.0
2025-01-23 18:00:00,21064.0,20209.139,21656.0,854.861,592.0,0.040584,0.028105,18,1,Thursday,-5.5,23.5,0.0
2025-01-23 19:00:00,20650.0,20097.736,21407.0,552.264,757.0,0.026744,0.036659,19,1,Thursday,-5.8,23.8,0.0
2025-01-23 20:00:00,20271.0,19759.469,21199.0,511.531,928.0,0.025235,0.04578,20,1,Thursday,-5.9,23.9,0.0
2025-01-23 21:00:00,19651.0,19110.623,20469.0,540.377,818.0,0.027499,0.041626,21,1,Thursday,-6.0,24.0,0.0
2025-01-23 22:00:00,18807.0,18491.664,19457.0,315.336,650.0,0.016767,0.034562,22,1,Thursday,-6.2,24.2,0.0
2025-01-23 23:00:00,17814.0,17830.73,18388.0,16.73,574.0,0.000939,0.032222,23,1,Thursday,-6.9,24.9,0.0
2025-01-24 00:00:00,17223.0,17465.697,17789.0,242.697,566.0,0.014091,0.032863,0,1,Friday,-7.4,25.4,0.0
2025-01-24 01:00:00,16798.0,17069.31,17393.0,271.31,595.0,0.016151,0.035421,1,1,Friday,-8.6,26.6,0.0
2025-01-24 02:00:00,16782.0,16905.191,17191.0,123.191,409.0,0.007341,0.024371,2,1,Friday,-9.4,27.4,0.0
2025-01-24 03:00:00,16892.0,16964.385,17206.0,72.385,314.0,0.004285,0.018589,3,1,Friday,-9.5,27.5,0.0
2025-01-24 04:00:00,17140.0,17214.447,17423.0,74.447,283.0,0.004343,0.016511,4,1,Friday,-9.4,27.4,0.0
2025-01-24 05:00:00,17820.0,17809.062,17928.0,10.938,108.0,0.000614,0.006061,5,1,Friday,-10.1,28.1,0.0
2025-01-24 06:00:00,18708.0,18582.352,18882.0,125.648,174.0,0.006716,0.009301,6,1,Friday,-11.1,29.1,0.0
2025-01-24 07:00:00,20280.0,19464.346,20156.0,815.654,124.0,0.04022,0.006114,7,1,Friday,-11.5,29.5,0.0
2025-01-24 08:00:00,20608.0,19451.02,20538.0,1156.98,70.0,0.056142,0.003397,8,1,Friday,-12.7,30.7,0.0
2025-01-24 09:00:00,20595.0,19443.92,20558.0,1151.08,37.0,0.055891,0.001797,9,1,Friday,-11.6,29.6,0.0
2025-01-24 10:00:00,20346.0,19396.707,20403.0,949.293,57.0,0.046657,0.002802,10,1,Friday,-9.9,27.9,0.0
2025-01-24 11:00:00,19584.0,19161.29,20268.0,422.71,684.0,0.021584,0.034926,11,1,Friday,-8.5,26.5,0.0
2025-01-24 12:00:00,19348.0,19067.053,20137.0,280.947,789.0,0.014521,0.040779,12,1,Friday,-7.5,25.5,0.0
2025-01-24 13:00:00,19416.0,18786.11,20080.0,629.89,664.0,0.032442,0.034199,13,1,Friday,-6.7,24.7,0.0
2025-01-24 14:00:00,19502.0,18713.693,20078.0,788.307,576.0,0.040422,0.029535,14,1,Friday,-6.0,24.0,0.0
2025-01-24 15:00:00,19820.0,18885.08,20192.0,934.92,372.0,0.047171,0.018769,15,1,Friday,-5.8,23.8,0.0
2025-01-24 16:00:00,20439.0,19468.648,20548.0,970.352,109.0,0.047476,0.005333,16,1,Friday,-6.1,24.1,0.0
2025-01-24 17:00:00,21117.0,19909.674,21048.0,1207.326,69.0,0.057173,0.003268,17,1,Friday,-6.7,24.7,0.0
2025-01-24 18:00:00,21019.0,19893.98,21064.0,1125.02,45.0,0.053524,0.002141,18,1,Friday,-6.9,24.9,0.0
2025-01-24 19:00:00,20566.0,19892.877,20650.0,673.123,84.0,0.03273,0.004084,19,1,Friday,-7.4,25.4,0.0
2025-01-24 20:00:00,20248.0,19506.203,20271.0,741.797,23.0,0.036636,0.001136,20,1,Friday,-7.6,25.6,0.0
2025-01-24 21:00:00,19663.0,18814.63,19651.0,848.37,12.0,0.043146,0.00061,21,1,Friday,-8.2,26.2,0.0
2025-01-24 22:00:00,18756.0,18401.025,18807.0,354.975,51.0,0.018926,0.002719,22,1,Friday,-9.2,27.2,0.0
2025-01-24 23:00:00,17851.0,17714.17,17814.0,136.83,37.0,0.007665,0.002073,23,1,Friday,-9.6,27.6,0.0
2025-01-25 00:00:00,17018.0,16385.322,17223.0,632.678,205.0,0.037177,0.012046,0,1,Saturday,-9.5,27.5,0.0
2025-01-25 01:00:00,16617.0,15937.296,16798.0,679.704,181.0,0.040904,0.010892,1,1,Saturday,-9.0,27.0,0.0
2025-01-25 02:00:00,16439.0,15839.003,16782.0,599.997,343.0,0.036498,0.020865,2,1,Saturday,-8.8,26.8,0.0
2025-01-25 03:00:00,16330.0,15919.401,16892.0,410.599,562.0,0.025144,0.034415,3,1,Saturday,-9.1,27.1,0.0
2025-01-25 04:00:00,16251.0,15772.083,17140.0,478.917,889.0,0.02947,0.054704,4,1,Saturday,-9.5,27.5,0.0
2025-01-25 05:00:00,16398.0,16364.178,17820.0,33.822,1422.0,0.002063,0.086718,5,1,Saturday,-9.9,27.9,0.0
2025-01-25 06:00:00,16873.0,16896.838,18708.0,23.838,1835.0,0.001413,0.108754,6,1,Saturday,-9.7,27.7,0.0
2025-01-25 07:00:00,17625.0,17549.012,20280.0,75.988,2655.0,0.004311,0.150638,7,1,Saturday,-8.8,26.8,0.0
2025-01-25 08:00:00,18292.0,17628.877,20608.0,663.123,2316.0,0.036252,0.126613,8,1,Saturday,-7.2,25.2,0.0
2025-01-25 09:00:00,18693.0,17802.604,20595.0,890.396,1902.0,0.047633,0.101749,9,1,Saturday,-6.2,24.2,0.0
2025-01-25 10:00:00,18948.0,18089.383,20346.0,858.617,1398.0,0.045314,0.073781,10,1,Saturday,-5.4,23.4,0.0
2025-01-25 11:00:00,19008.0,18062.973,19584.0,945.027,576.0,0.049717,0.030303,11,1,Saturday,-4.6,22.6,0.0
2025-01-25 12:00:00,18695.0,17893.428,19348.0,801.572,653.0,0.042876,0.034929,12,1,Saturday,-4.0,22.0,0.0
2025-01-25 13:00:00,18334.0,17832.041,19416.0,501.959,1082.0,0.027379,0.059016,13,1,Saturday,-3.2,21.2,0.0
2025-01-25 14:00:00,18347.0,17928.428,19502.0,418.572,1155.0,0.022814,0.062953,14,1,Saturday,-2.7,20.7,0.0
2025-01-25 15:00:00,18542.0,18012.738,19820.0,529.262,1278.0,0.028544,0.068925,15,1,Saturday,-2.5,20.5,0.0
2025-01-25 16:00:00,19113.0,18631.578,20439.0,481.422,1326.0,0.025188,0.069377,16,1,Saturday,-2.5,20.5,0.0
2025-01-25 17:00:00,19600.0,19116.475,21117.0,483.525,1517.0,0.02467,0.077398,17,1,Saturday,-3.2,21.2,0.0
2025-01-25 18:00:00,19453.0,19182.406,21019.0,270.594,1566.0,0.01391,0.080502,18,1,Saturday,-3.7,21.7,0.0
2025-01-25 19:00:00,18943.0,19035.678,20566.0,92.678,1623.0,0.004892,0.085678,19,1,Saturday,-3.8,21.8,0.0
2025-01-25 20:00:00,18395.0,18621.418,20248.0,226.418,1853.0,0.012309,0.100734,20,1,Saturday,-3.2,21.2,0.0
2025-01-25 21:00:00,17874.0,17873.701,19663.0,0.299,1789.0,1.7e-05,0.10009,21,1,Saturday,-3.1,21.1,0.0
2025-01-25 22:00:00,17102.0,17061.746,18756.0,40.254,1654.0,0.002354,0.096714,22,1,Saturday,-1.8,19.8,0.0
2025-01-25 23:00:00,16478.0,16536.248,17851.0,58.248,1373.0,0.003535,0.083323,23,1,Saturday,-1.2,19.2,0.0
2025-01-26 00:00:00,15730.0,15911.621,17018.0,181.621,1288.0,0.011546,0.081882,0,1,Sunday,-0.7,18.7,0.0
2025-01-26 01:00:00,15347.0,15657.018,16617.0,310.018,1270.0,0.020201,0.082752,1,1,Sunday,-1.2,19.2,0.0
2025-01-26 02:00:00,15109.0,15482.982,16439.0,373.982,1330.0,0.024752,0.088027,2,1,Sunday,-1.5,19.5,0.0
2025-01-26 03:00:00,15063.0,15234.357,16330.0,171.357,1267.0,0.011376,0.084113,3,1,Sunday,-1.7,19.7,0.0
2025-01-26 04:00:00,15141.0,15011.862,16251.0,129.138,1110.0,0.008529,0.073311,4,1,Sunday,-2.3,20.3,0.0
2025-01-26 05:00:00,15311.0,15294.254,16398.0,16.746,1087.0,0.001094,0.070995,5,1,Sunday,-2.5,20.5,0.0
2025-01-26 06:00:00,15798.0,15464.732,16873.0,333.268,1075.0,0.021096,0.068047,6,1,Sunday,-2.7,20.7,0.0
2025-01-26 07:00:00,16155.0,16218.666,17625.0,63.666,1470.0,0.003941,0.090994,7,1,Sunday,-2.7,20.7,0.0
2025-01-26 08:00:00,16921.0,16792.773,18292.0,128.227,1371.0,0.007578,0.081024,8,1,Sunday,-3.1,21.1,0.0
2025-01-26 09:00:00,17169.0,17486.467,18693.0,317.467,1524.0,0.018491,0.088765,9,1,Sunday,-3.0,21.0,0.0
2025-01-26 10:00:00,16859.0,17755.877,18948.0,896.877,2089.0,0.053199,0.12391,10,1,Sunday,-2.5,20.5,0.0
2025-01-26 11:00:00,17007.0,17818.688,19008.0,811.688,2001.0,0.047727,0.117657,11,1,Sunday,-1.9,19.9,0.0
2025-01-26 12:00:00,17019.0,17547.168,18695.0,528.168,1676.0,0.031034,0.098478,12,1,Sunday,-1.6,19.6,0.0
2025-01-26 13:00:00,17038.0,17469.02,18334.0,431.02,1296.0,0.025298,0.076065,13,1,Sunday,-1.8,19.8,0.0
2025-01-26 14:00:00,17150.0,17469.36,18347.0,319.36,1197.0,0.018622,0.069796,14,1,Sunday,-1.9,19.9,0.0
2025-01-26 15:00:00,17306.0,17693.791,18542.0,387.791,1236.0,0.022408,0.07142,15,1,Sunday,-2.0,20.0,0.0
2025-01-26 16:00:00,18273.0,18425.686,19113.0,152.686,840.0,0.008356,0.045969,16,1,Sunday,-2.2,20.2,0.0
2025-01-26 17:00:00,19566.0,19050.154,19600.0,515.846,34.0,0.026364,0.001738,17,1,Sunday,-2.9,20.9,0.0
2025-01-26 18:00:00,19837.0,18843.514,19453.0,993.486,384.0,0.050082,0.019358,18,1,Sunday,-3.5,21.5,0.0
2025-01-26 19:00:00,19303.0,18570.81,18943.0,732.19,360.0,0.037931,0.01865,19,1,Sunday,-3.3,21.3,0.0
2025-01-26 20:00:00,18689.0,18113.027,18395.0,575.973,294.0,0.030819,0.015731,20,1,Sunday,-3.1,21.1,0.0
2025-01-26 21:00:00,18124.0,17449.174,17874.0,674.826,250.0,0.037234,0.013794,21,1,Sunday,-3.3,21.3,0.0
2025-01-26 22:00:00,17177.0,16748.062,17102.0,428.938,75.0,0.024972,0.004366,22,1,Sunday,-3.7,21.7,0.0
2025-01-26 23:00:00,16341.0,16347.557,16478.0,6.557,137.0,0.000401,0.008384,23,1,Sunday,-3.9,21.9,0.0
2025-01-27 00:00:00,15713.0,15776.654,15730.0,63.654,17.0,0.004051,0.001082,0,1,Monday,-4.4,22.4,0.0
2025-01-27 01:00:00,15375.0,15468.22,15347.0,93.22,28.0,0.006063,0.001821,1,1,Monday,-5.2,23.2,0.0
2025-01-27 02:00:00,15259.0,15372.063,15109.0,113.063,150.0,0.00741,0.00983,2,1,Monday,-5.5,23.5,0.0
2025-01-27 03:00:00,15362.0,15504.488,15063.0,142.488,299.0,0.009275,0.019464,3,1,Monday,-5.6,23.6,0.0
2025-01-27 04:00:00,15512.0,15852.696,15141.0,340.696,371.0,0.021963,0.023917,4,1,Monday,-5.5,23.5,0.0
2025-01-27 05:00:00,16208.0,16505.383,15311.0,297.383,897.0,0.018348,0.055343,5,1,Monday,-5.2,23.2,0.0
2025-01-27 06:00:00,17365.0,17292.562,15798.0,72.438,1567.0,0.004171,0.090239,6,1,Monday,-5.3,23.3,0.0
2025-01-27 07:00:00,18667.0,17940.44,16155.0,726.56,2512.0,0.038922,0.134569,7,1,Monday,-5.3,23.3,0.0
2025-01-27 08:00:00,18936.0,18175.447,16921.0,760.553,2015.0,0.040164,0.106411,8,1,Monday,-4.1,22.1,0.0
2025-01-27 09:00:00,18531.0,18247.055,17169.0,283.945,1362.0,0.015323,0.073498,9,1,Monday,-3.5,21.5,0.0
2025-01-27 10:00:00,18077.0,18118.352,16859.0,41.352,1218.0,0.002288,0.067378,10,1,Monday,-2.9,20.9,0.0
2025-01-27 11:00:00,17640.0,18166.068,17007.0,526.068,633.0,0.029822,0.035884,11,1,Monday,-2.6,20.6,0.0
2025-01-27 12:00:00,17724.0,18112.43,17019.0,388.43,705.0,0.021915,0.039777,12,1,Monday,-2.3,20.3,0.0
2025-01-27 13:00:00,17786.0,18049.088,17038.0,263.088,748.0,0.014792,0.042056,13,1,Monday,-1.3,19.3,0.0
2025-01-27 14:00:00,17826.0,18071.688,17150.0,245.688,676.0,0.013783,0.037922,14,1,Monday,-1.0,19.0,0.0
2025-01-27 15:00:00,18371.0,18331.133,17306.0,39.867,1065.0,0.00217,0.057972,15,1,Monday,-1.1,19.1,0.0
2025-01-27 16:00:00,19337.0,18842.514,18273.0,494.486,1064.0,0.025572,0.055024,16,1,Monday,-1.5,19.5,0.0
2025-01-27 17:00:00,20314.0,19531.02,19566.0,782.98,748.0,0.038544,0.036822,17,1,Monday,-1.9,19.9,0.0
2025-01-27 18:00:00,20384.0,19643.016,19837.0,740.984,547.0,0.036351,0.026835,18,1,Monday,-2.0,20.0,0.0
2025-01-27 19:00:00,20070.0,19239.31,19303.0,830.69,767.0,0.04139,0.038216,19,1,Monday,-1.5,19.5,0.0
2025-01-27 20:00:00,19608.0,18749.043,18689.0,858.957,919.0,0.043806,0.046869,20,1,Monday,-0.5,18.5,0.0
2025-01-27 21:00:00,18710.0,18244.41,18124.0,465.59,586.0,0.024885,0.03132,21,1,Monday,-0.5,18.5,0.0
2025-01-27 22:00:00,17690.0,17332.318,17177.0,357.682,513.0,0.020219,0.028999,22,1,Monday,-0.4,18.4,0.0
2025-01-27 23:00:00,16898.0,16607.285,16341.0,290.715,557.0,0.017204,0.032962,23,1,Monday,-0.2,18.2,0.0
2025-01-28 00:00:00,16187.0,16016.224,15713.0,170.776,474.0,0.01055,0.029283,0,1,Tuesday,0.2,17.8,0.0
2025-01-28 01:00:00,15899.0,15625.4,15375.0,273.6,524.0,0.017209,0.032958,1,1,Tuesday,-0.2,18.2,0.0
2025-01-28 02:00:00,15831.0,15563.344,15259.0,267.656,572.0,0.016907,0.036132,2,1,Tuesday,-1.7,19.7,0.0
2025-01-28 03:00:00,15986.0,15693.922,15362.0,292.078,624.0,0.018271,0.039034,3,1,Tuesday,-4.3,22.3,0.0
2025-01-28 04:00:00,16096.0,16082.268,15512.0,13.732,584.0,0.000853,0.036282,4,1,Tuesday,-6.7,24.7,0.0
2025-01-28 05:00:00,16792.0,16930.611,16208.0,138.611,584.0,0.008255,0.034778,5,1,Tuesday,-8.2,26.2,0.0
2025-01-28 06:00:00,18045.0,17895.008,17365.0,149.992,680.0,0.008312,0.037684,6,1,Tuesday,-9.3,27.3,0.0
2025-01-28 07:00:00,19500.0,19004.66,18667.0,495.34,833.0,0.025402,0.042718,7,1,Tuesday,-10.4,28.4,0.0
2025-01-28 08:00:00,20061.0,19167.8,18936.0,893.2,1125.0,0.044524,0.056079,8,1,Tuesday,-11.7,29.7,0.0
2025-01-28 09:00:00,19726.0,19078.506,18531.0,647.494,1195.0,0.032824,0.06058,9,1,Tuesday,-11.2,29.2,0.0
2025-01-28 10:00:00,19299.0,18675.31,18077.0,623.69,1222.0,0.032317,0.063319,10,1,Tuesday,-10.1,28.1,0.0
2025-01-28 11:00:00,18987.0,18303.77,17640.0,683.23,1347.0,0.035984,0.070943,11,1,Tuesday,-9.0,27.0,0.0
2025-01-28 12:00:00,18762.0,18299.398,17724.0,462.602,1038.0,0.024656,0.055325,12,1,Tuesday,-8.3,26.3,0.0
2025-01-28 13:00:00,18703.0,18423.562,17786.0,279.438,917.0,0.014941,0.04903,13,1,Tuesday,-7.5,25.5,0.0
2025-01-28 14:00:00,19189.0,18267.492,17826.0,921.508,1363.0,0.048023,0.07103,14,1,Tuesday,-6.4,24.4,0.0
2025-01-28 15:00:00,19657.0,18541.758,18371.0,1115.242,1286.0,0.056735,0.065422,15,1,Tuesday,-5.3,23.3,0.0
2025-01-28 16:00:00,20321.0,19306.908,19337.0,1014.092,984.0,0.049904,0.048423,16,1,Tuesday,-4.9,22.9,0.0
2025-01-28 17:00:00,20957.0,20040.33,20314.0,916.67,643.0,0.043741,0.030682,17,1,Tuesday,-4.9,22.9,0.0
2025-01-28 18:00:00,20949.0,20006.39,20384.0,942.61,565.0,0.044995,0.02697,18,1,Tuesday,-4.3,22.3,0.0
2025-01-28 19:00:00,20404.0,19550.725,20070.0,853.275,334.0,0.041819,0.016369,19,1,Tuesday,-3.3,21.3,0.0
2025-01-28 20:00:00,19763.0,19195.92,19608.0,567.08,155.0,0.028694,0.007843,20,1,Tuesday,-2.3,20.3,0.0
2025-01-28 21:00:00,19038.0,18236.775,18710.0,801.225,328.0,0.042086,0.017229,21,1,Tuesday,-1.0,19.0,0.0
2025-01-28 22:00:00,17957.0,17295.523,17690.0,661.477,267.0,0.036837,0.014869,22,1,Tuesday,0.5,17.5,0.0
2025-01-28 23:00:00,17073.0,16561.445,16898.0,511.555,175.0,0.029963,0.01025,23,1,Tuesday,1.6,16.4,0.0
2025-01-29 00:00:00,16464.0,16013.099,16187.0,450.901,277.0,0.027387,0.016825,0,1,Wednesday,1.3,16.7,0.0
2025-01-29 01:00:00,16012.0,15609.626,15899.0,402.374,113.0,0.02513,0.007057,1,1,Wednesday,1.8,16.2,0.0
2025-01-29 02:00:00,15775.0,15585.968,15831.0,189.032,56.0,0.011983,0.00355,2,1,Wednesday,1.9,16.1,0.0
2025-01-29 03:00:00,15577.0,15687.557,15986.0,110.557,409.0,0.007097,0.026257,3,1,Wednesday,1.7,16.3,0.0
2025-01-29 04:00:00,15584.0,15936.09,16096.0,352.09,512.0,0.022593,0.032854,4,1,Wednesday,1.4,16.6,0.0
2025-01-29 05:00:00,16038.0,16466.604,16792.0,428.604,754.0,0.026724,0.047013,5,1,Wednesday,1.7,16.3,0.0
2025-01-29 06:00:00,17225.0,17471.365,18045.0,246.365,820.0,0.014303,0.047605,6,1,Wednesday,1.1,16.9,0.0
2025-01-29 07:00:00,18531.0,18636.277,19500.0,105.277,969.0,0.005681,0.052291,7,1,Wednesday,-0.3,18.3,0.0
2025-01-29 08:00:00,19052.0,18818.287,20061.0,233.713,1009.0,0.012267,0.05296,8,1,Wednesday,-0.4,18.4,0.0
2025-01-29 09:00:00,19182.0,18796.783,19726.0,385.217,544.0,0.020082,0.02836,9,1,Wednesday,-1.5,19.5,0.0
2025-01-29 10:00:00,18942.0,18599.414,19299.0,342.586,357.0,0.018086,0.018847,10,1,Wednesday,-2.6,20.6,0.0
2025-01-29 11:00:00,18795.0,18565.117,18987.0,229.883,192.0,0.012231,0.010215,11,1,Wednesday,-3.4,21.4,0.0
2025-01-29 12:00:00,18708.0,18451.078,18762.0,256.922,54.0,0.013733,0.002886,12,1,Wednesday,-4.1,22.1,0.0
2025-01-29 13:00:00,18755.0,18470.713,18703.0,284.287,52.0,0.015158,0.002773,13,1,Wednesday,-4.8,22.8,0.0
2025-01-29 14:00:00,18767.0,18699.348,19189.0,67.652,422.0,0.003605,0.022486,14,1,Wednesday,-5.3,23.3,0.0
2025-01-29 15:00:00,19020.0,19082.447,19657.0,62.447,637.0,0.003283,0.033491,15,1,Wednesday,-6.0,24.0,0.0
2025-01-29 16:00:00,19918.0,19829.273,20321.0,88.727,403.0,0.004455,0.020233,16,1,Wednesday,-6.8,24.8,0.0
2025-01-29 17:00:00,20519.0,20269.523,20957.0,249.477,438.0,0.012158,0.021346,17,1,Wednesday,-7.7,25.7,0.0
2025-01-29 18:00:00,20862.0,20293.996,20949.0,568.004,87.0,0.027227,0.00417,18,1,Wednesday,-8.2,26.2,0.0
2025-01-29 19:00:00,20796.0,20175.145,20404.0,620.855,392.0,0.029855,0.01885,19,1,Wednesday,-8.7,26.7,0.0
2025-01-29 20:00:00,20520.0,19782.512,19763.0,737.488,757.0,0.03594,0.036891,20,1,Wednesday,-8.6,26.6,0.0
2025-01-29 21:00:00,19728.0,19030.557,19038.0,697.443,690.0,0.035353,0.034976,21,1,Wednesday,-9.1,27.1,0.0
2025-01-29 22:00:00,18896.0,18169.555,17957.0,726.445,939.0,0.038444,0.049693,22,1,Wednesday,-9.4,27.4,0.0
2025-01-29 23:00:00,18065.0,17449.588,17073.0,615.412,992.0,0.034067,0.054913,23,1,Wednesday,-9.7,27.7,0.0
2025-01-30 00:00:00,17365.0,16952.809,16464.0,412.191,901.0,0.023737,0.051886,0,1,Thursday,-9.6,27.6,0.0
2025-01-30 01:00:00,17000.0,16350.222,16012.0,649.778,988.0,0.038222,0.058118,1,1,Thursday,-9.2,27.2,0.0
2025-01-30 02:00:00,16935.0,16132.588,15775.0,802.412,1160.0,0.047382,0.068497,2,1,Thursday,-9.3,27.3,0.0
2025-01-30 03:00:00,16934.0,16075.117,15577.0,858.883,1357.0,0.050719,0.080135,3,1,Thursday,-10.1,28.1,0.0
2025-01-30 04:00:00,17135.0,16283.211,15584.0,851.789,1551.0,0.04971,0.090516,4,1,Thursday,-12.3,30.3,0.0
2025-01-30 05:00:00,17655.0,16686.602,16038.0,968.398,1617.0,0.054851,0.091589,5,1,Thursday,-12.5,30.5,0.0
2025-01-30 06:00:00,18716.0,17885.84,17225.0,830.16,1491.0,0.044356,0.079664,6,1,Thursday,-12.2,30.2,0.0
2025-01-30 07:00:00,19998.0,19013.445,18531.0,984.555,1467.0,0.049233,0.073357,7,1,Thursday,-11.6,29.6,0.0
2025-01-30 08:00:00,20169.0,18991.037,19052.0,1177.963,1117.0,0.058405,0.055382,8,1,Thursday,-8.7,26.7,0.0
2025-01-30 09:00:00,20137.0,18895.545,19182.0,1241.455,955.0,0.06165,0.047425,9,1,Thursday,-7.3,25.3,0.0
2025-01-30 10:00:00,19828.0,18730.982,18942.0,1097.018,886.0,0.055327,0.044684,10,1,Thursday,-6.0,24.0,0.0
2025-01-30 11:00:00,19336.0,18589.629,18795.0,746.371,541.0,0.0386,0.027979,11,1,Thursday,-4.7,22.7,0.0
2025-01-30 12:00:00,19275.0,18397.828,18708.0,877.172,567.0,0.045508,0.029416,12,1,Thursday,-3.3,21.3,0.0
2025-01-30 13:00:00,19107.0,18365.322,18755.0,741.678,352.0,0.038817,0.018423,13,1,Thursday,-2.4,20.4,0.0
2025-01-30 14:00:00,19315.0,18418.854,18767.0,896.146,548.0,0.046396,0.028372,14,1,Thursday,-1.7,19.7,0.0
2025-01-30 15:00:00,19596.0,18668.264,19020.0,927.736,576.0,0.047343,0.029394,15,1,Thursday,-1.4,19.4,0.0
2025-01-30 16:00:00,20002.0,19234.518,19918.0,767.482,84.0,0.03837,0.0042,16,1,Thursday,-1.1,19.1,0.0
2025-01-30 17:00:00,20333.0,19561.916,20519.0,771.084,186.0,0.037923,0.009148,17,1,Thursday,-0.8,18.8,0.0
2025-01-30 18:00:00,20167.0,19596.756,20862.0,570.244,695.0,0.028276,0.034462,18,1,Thursday,-0.9,18.9,0.0
2025-01-30 19:00:00,19886.0,19453.818,20796.0,432.182,910.0,0.021733,0.045761,19,1,Thursday,-1.3,19.3,0.0
2025-01-30 20:00:00,19437.0,19216.477,20520.0,220.523,1083.0,0.011346,0.055718,20,1,Thursday,-0.5,18.5,0.0
2025-01-30 21:00:00,18713.0,18708.871,19728.0,4.129,1015.0,0.000221,0.05424,21,1,Thursday,-1.0,19.0,0.0
2025-01-30 22:00:00,17706.0,18073.486,18896.0,367.486,1190.0,0.020755,0.067209,22,1,Thursday,-0.9,18.9,0.0
2025-01-30 23:00:00,16965.0,17345.22,18065.0,380.22,1100.0,0.022412,0.064839,23,1,Thursday,-0.4,18.4,0.0
2025-01-31 00:00:00,16224.0,16859.78,17365.0,635.78,1141.0,0.039188,0.070328,0,1,Friday,0.2,17.8,0.0
2025-01-31 01:00:00,15885.0,16419.992,17000.0,534.992,1115.0,0.033679,0.070192,1,1,Friday,0.4,17.6,0.0
2025-01-31 02:00:00,15805.0,16295.764,16935.0,490.764,1130.0,0.031051,0.071496,2,1,Friday,0.1,17.9,0.0
2025-01-31 03:00:00,15851.0,16320.068,16934.0,469.068,1083.0,0.029592,0.068324,3,1,Friday,-0.5,18.5,0.0
2025-01-31 04:00:00,16067.0,16627.44,17135.0,560.44,1068.0,0.034881,0.066472,4,1,Friday,-0.7,18.7,0.0
2025-01-31 05:00:00,16640.0,17162.557,17655.0,522.557,1015.0,0.031404,0.060998,5,1,Friday,-1.0,19.0,0.0
2025-01-31 06:00:00,17704.0,17775.398,18716.0,71.398,1012.0,0.004033,0.057162,6,1,Friday,-0.9,18.9,0.0
2025-01-31 07:00:00,18846.0,18590.943,19998.0,255.057,1152.0,0.013534,0.061127,7,1,Friday,-2.1,20.1,0.0
2025-01-31 08:00:00,19346.0,18691.842,20169.0,654.158,823.0,0.033814,0.042541,8,1,Friday,-1.5,19.5,0.0
2025-01-31 09:00:00,19351.0,18692.424,20137.0,658.576,786.0,0.034033,0.040618,9,1,Friday,-1.3,19.3,0.0
2025-01-31 10:00:00,19376.0,18606.639,19828.0,769.361,452.0,0.039707,0.023328,10,1,Friday,-0.4,18.4,0.0
2025-01-31 11:00:00,19339.0,18377.428,19336.0,961.572,3.0,0.049722,0.000155,11,1,Friday,0.6,17.4,0.0
2025-01-31 12:00:00,19170.0,18331.49,19275.0,838.51,105.0,0.043741,0.005477,12,1,Friday,1.2,16.8,0.0
2025-01-31 13:00:00,19032.0,18298.854,19107.0,733.146,75.0,0.038522,0.003941,13,1,Friday,1.7,16.3,0.0
2025-01-31 14:00:00,19090.0,18338.82,19315.0,751.18,225.0,0.039349,0.011786,14,1,Friday,1.7,16.3,0.0
2025-01-31 15:00:00,19096.0,18494.77,19596.0,601.23,500.0,0.031485,0.026183,15,1,Friday,1.6,16.4,0.0
2025-01-31 16:00:00,19338.0,18806.555,20002.0,531.445,664.0,0.027482,0.034337,16,1,Friday,1.2,16.8,0.0
2025-01-31 17:00:00,19617.0,19044.037,20333.0,572.963,716.0,0.029207,0.036499,17,1,Friday,0.9,17.1,0.0
2025-01-31 18:00:00,19360.0,19037.979,20167.0,322.021,807.0,0.016633,0.041684,18,1,Friday,0.5,17.5,0.0
2025-01-31 19:00:00,19073.0,18806.455,19886.0,266.545,813.0,0.013975,0.042626,19,1,Friday,0.2,17.8,0.0
2025-01-31 20:00:00,18788.0,18553.982,19437.0,234.018,649.0,0.012456,0.034543,20,1,Friday,-0.2,18.2,0.0
2025-01-31 21:00:00,18311.0,18031.408,18713.0,279.592,402.0,0.015269,0.021954,21,1,Friday,-1.1,19.1,0.0
2025-01-31 22:00:00,17436.0,17376.686,17706.0,59.314,270.0,0.003402,0.015485,22,1,Friday,-2.2,20.2,0.0
2025-01-31 23:00:00,16676.0,16852.885,16965.0,176.885,289.0,0.010607,0.01733,23,1,Friday,-4.1,22.1,0.0
2025-02-01 00:00:00,16171.0,15986.034,16224.0,184.966,53.0,0.011438,0.003277,0,2,Saturday,-6.8,24.8,0.0
2025-02-01 01:00:00,16135.0,15715.002,15885.0,419.998,250.0,0.02603,0.015494,1,2,Saturday,-8.7,26.7,0.0
2025-02-01 02:00:00,16199.0,15806.105,15805.0,392.895,394.0,0.024254,0.024322,2,2,Saturday,-10.2,28.2,0.0
2025-02-01 03:00:00,16355.0,15885.172,15851.0,469.828,504.0,0.028727,0.030816,3,2,Saturday,-11.4,29.4,0.0
2025-02-01 04:00:00,16484.0,15843.406,16067.0,640.594,417.0,0.038862,0.025297,4,2,Saturday,-12.3,30.3,0.0
2025-02-01 05:00:00,16805.0,16068.979,16640.0,736.021,165.0,0.043798,0.009819,5,2,Saturday,-13.1,31.1,0.0
2025-02-01 06:00:00,17399.0,16612.502,17704.0,786.498,305.0,0.045204,0.01753,6,2,Saturday,-13.9,31.9,0.0
2025-02-01 07:00:00,18102.0,17695.375,18846.0,406.625,744.0,0.022463,0.0411,7,2,Saturday,-14.7,32.7,0.0
2025-02-01 08:00:00,18460.0,18230.994,19346.0,229.006,886.0,0.012406,0.047996,8,2,Saturday,-14.4,32.4,0.0
2025-02-01 09:00:00,18566.0,18385.809,19351.0,180.191,785.0,0.009705,0.042282,9,2,Saturday,-14.0,32.0,0.0
2025-02-01 10:00:00,18560.0,18463.125,19376.0,96.875,816.0,0.00522,0.043966,10,2,Saturday,-13.7,31.7,0.0
2025-02-01 11:00:00,18556.0,18455.922,19339.0,100.078,783.0,0.005393,0.042197,11,2,Saturday,-13.2,31.2,0.0
2025-02-01 12:00:00,18260.0,18416.65,19170.0,156.65,910.0,0.008579,0.049836,12,2,Saturday,-12.9,30.9,0.0
2025-02-01 13:00:00,18000.0,18416.54,19032.0,416.54,1032.0,0.023141,0.057333,13,2,Saturday,-12.5,30.5,0.0
2025-02-01 14:00:00,18110.0,18409.451,19090.0,299.451,980.0,0.016535,0.054114,14,2,Saturday,-12.4,30.4,0.0
2025-02-01 15:00:00,18433.0,18452.408,19096.0,19.408,663.0,0.001053,0.035968,15,2,Saturday,-12.4,30.4,0.0
2025-02-01 16:00:00,19022.0,19068.986,19338.0,46.986,316.0,0.00247,0.016612,16,2,Saturday,-12.5,30.5,0.0
2025-02-01 17:00:00,20159.0,19664.25,19617.0,494.75,542.0,0.024542,0.026886,17,2,Saturday,-13.0,31.0,0.0
2025-02-01 18:00:00,20377.0,19460.703,19360.0,916.297,1017.0,0.044967,0.049909,18,2,Saturday,-13.9,31.9,0.0
2025-02-01 19:00:00,19888.0,19335.486,19073.0,552.514,815.0,0.027781,0.040979,19,2,Saturday,-14.3,32.3,0.0
2025-02-01 20:00:00,19514.0,18806.826,18788.0,707.174,726.0,0.036239,0.037204,20,2,Saturday,-13.0,31.0,0.0
2025-02-01 21:00:00,19064.0,18018.57,18311.0,1045.43,753.0,0.054838,0.039499,21,2,Saturday,-13.3,31.3,0.0
2025-02-01 22:00:00,18520.0,17110.523,17436.0,1409.477,1084.0,0.076106,0.058531,22,2,Saturday,-13.5,31.5,0.0
2025-02-01 23:00:00,17724.0,16327.152,16676.0,1396.848,1048.0,0.078811,0.059129,23,2,Saturday,-13.3,31.3,0.0
2025-02-02 00:00:00,17022.0,15907.385,16171.0,1114.615,851.0,0.065481,0.049994,0,2,Sunday,-12.2,30.2,0.0
2025-02-02 01:00:00,16434.0,15815.581,16135.0,618.419,299.0,0.03763,0.018194,1,2,Sunday,-11.2,29.2,0.0
2025-02-02 02:00:00,16214.0,15674.051,16199.0,539.949,15.0,0.033301,0.000925,2,2,Sunday,-9.9,27.9,0.0
2025-02-02 03:00:00,16275.0,15548.171,16355.0,726.829,80.0,0.044659,0.004916,3,2,Sunday,-8.6,26.6,0.0
2025-02-02 04:00:00,16351.0,15423.574,16484.0,927.426,133.0,0.05672,0.008134,4,2,Sunday,-7.8,25.8,0.0
2025-02-02 05:00:00,16465.0,15514.1,16805.0,950.9,340.0,0.057753,0.02065,5,2,Sunday,-7.5,25.5,0.0
2025-02-02 06:00:00,16840.0,16017.147,17399.0,822.853,559.0,0.048863,0.033195,6,2,Sunday,-7.4,25.4,0.0
2025-02-02 07:00:00,17397.0,16557.963,18102.0,839.037,705.0,0.048229,0.040524,7,2,Sunday,-7.2,25.2,0.0
2025-02-02 08:00:00,17908.0,16938.352,18460.0,969.648,552.0,0.054146,0.030824,8,2,Sunday,-6.6,24.6,0.0
2025-02-02 09:00:00,18549.0,17183.234,18566.0,1365.766,17.0,0.07363,0.000916,9,2,Sunday,-6.5,24.5,0.0
2025-02-02 10:00:00,18885.0,17087.766,18560.0,1797.234,325.0,0.095167,0.017209,10,2,Sunday,-6.0,24.0,0.0
2025-02-02 11:00:00,19099.0,17169.695,18556.0,1929.305,543.0,0.101016,0.028431,11,2,Sunday,-5.6,23.6,0.0
2025-02-02 12:00:00,19434.0,16998.93,18260.0,2435.07,1174.0,0.125299,0.06041,12,2,Sunday,-4.9,22.9,0.0
2025-02-02 13:00:00,19328.0,16847.668,18000.0,2480.332,1328.0,0.128328,0.068709,13,2,Sunday,-4.2,22.2,0.0
2025-02-02 14:00:00,19321.0,16952.027,18110.0,2368.973,1211.0,0.122611,0.062678,14,2,Sunday,-3.6,21.6,0.0
2025-02-02 15:00:00,19684.0,17250.412,18433.0,2433.588,1251.0,0.123633,0.063554,15,2,Sunday,-3.3,21.3,0.0
2025-02-02 16:00:00,20165.0,18401.822,19022.0,1763.178,1143.0,0.087438,0.056682,16,2,Sunday,-3.0,21.0,0.0
2025-02-02 17:00:00,20650.0,18980.814,20159.0,1669.186,491.0,0.080832,0.023777,17,2,Sunday,-2.6,20.6,0.0
2025-02-02 18:00:00,20481.0,19007.033,20377.0,1473.967,104.0,0.071968,0.005078,18,2,Sunday,-2.4,20.4,0.0
2025-02-02 19:00:00,19784.0,18801.174,19888.0,982.826,104.0,0.049678,0.005257,19,2,Sunday,-2.5,20.5,0.0
2025-02-02 20:00:00,19412.0,18599.125,19514.0,812.875,102.0,0.041875,0.005254,20,2,Sunday,-3.7,21.7,0.0
2025-02-02 21:00:00,18655.0,17650.986,19064.0,1004.014,409.0,0.05382,0.021924,21,2,Sunday,-3.9,21.9,0.0
2025-02-02 22:00:00,17771.0,16992.244,18520.0,778.756,749.0,0.043822,0.042147,22,2,Sunday,-4.9,22.9,0.0
2025-02-02 23:00:00,17075.0,16392.053,17724.0,682.947,649.0,0.039997,0.038009,23,2,Sunday,-5.1,23.1,0.0
2025-02-03 00:00:00,16655.0,16324.732,17022.0,330.268,367.0,0.01983,0.022035,0,2,Monday,-5.0,23.0,0.0
2025-02-03 01:00:00,16268.0,15821.027,16434.0,446.973,166.0,0.027476,0.010204,1,2,Monday,-4.7,22.7,0.0
2025-02-03 02:00:00,16105.0,15613.233,16214.0,491.767,109.0,0.030535,0.006768,2,2,Monday,-4.2,22.2,0.0
2025-02-03 03:00:00,16031.0,15859.617,16275.0,171.383,244.0,0.010691,0.015221,3,2,Monday,-3.6,21.6,0.0
2025-02-03 04:00:00,16143.0,16330.918,16351.0,187.918,208.0,0.011641,0.012885,4,2,Monday,-2.9,20.9,0.0
2025-02-03 05:00:00,16874.0,16656.447,16465.0,217.553,409.0,0.012893,0.024238,5,2,Monday,-2.4,20.4,0.0
2025-02-03 06:00:00,18208.0,17245.068,16840.0,962.932,1368.0,0.052885,0.075132,6,2,Monday,-1.9,19.9,0.0
2025-02-03 07:00:00,19556.0,18173.406,17397.0,1382.594,2159.0,0.070699,0.110401,7,2,Monday,-1.3,19.3,0.0
2025-02-03 08:00:00,19719.0,18383.002,17908.0,1335.998,1811.0,0.067752,0.09184,8,2,Monday,-1.3,19.3,0.0
2025-02-03 09:00:00,19705.0,18365.525,18549.0,1339.475,1156.0,0.067976,0.058665,9,2,Monday,-0.4,18.4,0.0
2025-02-03 10:00:00,19862.0,18336.191,18885.0,1525.809,977.0,0.076821,0.049189,10,2,Monday,0.1,17.9,0.0
2025-02-03 11:00:00,20176.0,18330.137,19099.0,1845.863,1077.0,0.091488,0.05338,11,2,Monday,0.7,17.3,0.0
2025-02-03 12:00:00,19873.0,18306.428,19434.0,1566.572,439.0,0.078829,0.02209,12,2,Monday,1.2,16.8,0.0
2025-02-03 13:00:00,19778.0,18320.416,19328.0,1457.584,450.0,0.073697,0.022753,13,2,Monday,1.3,16.7,0.0
2025-02-03 14:00:00,19781.0,18328.777,19321.0,1452.223,460.0,0.073415,0.023255,14,2,Monday,1.3,16.7,0.0
2025-02-03 15:00:00,19834.0,18658.135,19684.0,1175.865,150.0,0.059285,0.007563,15,2,Monday,1.3,16.7,0.0
2025-02-03 16:00:00,20124.0,19191.268,20165.0,932.732,41.0,0.046349,0.002037,16,2,Monday,1.1,16.9,0.0
2025-02-03 17:00:00,20137.0,19394.432,20650.0,742.568,513.0,0.036876,0.025475,17,2,Monday,0.8,17.2,0.0
2025-02-03 18:00:00,19820.0,19387.352,20481.0,432.648,661.0,0.021829,0.03335,18,2,Monday,0.3,17.7,0.0
2025-02-03 19:00:00,19568.0,19191.197,19784.0,376.803,216.0,0.019256,0.011038,19,2,Monday,0.3,17.7,0.0
2025-02-03 20:00:00,19270.0,18919.291,19412.0,350.709,142.0,0.0182,0.007369,20,2,Monday,0.2,17.8,0.0
2025-02-03 21:00:00,18829.0,18228.629,18655.0,600.371,174.0,0.031885,0.009241,21,2,Monday,-0.2,18.2,0.0
2025-02-03 22:00:00,17843.0,17541.633,17771.0,301.367,72.0,0.01689,0.004035,22,2,Monday,-0.3,18.3,0.0
2025-02-03 23:00:00,16824.0,16787.773,17075.0,36.227,251.0,0.002153,0.014919,23,2,Monday,-0.5,18.5,0.0
2025-02-04 00:00:00,16079.0,16191.822,16655.0,112.822,576.0,0.007017,0.035823,0,2,Tuesday,-1.6,19.6,0.0
2025-02-04 01:00:00,15709.0,15817.333,16268.0,108.333,559.0,0.006896,0.035585,1,2,Tuesday,-3.1,21.1,0.0
2025-02-04 02:00:00,15791.0,15608.946,16105.0,182.054,314.0,0.011529,0.019885,2,2,Tuesday,-3.8,21.8,0.0
2025-02-04 03:00:00,15812.0,15658.278,16031.0,153.722,219.0,0.009722,0.01385,3,2,Tuesday,-4.1,22.1,0.0
2025-02-04 04:00:00,15972.0,16022.7,16143.0,50.7,171.0,0.003174,0.010706,4,2,Tuesday,-4.4,22.4,0.0
2025-02-04 05:00:00,16597.0,16682.98,16874.0,85.98,277.0,0.00518,0.01669,5,2,Tuesday,-4.8,22.8,0.0
2025-02-04 06:00:00,17484.0,17750.703,18208.0,266.703,724.0,0.015254,0.041409,6,2,Tuesday,-5.1,23.1,0.0
2025-02-04 07:00:00,18767.0,18747.92,19556.0,19.08,789.0,0.001017,0.042042,7,2,Tuesday,-5.4,23.4,0.0
2025-02-04 08:00:00,19207.0,18856.672,19719.0,350.328,512.0,0.01824,0.026657,8,2,Tuesday,-5.1,23.1,0.0
2025-02-04 09:00:00,19155.0,18819.145,19705.0,335.855,550.0,0.017534,0.028713,9,2,Tuesday,-4.6,22.6,0.0
2025-02-04 10:00:00,19004.0,18746.959,19862.0,257.041,858.0,0.013526,0.045148,10,2,Tuesday,-3.7,21.7,0.0
2025-02-04 11:00:00,18945.0,18799.682,20176.0,145.318,1231.0,0.007671,0.064978,11,2,Tuesday,-2.5,20.5,0.0
2025-02-04 12:00:00,19000.0,18810.21,19873.0,189.79,873.0,0.009989,0.045947,12,2,Tuesday,-4.2,22.2,0.0
2025-02-04 13:00:00,19084.0,18885.475,19778.0,198.525,694.0,0.010403,0.036366,13,2,Tuesday,-5.3,23.3,0.0
2025-02-04 14:00:00,19067.0,18924.553,19781.0,142.447,714.0,0.007471,0.037447,14,2,Tuesday,-6.1,24.1,0.0
2025-02-04 15:00:00,19303.0,19070.156,19834.0,232.844,531.0,0.012063,0.027509,15,2,Tuesday,-6.8,24.8,0.0
2025-02-04 16:00:00,19802.0,19818.572,20124.0,16.572,322.0,0.000837,0.016261,16,2,Tuesday,-7.6,25.6,0.0
2025-02-04 17:00:00,20420.0,20179.055,20137.0,240.945,283.0,0.011799,0.013859,17,2,Tuesday,-8.5,26.5,0.0
2025-02-04 18:00:00,20761.0,20078.824,19820.0,682.176,941.0,0.032859,0.045325,18,2,Tuesday,-8.9,26.9,0.0
2025-02-04 19:00:00,20567.0,19850.115,19568.0,716.885,999.0,0.034856,0.048573,19,2,Tuesday,-8.9,26.9,0.0
2025-02-04 20:00:00,20267.0,19524.674,19270.0,742.326,997.0,0.036627,0.049193,20,2,Tuesday,-8.5,26.5,0.0
2025-02-04 21:00:00,19646.0,18865.438,18829.0,780.562,817.0,0.039731,0.041586,21,2,Tuesday,-9.1,27.1,0.0
2025-02-04 22:00:00,18771.0,18127.273,17843.0,643.727,928.0,0.034294,0.049438,22,2,Tuesday,-9.6,27.6,0.0
2025-02-04 23:00:00,17880.0,17091.67,16824.0,788.33,1056.0,0.04409,0.05906,23,2,Tuesday,-9.7,27.7,0.0
2025-02-05 00:00:00,17251.0,16285.402,16079.0,965.598,1172.0,0.055973,0.067938,0,2,Wednesday,-10.1,28.1,0.0
2025-02-05 01:00:00,16828.0,15762.156,15709.0,1065.844,1119.0,0.063338,0.066496,1,2,Wednesday,-10.3,28.3,0.0
2025-02-05 02:00:00,16716.0,15755.284,15791.0,960.716,925.0,0.057473,0.055336,2,2,Wednesday,-10.7,28.7,0.0
2025-02-05 03:00:00,16682.0,15815.602,15812.0,866.398,870.0,0.051936,0.052152,3,2,Wednesday,-10.3,28.3,0.0
2025-02-05 04:00:00,16826.0,15891.605,15972.0,934.395,854.0,0.055533,0.050755,4,2,Wednesday,-10.5,28.5,0.0
2025-02-05 05:00:00,17523.0,16600.812,16597.0,922.188,926.0,0.052627,0.052845,5,2,Wednesday,-10.2,28.2,0.0
2025-02-05 06:00:00,18734.0,17844.65,17484.0,889.35,1250.0,0.047473,0.066724,6,2,Wednesday,-10.4,28.4,0.0
2025-02-05 07:00:00,19979.0,18821.725,18767.0,1157.275,1212.0,0.057925,0.060664,7,2,Wednesday,-11.0,29.0,0.0
2025-02-05 08:00:00,20234.0,18959.336,19207.0,1274.664,1027.0,0.062996,0.050756,8,2,Wednesday,-10.5,28.5,0.0
2025-02-05 09:00:00,19865.0,18886.55,19155.0,978.45,710.0,0.049255,0.035741,9,2,Wednesday,-10.2,28.2,0.0
2025-02-05 10:00:00,19593.0,18840.775,19004.0,752.225,589.0,0.038393,0.030062,10,2,Wednesday,-9.3,27.3,0.0
2025-02-05 11:00:00,19389.0,18639.535,18945.0,749.465,444.0,0.038654,0.0229,11,2,Wednesday,-8.5,26.5,0.0
2025-02-05 12:00:00,19153.0,18709.484,19000.0,443.516,153.0,0.023156,0.007988,12,2,Wednesday,-7.9,25.9,0.0
2025-02-05 13:00:00,19106.0,18688.688,19084.0,417.312,22.0,0.021842,0.001151,13,2,Wednesday,-7.3,25.3,0.0
2025-02-05 14:00:00,19047.0,18617.363,19067.0,429.637,20.0,0.022557,0.00105,14,2,Wednesday,-6.8,24.8,0.0
2025-02-05 15:00:00,19364.0,18758.693,19303.0,605.307,61.0,0.031259,0.00315,15,2,Wednesday,-6.5,24.5,0.0
2025-02-05 16:00:00,19976.0,19457.871,19802.0,518.129,174.0,0.025938,0.00871,16,2,Wednesday,-6.4,24.4,0.0
2025-02-05 17:00:00,20578.0,20040.295,20420.0,537.705,158.0,0.02613,0.007678,17,2,Wednesday,-7.1,25.1,0.0
2025-02-05 18:00:00,20829.0,20079.984,20761.0,749.016,68.0,0.03596,0.003265,18,2,Wednesday,-7.6,25.6,0.0
2025-02-05 19:00:00,20381.0,19991.004,20567.0,389.996,186.0,0.019135,0.009126,19,2,Wednesday,-7.8,25.8,0.0
2025-02-05 20:00:00,20116.0,19736.584,20267.0,379.416,151.0,0.018861,0.007506,20,2,Wednesday,-7.8,25.8,0.0
2025-02-05 21:00:00,19429.0,18922.09,19646.0,506.91,217.0,0.02609,0.011169,21,2,Wednesday,-6.9,24.9,0.0
2025-02-05 22:00:00,18359.0,18207.65,18771.0,151.35,412.0,0.008244,0.022441,22,2,Wednesday,-6.2,24.2,0.0
2025-02-05 23:00:00,17480.0,17510.979,17880.0,30.979,400.0,0.001772,0.022883,23,2,Wednesday,-5.2,23.2,0.0
2025-02-06 00:00:00,16911.0,17115.406,17251.0,204.406,340.0,0.012087,0.020105,0,2,Thursday,-5.4,23.4,0.0
2025-02-06 01:00:00,16670.0,16528.938,16828.0,141.062,158.0,0.008462,0.009478,1,2,Thursday,-4.9,22.9,0.0
2025-02-06 02:00:00,16445.0,16441.236,16716.0,3.764,271.0,0.000229,0.016479,2,2,Thursday,-4.1,22.1,0.0
2025-02-06 03:00:00,16510.0,16470.7,16682.0,39.3,172.0,0.00238,0.010418,3,2,Thursday,-3.8,21.8,0.0
2025-02-06 04:00:00,16717.0,16629.95,16826.0,87.05,109.0,0.005207,0.00652,4,2,Thursday,-3.5,21.5,0.0
2025-02-06 05:00:00,17251.0,17261.355,17523.0,10.355,272.0,0.0006,0.015767,5,2,Thursday,-2.9,20.9,0.0
2025-02-06 06:00:00,18545.0,17896.701,18734.0,648.299,189.0,0.034958,0.010191,6,2,Thursday,-2.7,20.7,0.0
2025-02-06 07:00:00,19722.0,18635.904,19979.0,1086.096,257.0,0.05507,0.013031,7,2,Thursday,-2.6,20.6,0.0
2025-02-06 08:00:00,20195.0,18724.543,20234.0,1470.457,39.0,0.072813,0.001931,8,2,Thursday,-2.7,20.7,0.0
2025-02-06 09:00:00,20427.0,18619.67,19865.0,1807.33,562.0,0.088478,0.027513,9,2,Thursday,-2.0,20.0,0.0
2025-02-06 10:00:00,20664.0,18602.588,19593.0,2061.412,1071.0,0.099759,0.051829,10,2,Thursday,-1.2,19.2,0.0
2025-02-06 11:00:00,20556.0,18461.113,19389.0,2094.887,1167.0,0.101911,0.056772,11,2,Thursday,-0.8,18.8,0.0
2025-02-06 12:00:00,20291.0,18401.414,19153.0,1889.586,1138.0,0.093124,0.056084,12,2,Thursday,-0.8,18.8,0.0
2025-02-06 13:00:00,20169.0,18373.691,19106.0,1795.309,1063.0,0.089013,0.052705,13,2,Thursday,-0.6,18.6,0.0
2025-02-06 14:00:00,20312.0,18318.855,19047.0,1993.145,1265.0,0.098126,0.062278,14,2,Thursday,-0.1,18.1,0.0
2025-02-06 15:00:00,20277.0,18433.484,19364.0,1843.516,913.0,0.090917,0.045026,15,2,Thursday,0.3,17.7,0.0
2025-02-06 16:00:00,19977.0,19043.658,19976.0,933.342,1.0,0.046721,5e-05,16,2,Thursday,0.3,17.7,0.0
2025-02-06 17:00:00,20044.0,19296.676,20578.0,747.324,534.0,0.037284,0.026641,17,2,Thursday,0.1,17.9,0.0
2025-02-06 18:00:00,20110.0,19291.783,20829.0,818.217,719.0,0.040687,0.035753,18,2,Thursday,0.3,17.7,0.0
2025-02-06 19:00:00,19647.0,19153.984,20381.0,493.016,734.0,0.025094,0.037359,19,2,Thursday,0.2,17.8,0.0
2025-02-06 20:00:00,19365.0,19000.055,20116.0,364.945,751.0,0.018846,0.038781,20,2,Thursday,0.5,17.5,0.0
2025-02-06 21:00:00,19058.0,18293.602,19429.0,764.398,371.0,0.040109,0.019467,21,2,Thursday,0.2,17.8,0.0
2025-02-06 22:00:00,17963.0,17495.387,18359.0,467.613,396.0,0.026032,0.022045,22,2,Thursday,-0.3,18.3,0.0
2025-02-06 23:00:00,16987.0,16957.691,17480.0,29.309,493.0,0.001725,0.029022,23,2,Thursday,-0.4,18.4,0.0
2025-02-07 00:00:00,16447.0,16429.26,16911.0,17.74,464.0,0.001079,0.028212,0,2,Friday,-0.9,18.9,0.0
2025-02-07 01:00:00,16196.0,16091.727,16670.0,104.273,474.0,0.006438,0.029266,1,2,Friday,-3.2,21.2,0.0
2025-02-07 02:00:00,16121.0,15895.787,16445.0,225.213,324.0,0.01397,0.020098,2,2,Friday,-4.7,22.7,0.0
2025-02-07 03:00:00,16042.0,16151.341,16510.0,109.341,468.0,0.006816,0.029173,3,2,Friday,-5.4,23.4,0.0
2025-02-07 04:00:00,16246.0,16435.396,16717.0,189.396,471.0,0.011658,0.028992,4,2,Friday,-6.6,24.6,0.0
2025-02-07 05:00:00,16669.0,17054.277,17251.0,385.277,582.0,0.023113,0.034915,5,2,Friday,-7.3,25.3,0.0
2025-02-07 06:00:00,17919.0,18103.264,18545.0,184.264,626.0,0.010283,0.034935,6,2,Friday,-7.7,25.7,0.0
2025-02-07 07:00:00,19352.0,18812.84,19722.0,539.16,370.0,0.027861,0.019119,7,2,Friday,-7.9,25.9,0.0
2025-02-07 08:00:00,19609.0,18867.607,20195.0,741.393,586.0,0.037809,0.029884,8,2,Friday,-8.1,26.1,0.0
2025-02-07 09:00:00,19210.0,18877.73,20427.0,332.27,1217.0,0.017297,0.063352,9,2,Friday,-7.7,25.7,0.0
2025-02-07 10:00:00,18992.0,18839.482,20664.0,152.518,1672.0,0.008031,0.088037,10,2,Friday,-7.3,25.3,0.0
2025-02-07 11:00:00,18857.0,18727.348,20556.0,129.652,1699.0,0.006876,0.090099,11,2,Friday,-6.7,24.7,0.0
2025-02-07 12:00:00,18603.0,18673.178,20291.0,70.178,1688.0,0.003772,0.090738,12,2,Friday,-6.0,24.0,0.0
2025-02-07 13:00:00,18489.0,18660.658,20169.0,171.658,1680.0,0.009284,0.090865,13,2,Friday,-5.6,23.6,0.0
2025-02-07 14:00:00,18427.0,18640.293,20312.0,213.293,1885.0,0.011575,0.102296,14,2,Friday,-5.3,23.3,0.0
2025-02-07 15:00:00,18572.0,18655.707,20277.0,83.707,1705.0,0.004507,0.091805,15,2,Friday,-5.3,23.3,0.0
2025-02-07 16:00:00,19228.0,19007.533,19977.0,220.467,749.0,0.011466,0.038954,16,2,Friday,-5.2,23.2,0.0
2025-02-07 17:00:00,20108.0,19270.088,20044.0,837.912,64.0,0.041671,0.003183,17,2,Friday,-5.4,23.4,0.0
2025-02-07 18:00:00,20480.0,19415.764,20110.0,1064.236,370.0,0.051965,0.018066,18,2,Friday,-5.9,23.9,0.0
2025-02-07 19:00:00,20121.0,19199.135,19647.0,921.865,474.0,0.045816,0.023557,19,2,Friday,-6.4,24.4,0.0
2025-02-07 20:00:00,19822.0,18968.336,19365.0,853.664,457.0,0.043066,0.023055,20,2,Friday,-6.6,24.6,0.0
2025-02-07 21:00:00,19210.0,18503.785,19058.0,706.215,152.0,0.036763,0.007913,21,2,Friday,-7.0,25.0,0.0
2025-02-07 22:00:00,18256.0,17765.375,17963.0,490.625,293.0,0.026875,0.01605,22,2,Friday,-7.5,25.5,0.0
2025-02-07 23:00:00,17517.0,16881.299,16987.0,635.701,530.0,0.036291,0.030256,23,2,Friday,-8.6,26.6,0.0
2025-02-08 00:00:00,16849.0,15968.538,16447.0,880.462,402.0,0.052256,0.023859,0,2,Saturday,-9.6,27.6,0.0
2025-02-08 01:00:00,16442.0,15879.141,16196.0,562.859,246.0,0.034233,0.014962,1,2,Saturday,-9.6,27.6,0.0
2025-02-08 02:00:00,16146.0,15745.782,16121.0,400.218,25.0,0.024787,0.001548,2,2,Saturday,-9.1,27.1,0.0
2025-02-08 03:00:00,16034.0,15536.228,16042.0,497.772,8.0,0.031045,0.000499,3,2,Saturday,-8.8,26.8,0.0
2025-02-08 04:00:00,16107.0,15407.211,16246.0,699.789,139.0,0.043446,0.00863,4,2,Saturday,-7.8,25.8,0.0
2025-02-08 05:00:00,16309.0,15718.123,16669.0,590.877,360.0,0.03623,0.022074,5,2,Saturday,-7.6,25.6,0.0
2025-02-08 06:00:00,16856.0,16557.596,17919.0,298.404,1063.0,0.017703,0.063064,6,2,Saturday,-8.7,26.7,0.0
2025-02-08 07:00:00,17599.0,17572.37,19352.0,26.63,1753.0,0.001513,0.099608,7,2,Saturday,-10.6,28.6,0.0
2025-02-08 08:00:00,18014.0,17840.787,19609.0,173.213,1595.0,0.009615,0.088542,8,2,Saturday,-9.5,27.5,0.0
2025-02-08 09:00:00,18100.0,17998.242,19210.0,101.758,1110.0,0.005622,0.061326,9,2,Saturday,-8.9,26.9,0.0
2025-02-08 10:00:00,18283.0,17787.83,18992.0,495.17,709.0,0.027084,0.038779,10,2,Saturday,-6.7,24.7,0.0
2025-02-08 11:00:00,18365.0,17582.365,18857.0,782.635,492.0,0.042616,0.02679,11,2,Saturday,-4.7,22.7,0.0
2025-02-08 12:00:00,18658.0,17305.1,18603.0,1352.9,55.0,0.07251,0.002948,12,2,Saturday,-3.5,21.5,0.0
2025-02-08 13:00:00,18685.0,17093.824,18489.0,1591.176,196.0,0.085158,0.01049,13,2,Saturday,-2.7,20.7,0.0
2025-02-08 14:00:00,18532.0,17095.572,18427.0,1436.428,105.0,0.077511,0.005666,14,2,Saturday,-2.9,20.9,0.0
2025-02-08 15:00:00,18727.0,17332.238,18572.0,1394.762,155.0,0.074479,0.008277,15,2,Saturday,-3.0,21.0,0.0
2025-02-08 16:00:00,19060.0,18229.549,19228.0,830.451,168.0,0.04357,0.008814,16,2,Saturday,-3.0,21.0,0.0
2025-02-08 17:00:00,19564.0,18846.22,20108.0,717.78,544.0,0.036689,0.027806,17,2,Saturday,-3.1,21.1,0.0
2025-02-08 18:00:00,19589.0,18971.99,20480.0,617.01,891.0,0.031498,0.045485,18,2,Saturday,-3.1,21.1,0.0
2025-02-08 19:00:00,19266.0,18743.717,20121.0,522.283,855.0,0.027109,0.044379,19,2,Saturday,-2.8,20.8,0.0
2025-02-08 20:00:00,18787.0,18401.225,19822.0,385.775,1035.0,0.020534,0.055091,20,2,Saturday,-2.7,20.7,0.0
2025-02-08 21:00:00,18172.0,17473.658,19210.0,698.342,1038.0,0.03843,0.057121,21,2,Saturday,-2.5,20.5,0.0
2025-02-08 22:00:00,17436.0,16848.975,18256.0,587.025,820.0,0.033667,0.047029,22,2,Saturday,-2.4,20.4,0.0
2025-02-08 23:00:00,16679.0,16424.309,17517.0,254.691,838.0,0.01527,0.050243,23,2,Saturday,-2.6,20.6,0.0
2025-02-09 00:00:00,16136.0,16102.46,16849.0,33.54,713.0,0.002079,0.044187,0,2,Sunday,-2.9,20.9,0.0
2025-02-09 01:00:00,15840.0,15644.92,16442.0,195.08,602.0,0.012316,0.038005,1,2,Sunday,-3.8,21.8,0.0
2025-02-09 02:00:00,15722.0,15465.898,16146.0,256.102,424.0,0.016289,0.026969,2,2,Sunday,-3.9,21.9,0.0
2025-02-09 03:00:00,15687.0,15415.435,16034.0,271.565,347.0,0.017311,0.02212,3,2,Sunday,-4.3,22.3,0.0
2025-02-09 04:00:00,15606.0,15407.497,16107.0,198.503,501.0,0.01272,0.032103,4,2,Sunday,-4.6,22.6,0.0
2025-02-09 05:00:00,15707.0,15464.877,16309.0,242.123,602.0,0.015415,0.038327,5,2,Sunday,-4.8,22.8,0.0
2025-02-09 06:00:00,16198.0,15810.273,16856.0,387.727,658.0,0.023937,0.040622,6,2,Sunday,-4.9,22.9,0.0
2025-02-09 07:00:00,16827.0,16432.676,17599.0,394.324,772.0,0.023434,0.045879,7,2,Sunday,-5.0,23.0,0.0
2025-02-09 08:00:00,17469.0,16776.988,18014.0,692.012,545.0,0.039614,0.031198,8,2,Sunday,-4.9,22.9,0.0
2025-02-09 09:00:00,17950.0,17120.75,18100.0,829.25,150.0,0.046198,0.008357,9,2,Sunday,-4.4,22.4,0.0
2025-02-09 10:00:00,17875.0,17173.078,18283.0,701.922,408.0,0.039268,0.022825,10,2,Sunday,-3.9,21.9,0.0
2025-02-09 11:00:00,17791.0,17116.924,18365.0,674.076,574.0,0.037889,0.032264,11,2,Sunday,-2.0,20.0,0.0
2025-02-09 12:00:00,17879.0,17241.605,18658.0,637.395,779.0,0.03565,0.043571,12,2,Sunday,-1.0,19.0,0.0
2025-02-09 13:00:00,18210.0,17245.092,18685.0,964.908,475.0,0.052988,0.026085,13,2,Sunday,-0.8,18.8,0.0
2025-02-09 14:00:00,18279.0,17142.914,18532.0,1136.086,253.0,0.062153,0.013841,14,2,Sunday,-1.2,19.2,0.0
2025-02-09 15:00:00,18323.0,17383.904,18727.0,939.096,404.0,0.051252,0.022049,15,2,Sunday,-1.4,19.4,0.0
2025-02-09 16:00:00,18983.0,18177.19,19060.0,805.81,77.0,0.042449,0.004056,16,2,Sunday,-1.9,19.9,0.0
2025-02-09 17:00:00,19593.0,18658.807,19564.0,934.193,29.0,0.04768,0.00148,17,2,Sunday,-2.9,20.9,0.0
2025-02-09 18:00:00,19986.0,18830.496,19589.0,1155.504,397.0,0.057816,0.019864,18,2,Sunday,-3.7,21.7,0.0
2025-02-09 19:00:00,19422.0,18604.256,19266.0,817.744,156.0,0.042104,0.008032,19,2,Sunday,-4.3,22.3,0.0
2025-02-09 20:00:00,18692.0,18234.586,18787.0,457.414,95.0,0.024471,0.005082,20,2,Sunday,-4.4,22.4,0.0
2025-02-09 21:00:00,18287.0,17401.871,18172.0,885.129,115.0,0.048402,0.006289,21,2,Sunday,-4.7,22.7,0.0
2025-02-09 22:00:00,17561.0,16752.393,17436.0,808.607,125.0,0.046046,0.007118,22,2,Sunday,-5.2,23.2,0.0
2025-02-09 23:00:00,16950.0,16312.715,16679.0,637.285,271.0,0.037598,0.015988,23,2,Sunday,-5.7,23.7,0.0
2025-02-10 00:00:00,16281.0,16150.318,16136.0,130.682,145.0,0.008027,0.008906,0,2,Monday,-6.1,24.1,0.0
2025-02-10 01:00:00,15886.0,15730.064,15840.0,155.936,46.0,0.009816,0.002896,1,2,Monday,-6.1,24.1,0.0
2025-02-10 02:00:00,15875.0,15569.77,15722.0,305.229,153.0,0.019227,0.009638,2,2,Monday,-6.3,24.3,0.0
2025-02-10 03:00:00,15930.0,15810.96,15687.0,119.04,243.0,0.007473,0.015254,3,2,Monday,-6.5,24.5,0.0
2025-02-10 04:00:00,16169.0,16169.352,15606.0,0.352,563.0,2.2e-05,0.03482,4,2,Monday,-7.1,25.1,0.0
2025-02-10 05:00:00,16715.0,16692.072,15707.0,22.928,1008.0,0.001372,0.060305,5,2,Monday,-7.4,25.4,0.0
2025-02-10 06:00:00,18057.0,17620.432,16198.0,436.568,1859.0,0.024177,0.102952,6,2,Monday,-7.7,25.7,0.0
2025-02-10 07:00:00,19498.0,18354.107,16827.0,1143.893,2671.0,0.058667,0.136988,7,2,Monday,-8.1,26.1,0.0
2025-02-10 08:00:00,19866.0,18611.023,17469.0,1254.977,2397.0,0.063172,0.120658,8,2,Monday,-7.2,25.2,0.0
2025-02-10 09:00:00,19724.0,18694.6,17950.0,1029.4,1774.0,0.05219,0.089941,9,2,Monday,-6.9,24.9,0.0
2025-02-10 10:00:00,19596.0,18622.814,17875.0,973.186,1721.0,0.049662,0.087824,10,2,Monday,-6.2,24.2,0.0
2025-02-10 11:00:00,19158.0,18541.736,17791.0,616.264,1367.0,0.032167,0.071354,11,2,Monday,-5.5,23.5,0.0
2025-02-10 12:00:00,18633.0,18545.111,17879.0,87.889,754.0,0.004717,0.040466,12,2,Monday,-5.3,23.3,0.0
2025-02-10 13:00:00,18567.0,18646.797,18210.0,79.797,357.0,0.004298,0.019228,13,2,Monday,-5.1,23.1,0.0
2025-02-10 14:00:00,18707.0,18657.742,18279.0,49.258,428.0,0.002633,0.022879,14,2,Monday,-5.2,23.2,0.0
2025-02-10 15:00:00,19149.0,18729.475,18323.0,419.525,826.0,0.021908,0.043135,15,2,Monday,-5.5,23.5,0.0
2025-02-10 16:00:00,19992.0,19353.727,18983.0,638.273,1009.0,0.031926,0.05047,16,2,Monday,-6.0,24.0,0.0
2025-02-10 17:00:00,20680.0,19862.744,19593.0,817.256,1087.0,0.039519,0.052563,17,2,Monday,-6.3,24.3,0.0
2025-02-10 18:00:00,20923.0,19927.2,19986.0,995.8,937.0,0.047594,0.044783,18,2,Monday,-6.3,24.3,0.0
2025-02-10 19:00:00,20445.0,19553.082,19422.0,891.918,1023.0,0.043625,0.050037,19,2,Monday,-6.1,24.1,0.0
2025-02-10 20:00:00,19965.0,19065.9,18692.0,899.1,1273.0,0.045034,0.063762,20,2,Monday,-6.3,24.3,0.0
2025-02-10 21:00:00,19167.0,18545.77,18287.0,621.23,880.0,0.032411,0.045912,21,2,Monday,-6.6,24.6,0.0
2025-02-10 22:00:00,18140.0,18013.672,17561.0,126.328,579.0,0.006964,0.031918,22,2,Monday,-7.4,25.4,0.0
2025-02-10 23:00:00,17274.0,16980.867,16950.0,293.133,324.0,0.01697,0.018757,23,2,Monday,-8.0,26.0,0.0
2025-02-11 00:00:00,16614.0,16342.515,16281.0,271.485,333.0,0.016341,0.020043,0,2,Tuesday,-8.6,26.6,0.0
2025-02-11 01:00:00,16215.0,15808.416,15886.0,406.584,329.0,0.025075,0.02029,1,2,Tuesday,-9.1,27.1,0.0
2025-02-11 02:00:00,16032.0,15819.009,15875.0,212.991,157.0,0.013285,0.009793,2,2,Tuesday,-9.6,27.6,0.0
2025-02-11 03:00:00,16090.0,15878.748,15930.0,211.252,160.0,0.013129,0.009944,3,2,Tuesday,-9.9,27.9,0.0
2025-02-11 04:00:00,16331.0,16259.75,16169.0,71.25,162.0,0.004363,0.00992,4,2,Tuesday,-10.1,28.1,0.0
2025-02-11 05:00:00,16994.0,16846.96,16715.0,147.04,279.0,0.008652,0.016418,5,2,Tuesday,-10.0,28.0,0.0
2025-02-11 06:00:00,18298.0,18125.676,18057.0,172.324,241.0,0.009418,0.013171,6,2,Tuesday,-10.0,28.0,0.0
2025-02-11 07:00:00,19590.0,18991.596,19498.0,598.404,92.0,0.030546,0.004696,7,2,Tuesday,-10.1,28.1,0.0
2025-02-11 08:00:00,19689.0,19154.062,19866.0,534.938,177.0,0.027169,0.00899,8,2,Tuesday,-9.8,27.8,0.0
2025-02-11 09:00:00,19542.0,19118.58,19724.0,423.42,182.0,0.021667,0.009313,9,2,Tuesday,-9.1,27.1,0.0
2025-02-11 10:00:00,19259.0,18927.855,19596.0,331.145,337.0,0.017194,0.017498,10,2,Tuesday,-7.9,25.9,0.0
2025-02-11 11:00:00,18774.0,18587.928,19158.0,186.072,384.0,0.009911,0.020454,11,2,Tuesday,-6.9,24.9,0.0
2025-02-11 12:00:00,18316.0,18440.184,18633.0,124.184,317.0,0.00678,0.017307,12,2,Tuesday,-5.9,23.9,0.0
2025-02-11 13:00:00,18289.0,18318.797,18567.0,29.797,278.0,0.001629,0.0152,13,2,Tuesday,-4.9,22.9,0.0
2025-02-11 14:00:00,18311.0,18294.42,18707.0,16.58,396.0,0.000905,0.021626,14,2,Tuesday,-4.2,22.2,0.0
2025-02-11 15:00:00,18692.0,18551.164,19149.0,140.836,457.0,0.007535,0.024449,15,2,Tuesday,-4.0,22.0,0.0
2025-02-11 16:00:00,19434.0,19418.137,19992.0,15.863,558.0,0.000816,0.028713,16,2,Tuesday,-4.9,22.9,0.0
2025-02-11 17:00:00,20134.0,19886.412,20680.0,247.588,546.0,0.012297,0.027118,17,2,Tuesday,-5.9,23.9,0.0
2025-02-11 18:00:00,20513.0,19988.744,20923.0,524.256,410.0,0.025557,0.019987,18,2,Tuesday,-6.6,24.6,0.0
2025-02-11 19:00:00,20473.0,19979.354,20445.0,493.646,28.0,0.024112,0.001368,19,2,Tuesday,-7.5,25.5,0.0
2025-02-11 20:00:00,20162.0,19623.838,19965.0,538.162,197.0,0.026692,0.009771,20,2,Tuesday,-7.4,25.4,0.0
2025-02-11 21:00:00,19494.0,18683.49,19167.0,810.51,327.0,0.041577,0.016774,21,2,Tuesday,-8.3,26.3,0.0
2025-02-11 22:00:00,18541.0,18173.086,18140.0,367.914,401.0,0.019843,0.021628,22,2,Tuesday,-9.0,27.0,0.0
2025-02-11 23:00:00,17808.0,17479.31,17274.0,328.69,534.0,0.018457,0.029987,23,2,Tuesday,-9.2,27.2,0.0
2025-02-12 00:00:00,17035.0,16981.047,16614.0,53.953,421.0,0.003167,0.024714,0,2,Wednesday,-9.9,27.9,0.0
2025-02-12 01:00:00,16538.0,16435.57,16215.0,102.43,323.0,0.006194,0.019531,1,2,Wednesday,-10.3,28.3,0.0
2025-02-12 02:00:00,16534.0,16219.93,16032.0,314.07,502.0,0.018995,0.030362,2,2,Wednesday,-10.3,28.3,0.0
2025-02-12 03:00:00,16618.0,16335.671,16090.0,282.329,528.0,0.016989,0.031773,3,2,Wednesday,-10.3,28.3,0.0
2025-02-12 04:00:00,16810.0,16550.328,16331.0,259.672,479.0,0.015447,0.028495,4,2,Wednesday,-10.0,28.0,0.0
2025-02-12 05:00:00,17471.0,17328.328,16994.0,142.672,477.0,0.008166,0.027302,5,2,Wednesday,-10.1,28.1,0.0
2025-02-12 06:00:00,18610.0,18474.182,18298.0,135.818,312.0,0.007298,0.016765,6,2,Wednesday,-10.6,28.6,0.0
2025-02-12 07:00:00,19804.0,19168.459,19590.0,635.541,214.0,0.032092,0.010806,7,2,Wednesday,-10.6,28.6,0.0
2025-02-12 08:00:00,19650.0,19153.432,19689.0,496.568,39.0,0.025271,0.001985,8,2,Wednesday,-10.1,28.1,0.0
2025-02-12 09:00:00,19534.0,19085.658,19542.0,448.342,8.0,0.022952,0.00041,9,2,Wednesday,-10.0,28.0,0.0
2025-02-12 10:00:00,19195.0,18908.48,19259.0,286.52,64.0,0.014927,0.003334,10,2,Wednesday,-9.5,27.5,0.0
2025-02-12 11:00:00,19053.0,18732.406,18774.0,320.594,279.0,0.016826,0.014643,11,2,Wednesday,-9.0,27.0,0.0
2025-02-12 12:00:00,19146.0,18471.748,18316.0,674.252,830.0,0.035216,0.043351,12,2,Wednesday,-8.4,26.4,0.0
2025-02-12 13:00:00,19266.0,18451.309,18289.0,814.691,977.0,0.042286,0.050711,13,2,Wednesday,-7.7,25.7,0.0
2025-02-12 14:00:00,19607.0,18430.014,18311.0,1176.986,1296.0,0.060029,0.066099,14,2,Wednesday,-7.2,25.2,0.0
2025-02-12 15:00:00,19653.0,18636.953,18692.0,1016.047,961.0,0.051699,0.048898,15,2,Wednesday,-7.0,25.0,0.0
2025-02-12 16:00:00,20257.0,19350.348,19434.0,906.652,823.0,0.044757,0.040628,16,2,Wednesday,-6.6,24.6,0.0
2025-02-12 17:00:00,20970.0,19846.127,20134.0,1123.873,836.0,0.053594,0.039866,17,2,Wednesday,-6.2,24.2,0.0
2025-02-12 18:00:00,21036.0,19776.143,20513.0,1259.857,523.0,0.059891,0.024862,18,2,Wednesday,-5.3,23.3,0.0
2025-02-12 19:00:00,20936.0,19675.924,20473.0,1260.076,463.0,0.060187,0.022115,19,2,Wednesday,-4.6,22.6,0.0
2025-02-12 20:00:00,20540.0,19331.639,20162.0,1208.361,378.0,0.05883,0.018403,20,2,Wednesday,-3.8,21.8,0.0
2025-02-12 21:00:00,19606.0,18533.336,19494.0,1072.664,112.0,0.054711,0.005713,21,2,Wednesday,-3.3,21.3,0.0
2025-02-12 22:00:00,18522.0,17771.895,18541.0,750.105,19.0,0.040498,0.001026,22,2,Wednesday,-2.5,20.5,0.0
2025-02-12 23:00:00,17640.0,17311.912,17808.0,328.088,168.0,0.018599,0.009524,23,2,Wednesday,-1.8,19.8,0.0
2025-02-13 00:00:00,17106.0,16574.941,17035.0,531.059,71.0,0.031045,0.004151,0,2,Thursday,-1.1,19.1,0.0
2025-02-13 01:00:00,16773.0,16117.25,16538.0,655.75,235.0,0.039096,0.014011,1,2,Thursday,-0.5,18.5,0.0
2025-02-13 02:00:00,16807.0,16065.589,16534.0,741.411,273.0,0.044113,0.016243,2,2,Thursday,-0.2,18.2,0.0
2025-02-13 03:00:00,16720.0,16096.58,16618.0,623.42,102.0,0.037286,0.0061,3,2,Thursday,0.3,17.7,0.0
2025-02-13 04:00:00,16771.0,16206.362,16810.0,564.638,39.0,0.033668,0.002325,4,2,Thursday,0.9,17.1,0.0
2025-02-13 05:00:00,17186.0,16973.41,17471.0,212.59,285.0,0.01237,0.016583,5,2,Thursday,1.4,16.6,0.0
2025-02-13 06:00:00,18035.0,17665.076,18610.0,369.924,575.0,0.020511,0.031882,6,2,Thursday,1.5,16.5,0.0
2025-02-13 07:00:00,18700.0,18417.936,19804.0,282.064,1104.0,0.015084,0.059037,7,2,Thursday,1.7,16.3,0.0
2025-02-13 08:00:00,19195.0,18715.55,19650.0,479.45,455.0,0.024978,0.023704,8,2,Thursday,-4.8,22.8,0.0
2025-02-13 09:00:00,19706.0,18709.398,19534.0,996.602,172.0,0.050574,0.008728,9,2,Thursday,-6.1,24.1,0.0
2025-02-13 10:00:00,19755.0,18544.148,19195.0,1210.852,560.0,0.061293,0.028347,10,2,Thursday,-5.8,23.8,0.0
2025-02-13 11:00:00,19554.0,18474.89,19053.0,1079.11,501.0,0.055186,0.025621,11,2,Thursday,-4.8,22.8,0.0
2025-02-13 12:00:00,19451.0,18440.744,19146.0,1010.256,305.0,0.051939,0.01568,12,2,Thursday,-4.6,22.6,0.0
2025-02-13 13:00:00,19160.0,18523.855,19266.0,636.145,106.0,0.033202,0.005532,13,2,Thursday,-4.9,22.9,0.0
2025-02-13 14:00:00,18948.0,18693.31,19607.0,254.69,659.0,0.013442,0.034779,14,2,Thursday,-4.9,22.9,0.0
2025-02-13 15:00:00,19262.0,18753.28,19653.0,508.72,391.0,0.026411,0.020299,15,2,Thursday,-4.4,22.4,0.0
2025-02-13 16:00:00,19733.0,19367.004,20257.0,365.996,524.0,0.018547,0.026555,16,2,Thursday,-4.2,22.2,0.0
2025-02-13 17:00:00,20007.0,19721.299,20970.0,285.701,963.0,0.01428,0.048133,17,2,Thursday,-4.2,22.2,0.0
2025-02-13 18:00:00,20207.0,19750.695,21036.0,456.305,829.0,0.022582,0.041025,18,2,Thursday,-4.6,22.6,0.0
2025-02-13 19:00:00,20185.0,19653.107,20936.0,531.893,751.0,0.026351,0.037206,19,2,Thursday,-4.8,22.8,0.0
2025-02-13 20:00:00,19773.0,19402.846,20540.0,370.154,767.0,0.01872,0.03879,20,2,Thursday,-4.2,22.2,0.0
2025-02-13 21:00:00,19079.0,18753.852,19606.0,325.148,527.0,0.017042,0.027622,21,2,Thursday,-5.2,23.2,0.0
2025-02-13 22:00:00,18127.0,17948.113,18522.0,178.887,395.0,0.009869,0.021791,22,2,Thursday,-5.8,23.8,0.0
2025-02-13 23:00:00,17301.0,17310.072,17640.0,9.072,339.0,0.000524,0.019594,23,2,Thursday,-5.9,23.9,0.0
2025-02-14 00:00:00,16686.0,16730.566,17106.0,44.566,420.0,0.002671,0.025171,0,2,Friday,-6.1,24.1,0.0
2025-02-14 01:00:00,16475.0,16395.885,16773.0,79.115,298.0,0.004802,0.018088,1,2,Friday,-6.0,24.0,0.0
2025-02-14 02:00:00,16428.0,16377.122,16807.0,50.878,379.0,0.003097,0.02307,2,2,Friday,-6.2,24.2,0.0
2025-02-14 03:00:00,16542.0,16356.554,16720.0,185.446,178.0,0.011211,0.01076,3,2,Friday,-6.2,24.2,0.0
2025-02-14 04:00:00,16772.0,16446.623,16771.0,325.377,1.0,0.0194,6e-05,4,2,Friday,-6.2,24.2,0.0
2025-02-14 05:00:00,17317.0,16911.322,17186.0,405.678,131.0,0.023427,0.007565,5,2,Friday,-6.0,24.0,0.0
2025-02-14 06:00:00,18553.0,17731.045,18035.0,821.955,518.0,0.044303,0.02792,6,2,Friday,-6.5,24.5,0.0
2025-02-14 07:00:00,19441.0,18462.326,18700.0,978.674,741.0,0.050341,0.038115,7,2,Friday,-7.2,25.2,0.0
2025-02-14 08:00:00,19449.0,18587.268,19195.0,861.732,254.0,0.044307,0.01306,8,2,Friday,-8.0,26.0,0.0
2025-02-14 09:00:00,19531.0,18761.307,19706.0,769.693,175.0,0.039409,0.00896,9,2,Friday,-8.0,26.0,0.0
2025-02-14 10:00:00,19481.0,18758.121,19755.0,722.879,274.0,0.037107,0.014065,10,2,Friday,-7.6,25.6,0.0
2025-02-14 11:00:00,19076.0,18692.385,19554.0,383.615,478.0,0.02011,0.025058,11,2,Friday,-7.0,25.0,0.0
2025-02-14 12:00:00,18807.0,18533.93,19451.0,273.07,644.0,0.01452,0.034243,12,2,Friday,-6.7,24.7,0.0
2025-02-14 13:00:00,18734.0,18409.752,19160.0,324.248,426.0,0.017308,0.022739,13,2,Friday,-6.3,24.3,0.0
2025-02-14 14:00:00,18791.0,18387.814,18948.0,403.186,157.0,0.021456,0.008355,14,2,Friday,-6.1,24.1,0.0
2025-02-14 15:00:00,19088.0,18428.08,19262.0,659.92,174.0,0.034573,0.009116,15,2,Friday,-6.3,24.3,0.0
2025-02-14 16:00:00,19532.0,18999.754,19733.0,532.246,201.0,0.02725,0.010291,16,2,Friday,-6.5,24.5,0.0
2025-02-14 17:00:00,20075.0,19364.97,20007.0,710.03,68.0,0.035369,0.003387,17,2,Friday,-6.8,24.8,0.0
2025-02-14 18:00:00,20394.0,19615.734,20207.0,778.266,187.0,0.038162,0.009169,18,2,Friday,-8.1,26.1,0.0
2025-02-14 19:00:00,20012.0,19528.158,20185.0,483.842,173.0,0.024178,0.008645,19,2,Friday,-8.2,26.2,0.0
2025-02-14 20:00:00,19617.0,19222.43,19773.0,394.57,156.0,0.020114,0.007952,20,2,Friday,-7.5,25.5,0.0
2025-02-14 21:00:00,19128.0,18522.186,19079.0,605.814,49.0,0.031672,0.002562,21,2,Friday,-7.6,25.6,0.0
2025-02-14 22:00:00,18307.0,18030.26,18127.0,276.74,180.0,0.015117,0.009832,22,2,Friday,-8.1,26.1,0.0
2025-02-14 23:00:00,17477.0,17406.164,17301.0,70.836,176.0,0.004053,0.01007,23,2,Friday,-8.9,26.9,0.0
2025-02-15 00:00:00,16900.0,15986.955,16686.0,913.045,214.0,0.054026,0.012663,0,2,Saturday,-8.9,26.9,0.0
2025-02-15 01:00:00,16423.0,15786.807,16475.0,636.193,52.0,0.038738,0.003166,1,2,Saturday,-9.0,27.0,0.0
2025-02-15 02:00:00,16238.0,15788.304,16428.0,449.696,190.0,0.027694,0.011701,2,2,Saturday,-9.2,27.2,0.0
2025-02-15 03:00:00,16117.0,15799.849,16542.0,317.151,425.0,0.019678,0.02637,3,2,Saturday,-9.2,27.2,0.0
2025-02-15 04:00:00,16087.0,15570.202,16772.0,516.798,685.0,0.032125,0.042581,4,2,Saturday,-7.9,25.9,0.0
2025-02-15 05:00:00,16296.0,15832.579,17317.0,463.421,1021.0,0.028438,0.062653,5,2,Saturday,-6.4,24.4,0.0
2025-02-15 06:00:00,16643.0,16491.133,18553.0,151.867,1910.0,0.009125,0.114763,6,2,Saturday,-5.3,23.3,0.0
2025-02-15 07:00:00,17156.0,16988.947,19441.0,167.053,2285.0,0.009737,0.13319,7,2,Saturday,-4.6,22.6,0.0
2025-02-15 08:00:00,17601.0,17148.299,19449.0,452.701,1848.0,0.02572,0.104994,8,2,Saturday,-3.5,21.5,0.0
2025-02-15 09:00:00,18136.0,17391.637,19531.0,744.363,1395.0,0.041043,0.076919,9,2,Saturday,-3.2,21.2,0.0
2025-02-15 10:00:00,18589.0,17457.092,19481.0,1131.908,892.0,0.060891,0.047985,10,2,Saturday,-3.0,21.0,0.0
2025-02-15 11:00:00,18950.0,17356.5,19076.0,1593.5,126.0,0.08409,0.006649,11,2,Saturday,-2.7,20.7,0.0
2025-02-15 12:00:00,19242.0,17236.627,18807.0,2005.373,435.0,0.104219,0.022607,12,2,Saturday,-2.6,20.6,0.0
2025-02-15 13:00:00,19180.0,17172.742,18734.0,2007.258,446.0,0.104654,0.023253,13,2,Saturday,-2.3,20.3,0.0
2025-02-15 14:00:00,19169.0,17230.477,18791.0,1938.523,378.0,0.101128,0.019719,14,2,Saturday,-2.2,20.2,0.0
2025-02-15 15:00:00,19020.0,17399.064,19088.0,1620.936,68.0,0.085223,0.003575,15,2,Saturday,-1.8,19.8,0.0
2025-02-15 16:00:00,18939.0,18090.16,19532.0,848.84,593.0,0.04482,0.031311,16,2,Saturday,-1.5,19.5,0.0
2025-02-15 17:00:00,19453.0,18445.549,20075.0,1007.451,622.0,0.051789,0.031975,17,2,Saturday,-1.4,19.4,0.0
2025-02-15 18:00:00,19835.0,18572.625,20394.0,1262.375,559.0,0.063644,0.028183,18,2,Saturday,-1.0,19.0,0.0
2025-02-15 19:00:00,19416.0,18292.17,20012.0,1123.83,596.0,0.057882,0.030696,19,2,Saturday,-0.4,18.4,0.0
2025-02-15 20:00:00,18759.0,18148.58,19617.0,610.42,858.0,0.03254,0.045738,20,2,Saturday,-0.9,18.9,0.0
2025-02-15 21:00:00,18081.0,17287.52,19128.0,793.48,1047.0,0.043885,0.057906,21,2,Saturday,-0.9,18.9,0.0
2025-02-15 22:00:00,17407.0,16560.76,18307.0,846.24,900.0,0.048615,0.051703,22,2,Saturday,-1.4,19.4,0.0
2025-02-15 23:00:00,16666.0,16139.028,17477.0,526.972,811.0,0.03162,0.048662,23,2,Saturday,-3.4,21.4,0.0
2025-02-16 00:00:00,16130.0,15662.44,16900.0,467.56,770.0,0.028987,0.047737,0,2,Sunday,-3.7,21.7,0.0
2025-02-16 01:00:00,15897.0,15304.408,16423.0,592.592,526.0,0.037277,0.033088,1,2,Sunday,-3.7,21.7,0.0
2025-02-16 02:00:00,15756.0,15208.724,16238.0,547.276,482.0,0.034734,0.030592,2,2,Sunday,-3.8,21.8,0.0
2025-02-16 03:00:00,15696.0,15156.928,16117.0,539.072,421.0,0.034345,0.026822,3,2,Sunday,-4.0,22.0,0.0
2025-02-16 04:00:00,15603.0,14977.096,16087.0,625.904,484.0,0.040114,0.03102,4,2,Sunday,-4.1,22.1,0.0
2025-02-16 05:00:00,15871.0,15156.762,16296.0,714.238,425.0,0.045003,0.026778,5,2,Sunday,-4.3,22.3,0.0
2025-02-16 06:00:00,16299.0,15559.36,16643.0,739.64,344.0,0.045379,0.021106,6,2,Sunday,-4.5,22.5,0.0
2025-02-16 07:00:00,16677.0,16017.531,17156.0,659.469,479.0,0.039544,0.028722,7,2,Sunday,-4.4,22.4,0.0
2025-02-16 08:00:00,17346.0,16579.344,17601.0,766.656,255.0,0.044198,0.014701,8,2,Sunday,-6.0,24.0,0.0
2025-02-16 09:00:00,17977.0,16938.71,18136.0,1038.29,159.0,0.057757,0.008845,9,2,Sunday,-6.3,24.3,0.0
2025-02-16 10:00:00,18740.0,17148.256,18589.0,1591.744,151.0,0.084938,0.008058,10,2,Sunday,-6.4,24.4,0.0
2025-02-16 11:00:00,19249.0,17418.117,18950.0,1830.883,299.0,0.095116,0.015533,11,2,Sunday,-6.8,24.8,0.0
2025-02-16 12:00:00,19343.0,17479.715,19242.0,1863.285,101.0,0.096329,0.005222,12,2,Sunday,-6.7,24.7,0.0
2025-02-16 13:00:00,19115.0,17581.488,19180.0,1533.512,65.0,0.080226,0.0034,13,2,Sunday,-6.7,24.7,0.0
2025-02-16 14:00:00,18925.0,17566.281,19169.0,1358.719,244.0,0.071795,0.012893,14,2,Sunday,-6.5,24.5,0.0
2025-02-16 15:00:00,18978.0,17796.936,19020.0,1181.064,42.0,0.062233,0.002213,15,2,Sunday,-7.0,25.0,0.0
2025-02-16 16:00:00,19237.0,18418.438,18939.0,818.562,298.0,0.042551,0.015491,16,2,Sunday,-7.0,25.0,0.0
2025-02-16 17:00:00,19616.0,18883.055,19453.0,732.945,163.0,0.037365,0.00831,17,2,Sunday,-7.0,25.0,0.0
2025-02-16 18:00:00,19701.0,19092.498,19835.0,608.502,134.0,0.030887,0.006802,18,2,Sunday,-7.3,25.3,0.0
2025-02-16 19:00:00,19344.0,18888.58,19416.0,455.42,72.0,0.023543,0.003722,19,2,Sunday,-7.7,25.7,0.0
2025-02-16 20:00:00,18804.0,18220.867,18759.0,583.133,45.0,0.031011,0.002393,20,2,Sunday,-7.0,25.0,0.0
2025-02-16 21:00:00,18154.0,17420.494,18081.0,733.506,73.0,0.040405,0.004021,21,2,Sunday,-7.1,25.1,0.0
2025-02-16 22:00:00,17271.0,16759.76,17407.0,511.24,136.0,0.029601,0.007874,22,2,Sunday,-7.3,25.3,0.0
2025-02-16 23:00:00,16660.0,16230.243,16666.0,429.757,6.0,0.025796,0.00036,23,2,Sunday,-7.8,25.8,0.0
2025-02-17 00:00:00,16112.0,15819.647,16130.0,292.353,18.0,0.018145,0.001117,0,2,Monday,-9.0,27.0,0.0
2025-02-17 01:00:00,15730.0,15441.855,15897.0,288.145,167.0,0.018318,0.010617,1,2,Monday,-9.7,27.7,0.0
2025-02-17 02:00:00,15699.0,15373.717,15756.0,325.283,57.0,0.02072,0.003631,2,2,Monday,-10.3,28.3,0.0
2025-02-17 03:00:00,15729.0,15474.321,15696.0,254.679,33.0,0.016192,0.002098,3,2,Monday,-10.4,28.4,0.0
2025-02-17 04:00:00,15828.0,15580.731,15603.0,247.269,225.0,0.015622,0.014215,4,2,Monday,-10.6,28.6,0.0
2025-02-17 05:00:00,16155.0,16100.059,15871.0,54.941,284.0,0.003401,0.01758,5,2,Monday,-10.7,28.7,0.0
2025-02-17 06:00:00,16695.0,16704.432,16299.0,9.432,396.0,0.000565,0.02372,6,2,Monday,-10.6,28.6,0.0
2025-02-17 07:00:00,17078.0,17290.191,16677.0,212.191,401.0,0.012425,0.023481,7,2,Monday,-10.5,28.5,0.0
2025-02-17 08:00:00,17637.0,17776.963,17346.0,139.963,291.0,0.007936,0.016499,8,2,Monday,-9.9,27.9,0.0
2025-02-17 09:00:00,17713.0,18107.031,17977.0,394.031,264.0,0.022245,0.014904,9,2,Monday,-9.4,27.4,0.0
2025-02-17 10:00:00,17732.0,18206.979,18740.0,474.979,1008.0,0.026787,0.056846,10,2,Monday,-8.2,26.2,0.0
2025-02-17 11:00:00,17917.0,18169.336,19249.0,252.336,1332.0,0.014084,0.074343,11,2,Monday,-7.8,25.8,0.0
2025-02-17 12:00:00,18105.0,18129.904,19343.0,24.904,1238.0,0.001376,0.068379,12,2,Monday,-8.1,26.1,0.0
2025-02-17 13:00:00,17928.0,18196.555,19115.0,268.555,1187.0,0.01498,0.066209,13,2,Monday,-8.4,26.4,0.0
2025-02-17 14:00:00,17805.0,18335.291,18925.0,530.291,1120.0,0.029783,0.062904,14,2,Monday,-8.6,26.6,0.0
2025-02-17 15:00:00,18024.0,18387.557,18978.0,363.557,954.0,0.020171,0.052929,15,2,Monday,-8.8,26.8,0.0
2025-02-17 16:00:00,18884.0,18933.082,19237.0,49.082,353.0,0.002599,0.018693,16,2,Monday,-9.1,27.1,0.0
2025-02-17 17:00:00,19659.0,19225.295,19616.0,433.705,43.0,0.022061,0.002187,17,2,Monday,-9.5,27.5,0.0
2025-02-17 18:00:00,19971.0,19271.145,19701.0,699.855,270.0,0.035044,0.01352,18,2,Monday,-10.1,28.1,0.0
2025-02-17 19:00:00,19859.0,19285.906,19344.0,573.094,515.0,0.028858,0.025933,19,2,Monday,-10.6,28.6,0.0
2025-02-17 20:00:00,19505.0,19118.916,18804.0,386.084,701.0,0.019794,0.03594,20,2,Monday,-11.2,29.2,0.0
2025-02-17 21:00:00,18954.0,18558.277,18154.0,395.723,800.0,0.020878,0.042207,21,2,Monday,-11.5,29.5,0.0
2025-02-17 22:00:00,18153.0,17637.045,17271.0,515.955,882.0,0.028423,0.048587,22,2,Monday,-11.7,29.7,0.0
2025-02-17 23:00:00,17233.0,16684.674,16660.0,548.326,573.0,0.031818,0.03325,23,2,Monday,-11.7,29.7,0.0
2025-02-18 00:00:00,16677.0,16356.772,16112.0,320.228,565.0,0.019202,0.033879,0,2,Tuesday,-11.8,29.8,0.0
2025-02-18 01:00:00,16482.0,15898.694,15730.0,583.306,752.0,0.03539,0.045626,1,2,Tuesday,-11.8,29.8,0.0
2025-02-18 02:00:00,16706.0,15761.83,15699.0,944.17,1007.0,0.056517,0.060278,2,2,Tuesday,-11.9,29.9,0.0
2025-02-18 03:00:00,16787.0,15883.423,15729.0,903.577,1058.0,0.053826,0.063025,3,2,Tuesday,-11.7,29.7,0.0
2025-02-18 04:00:00,17000.0,16239.103,15828.0,760.897,1172.0,0.044759,0.068941,4,2,Tuesday,-11.4,29.4,0.0
2025-02-18 05:00:00,17704.0,16859.291,16155.0,844.709,1549.0,0.047713,0.087494,5,2,Tuesday,-11.7,29.7,0.0
2025-02-18 06:00:00,18717.0,17514.94,16695.0,1202.06,2022.0,0.064223,0.10803,6,2,Tuesday,-12.2,30.2,0.0
2025-02-18 07:00:00,19731.0,18089.576,17078.0,1641.424,2653.0,0.08319,0.134458,7,2,Tuesday,-12.7,30.7,0.0
2025-02-18 08:00:00,20001.0,18363.793,17637.0,1637.207,2364.0,0.081856,0.118194,8,2,Tuesday,-12.0,30.0,0.0
2025-02-18 09:00:00,19869.0,18424.502,17713.0,1444.498,2156.0,0.072701,0.108511,9,2,Tuesday,-11.3,29.3,0.0
2025-02-18 10:00:00,19613.0,18361.623,17732.0,1251.377,1881.0,0.063803,0.095906,10,2,Tuesday,-10.4,28.4,0.0
2025-02-18 11:00:00,19436.0,18416.63,17917.0,1019.37,1519.0,0.052448,0.078154,11,2,Tuesday,-9.5,27.5,0.0
2025-02-18 12:00:00,19243.0,18504.617,18105.0,738.383,1138.0,0.038372,0.059138,12,2,Tuesday,-9.0,27.0,0.0
2025-02-18 13:00:00,19214.0,18343.91,17928.0,870.09,1286.0,0.045284,0.06693,13,2,Tuesday,-8.9,26.9,0.0
2025-02-18 14:00:00,19241.0,18340.258,17805.0,900.742,1436.0,0.046814,0.074632,14,2,Tuesday,-9.0,27.0,0.0
2025-02-18 15:00:00,19508.0,18425.31,18024.0,1082.69,1484.0,0.0555,0.076071,15,2,Tuesday,-8.8,26.8,0.0
2025-02-18 16:00:00,20292.0,19100.973,18884.0,1191.027,1408.0,0.058694,0.069387,16,2,Tuesday,-8.8,26.8,0.0
2025-02-18 17:00:00,21142.0,19896.918,19659.0,1245.082,1483.0,0.058891,0.070145,17,2,Tuesday,-8.7,26.7,0.0
2025-02-18 18:00:00,21272.0,19971.164,19971.0,1300.836,1301.0,0.061153,0.06116,18,2,Tuesday,-9.0,27.0,0.0
2025-02-18 19:00:00,21072.0,19863.424,19859.0,1208.576,1213.0,0.057355,0.057565,19,2,Tuesday,-9.2,27.2,0.0
2025-02-18 20:00:00,20591.0,19537.71,19505.0,1053.29,1086.0,0.051153,0.052741,20,2,Tuesday,-9.1,27.1,0.0
2025-02-18 21:00:00,19849.0,18740.945,18954.0,1108.055,895.0,0.055824,0.04509,21,2,Tuesday,-9.0,27.0,0.0
2025-02-18 22:00:00,18808.0,18235.05,18153.0,572.95,655.0,0.030463,0.034826,22,2,Tuesday,-9.1,27.1,0.0
2025-02-18 23:00:00,18129.0,17470.803,17233.0,658.197,896.0,0.036306,0.049424,23,2,Tuesday,-9.2,27.2,0.0
2025-02-19 00:00:00,17566.0,16875.871,16677.0,690.129,889.0,0.039288,0.050609,0,2,Wednesday,-9.1,27.1,0.0
2025-02-19 01:00:00,17270.0,16349.95,16482.0,920.05,788.0,0.053274,0.045628,1,2,Wednesday,-8.8,26.8,0.0
2025-02-19 02:00:00,17184.0,16486.232,16706.0,697.768,478.0,0.040606,0.027817,2,2,Wednesday,-8.8,26.8,0.0
2025-02-19 03:00:00,17120.0,16605.299,16787.0,514.701,333.0,0.030064,0.019451,3,2,Wednesday,-9.3,27.3,0.0
2025-02-19 04:00:00,17157.0,17070.666,17000.0,86.334,157.0,0.005032,0.009151,4,2,Wednesday,-11.1,29.1,0.0
2025-02-19 05:00:00,17623.0,17856.668,17704.0,233.668,81.0,0.013259,0.004596,5,2,Wednesday,-12.8,30.8,0.0
2025-02-19 06:00:00,18866.0,18455.07,18717.0,410.93,149.0,0.021782,0.007898,6,2,Wednesday,-13.7,31.7,0.0
2025-02-19 07:00:00,20024.0,19002.895,19731.0,1021.105,293.0,0.050994,0.014632,7,2,Wednesday,-15.4,33.4,0.0
2025-02-19 08:00:00,20208.0,19028.672,20001.0,1179.328,207.0,0.058359,0.010243,8,2,Wednesday,-14.1,32.1,0.0
2025-02-19 09:00:00,20068.0,18999.22,19869.0,1068.78,199.0,0.053258,0.009916,9,2,Wednesday,-14.4,32.4,0.0
2025-02-19 10:00:00,19811.0,18943.932,19613.0,867.068,198.0,0.043767,0.009994,10,2,Wednesday,-13.9,31.9,0.0
2025-02-19 11:00:00,19582.0,18819.791,19436.0,762.209,146.0,0.038924,0.007456,11,2,Wednesday,-12.8,30.8,0.0
2025-02-19 12:00:00,19258.0,18788.99,19243.0,469.01,15.0,0.024354,0.000779,12,2,Wednesday,-11.7,29.7,0.0
2025-02-19 13:00:00,19284.0,18767.236,19214.0,516.764,70.0,0.026798,0.00363,13,2,Wednesday,-11.0,29.0,0.0
2025-02-19 14:00:00,19552.0,18785.428,19241.0,766.572,311.0,0.039207,0.015906,14,2,Wednesday,-10.4,28.4,0.0
2025-02-19 15:00:00,19854.0,18960.033,19508.0,893.967,346.0,0.045027,0.017427,15,2,Wednesday,-10.0,28.0,0.0
2025-02-19 16:00:00,20502.0,19635.582,20292.0,866.418,210.0,0.04226,0.010243,16,2,Wednesday,-9.9,27.9,0.0
2025-02-19 17:00:00,21000.0,20083.305,21142.0,916.695,142.0,0.043652,0.006762,17,2,Wednesday,-10.8,28.8,0.0
2025-02-19 18:00:00,21302.0,20118.486,21272.0,1183.514,30.0,0.055559,0.001408,18,2,Wednesday,-11.5,29.5,0.0
2025-02-19 19:00:00,20984.0,20067.316,21072.0,916.684,88.0,0.043685,0.004194,19,2,Wednesday,-12.1,30.1,0.0
2025-02-19 20:00:00,20512.0,19774.77,20591.0,737.23,79.0,0.035941,0.003851,20,2,Wednesday,-11.1,29.1,0.0
2025-02-19 21:00:00,19797.0,19153.877,19849.0,643.123,52.0,0.032486,0.002627,21,2,Wednesday,-11.4,29.4,0.0
2025-02-19 22:00:00,18833.0,18484.963,18808.0,348.037,25.0,0.01848,0.001327,22,2,Wednesday,-11.8,29.8,0.0
2025-02-19 23:00:00,18052.0,17984.057,18129.0,67.943,77.0,0.003764,0.004265,23,2,Wednesday,-12.5,30.5,0.0
2025-02-20 00:00:00,17393.0,17511.516,17566.0,118.516,173.0,0.006814,0.009947,0,2,Thursday,-12.5,30.5,0.0
2025-02-20 01:00:00,16924.0,17149.533,17270.0,225.533,346.0,0.013326,0.020444,1,2,Thursday,-12.4,30.4,0.0
2025-02-20 02:00:00,16881.0,17023.6,17184.0,142.6,303.0,0.008447,0.017949,2,2,Thursday,-12.3,30.3,0.0
2025-02-20 03:00:00,16886.0,17038.467,17120.0,152.467,234.0,0.009029,0.013858,3,2,Thursday,-12.6,30.6,0.0
2025-02-20 04:00:00,16888.0,17148.016,17157.0,260.016,269.0,0.015396,0.015928,4,2,Thursday,-12.6,30.6,0.0
2025-02-20 05:00:00,17539.0,17704.75,17623.0,165.75,84.0,0.00945,0.004789,5,2,Thursday,-12.6,30.6,0.0
2025-02-20 06:00:00,18743.0,18469.322,18866.0,273.678,123.0,0.014602,0.006562,6,2,Thursday,-12.5,30.5,0.0
2025-02-20 07:00:00,19991.0,19010.121,20024.0,980.879,33.0,0.049066,0.001651,7,2,Thursday,-12.6,30.6,0.0
2025-02-20 08:00:00,20076.0,18992.47,20208.0,1083.53,132.0,0.053971,0.006575,8,2,Thursday,-12.4,30.4,0.0
2025-02-20 09:00:00,19880.0,19012.504,20068.0,867.496,188.0,0.043637,0.009457,9,2,Thursday,-12.1,30.1,0.0
2025-02-20 10:00:00,19670.0,18968.729,19811.0,701.271,141.0,0.035652,0.007168,10,2,Thursday,-11.9,29.9,0.0
2025-02-20 11:00:00,19327.0,18962.182,19582.0,364.818,255.0,0.018876,0.013194,11,2,Thursday,-11.6,29.6,0.0
2025-02-20 12:00:00,18895.0,18791.84,19258.0,103.16,363.0,0.00546,0.019211,12,2,Thursday,-11.2,29.2,0.0
2025-02-20 13:00:00,18897.0,18755.201,19284.0,141.799,387.0,0.007504,0.020479,13,2,Thursday,-11.1,29.1,0.0
2025-02-20 14:00:00,19071.0,18865.664,19552.0,205.336,481.0,0.010767,0.025222,14,2,Thursday,-10.6,28.6,0.0
2025-02-20 15:00:00,19393.0,18987.018,19854.0,405.982,461.0,0.020934,0.023771,15,2,Thursday,-10.2,28.2,0.0
2025-02-20 16:00:00,20008.0,19575.13,20502.0,432.87,494.0,0.021635,0.02469,16,2,Thursday,-10.1,28.1,0.0
2025-02-20 17:00:00,20462.0,20017.123,21000.0,444.877,538.0,0.021742,0.026293,17,2,Thursday,-10.3,28.3,0.0
2025-02-20 18:00:00,20676.0,20124.73,21302.0,551.27,626.0,0.026662,0.030277,18,2,Thursday,-10.5,28.5,0.0
2025-02-20 19:00:00,20709.0,19967.686,20984.0,741.314,275.0,0.035797,0.013279,19,2,Thursday,-10.4,28.4,0.0
2025-02-20 20:00:00,20179.0,19638.846,20512.0,540.154,333.0,0.026768,0.016502,20,2,Thursday,-9.4,27.4,0.0
2025-02-20 21:00:00,19478.0,18973.094,19797.0,504.906,319.0,0.025922,0.016377,21,2,Thursday,-9.2,27.2,0.0
2025-02-20 22:00:00,18597.0,18345.666,18833.0,251.334,236.0,0.013515,0.01269,22,2,Thursday,-9.2,27.2,0.0
2025-02-20 23:00:00,17909.0,17752.803,18052.0,156.197,143.0,0.008722,0.007985,23,2,Thursday,-9.3,27.3,0.0
2025-02-21 00:00:00,17265.0,17184.174,17393.0,80.826,128.0,0.004681,0.007414,0,2,Friday,-9.6,27.6,0.0
2025-02-21 01:00:00,16782.0,16732.18,16924.0,49.82,142.0,0.002969,0.008461,1,2,Friday,-9.7,27.7,0.0
2025-02-21 02:00:00,16738.0,16671.97,16881.0,66.03,143.0,0.003945,0.008543,2,2,Friday,-10.3,28.3,0.0
2025-02-21 03:00:00,16685.0,16722.5,16886.0,37.5,201.0,0.002248,0.012047,3,2,Friday,-11.1,29.1,0.0
2025-02-21 04:00:00,16885.0,16887.44,16888.0,2.44,3.0,0.000145,0.000178,4,2,Friday,-11.6,29.6,0.0
2025-02-21 05:00:00,17334.0,17694.486,17539.0,360.486,205.0,0.020796,0.011826,5,2,Friday,-12.1,30.1,0.0
2025-02-21 06:00:00,18582.0,18459.271,18743.0,122.729,161.0,0.006605,0.008664,6,2,Friday,-12.4,30.4,0.0
2025-02-21 07:00:00,19753.0,18879.816,19991.0,873.184,238.0,0.044205,0.012049,7,2,Friday,-12.6,30.6,0.0
2025-02-21 08:00:00,19927.0,18845.877,20076.0,1081.123,149.0,0.054254,0.007477,8,2,Friday,-11.1,29.1,0.0
2025-02-21 09:00:00,20007.0,18843.008,19880.0,1163.992,127.0,0.058179,0.006348,9,2,Friday,-10.5,28.5,0.0
2025-02-21 10:00:00,19751.0,18821.232,19670.0,929.768,81.0,0.047074,0.004101,10,2,Friday,-9.8,27.8,0.0
2025-02-21 11:00:00,19383.0,18624.68,19327.0,758.32,56.0,0.039123,0.002889,11,2,Friday,-9.1,27.1,0.0
2025-02-21 12:00:00,18952.0,18528.0,18895.0,424.0,57.0,0.022372,0.003008,12,2,Friday,-8.6,26.6,0.0
2025-02-21 13:00:00,18595.0,18417.031,18897.0,177.969,302.0,0.009571,0.016241,13,2,Friday,-8.1,26.1,0.0
2025-02-21 14:00:00,18434.0,18449.125,19071.0,15.125,637.0,0.00082,0.034556,14,2,Friday,-7.5,25.5,0.0
2025-02-21 15:00:00,18487.0,18524.768,19393.0,37.768,906.0,0.002043,0.049007,15,2,Friday,-7.0,25.0,0.0
2025-02-21 16:00:00,19180.0,19024.932,20008.0,155.068,828.0,0.008085,0.04317,16,2,Friday,-6.9,24.9,0.0
2025-02-21 17:00:00,19940.0,19475.393,20462.0,464.607,522.0,0.0233,0.026179,17,2,Friday,-7.6,25.6,0.0
2025-02-21 18:00:00,20348.0,19598.053,20676.0,749.947,328.0,0.036856,0.01612,18,2,Friday,-8.9,26.9,0.0
2025-02-21 19:00:00,20097.0,19556.969,20709.0,540.031,612.0,0.026871,0.030452,19,2,Friday,-9.7,27.7,0.0
2025-02-21 20:00:00,19547.0,19318.87,20179.0,228.13,632.0,0.011671,0.032332,20,2,Friday,-11.0,29.0,0.0
2025-02-21 21:00:00,18960.0,18762.238,19478.0,197.762,518.0,0.01043,0.027321,21,2,Friday,-11.1,29.1,0.0
2025-02-21 22:00:00,17934.0,18346.283,18597.0,412.283,663.0,0.022989,0.036969,22,2,Friday,-11.4,29.4,0.0
2025-02-21 23:00:00,17058.0,17818.934,17909.0,760.934,851.0,0.044609,0.049889,23,2,Friday,-11.3,29.3,0.0
2025-02-22 00:00:00,16579.0,16359.93,17265.0,219.07,686.0,0.013214,0.041378,0,2,Saturday,-10.2,28.2,0.0
2025-02-22 01:00:00,16184.0,15794.282,16782.0,389.718,598.0,0.02408,0.03695,1,2,Saturday,-9.4,27.4,0.0
2025-02-22 02:00:00,15931.0,15575.77,16738.0,355.23,807.0,0.022298,0.050656,2,2,Saturday,-8.4,26.4,0.0
2025-02-22 03:00:00,15798.0,15519.935,16685.0,278.065,887.0,0.017601,0.056146,3,2,Saturday,-7.6,25.6,0.0
2025-02-22 04:00:00,15850.0,15496.308,16885.0,353.692,1035.0,0.022315,0.0653,4,2,Saturday,-7.8,25.8,0.0
2025-02-22 05:00:00,16213.0,15804.695,17334.0,408.305,1121.0,0.025184,0.069142,5,2,Saturday,-8.1,26.1,0.0
2025-02-22 06:00:00,16780.0,16427.826,18582.0,352.174,1802.0,0.020988,0.10739,6,2,Saturday,-8.0,26.0,0.0
2025-02-22 07:00:00,17368.0,17154.932,19753.0,213.068,2385.0,0.012268,0.137322,7,2,Saturday,-8.2,26.2,0.0
2025-02-22 08:00:00,17786.0,17223.81,19927.0,562.19,2141.0,0.031609,0.120376,8,2,Saturday,-7.6,25.6,0.0
2025-02-22 09:00:00,17969.0,17451.113,20007.0,517.887,2038.0,0.028821,0.113418,9,2,Saturday,-7.0,25.0,0.0
2025-02-22 10:00:00,17885.0,17428.832,19751.0,456.168,1866.0,0.025506,0.104333,10,2,Saturday,-6.1,24.1,0.0
2025-02-22 11:00:00,17935.0,17326.477,19383.0,608.523,1448.0,0.033929,0.080736,11,2,Saturday,-5.0,23.0,0.0
2025-02-22 12:00:00,17743.0,17156.535,18952.0,586.465,1209.0,0.033053,0.06814,12,2,Saturday,-4.3,22.3,0.0
2025-02-22 13:00:00,17297.0,17013.15,18595.0,283.85,1298.0,0.01641,0.075042,13,2,Saturday,-3.9,21.9,0.0
2025-02-22 14:00:00,17260.0,16868.766,18434.0,391.234,1174.0,0.022667,0.068019,14,2,Saturday,-3.7,21.7,0.0
2025-02-22 15:00:00,17627.0,17048.396,18487.0,578.604,860.0,0.032825,0.048789,15,2,Saturday,-3.7,21.7,0.0
2025-02-22 16:00:00,18341.0,17949.25,19180.0,391.75,839.0,0.021359,0.045745,16,2,Saturday,-3.9,21.9,0.0
2025-02-22 17:00:00,19044.0,18500.97,19940.0,543.03,896.0,0.028514,0.047049,17,2,Saturday,-4.1,22.1,0.0
2025-02-22 18:00:00,19220.0,18680.45,20348.0,539.55,1128.0,0.028072,0.058689,18,2,Saturday,-4.5,22.5,0.0
2025-02-22 19:00:00,18823.0,18573.15,20097.0,249.85,1274.0,0.013274,0.067683,19,2,Saturday,-4.5,22.5,0.0
2025-02-22 20:00:00,18288.0,18028.184,19547.0,259.816,1259.0,0.014207,0.068843,20,2,Saturday,-3.4,21.4,0.0
2025-02-22 21:00:00,17790.0,17131.025,18960.0,658.975,1170.0,0.037042,0.065767,21,2,Saturday,-3.4,21.4,0.0
2025-02-22 22:00:00,17269.0,16348.829,17934.0,920.171,665.0,0.053285,0.038508,22,2,Saturday,-3.3,21.3,0.0
2025-02-22 23:00:00,16624.0,15742.781,17058.0,881.219,434.0,0.053009,0.026107,23,2,Saturday,-3.4,21.4,0.0
2025-02-23 00:00:00,15980.0,15525.312,16579.0,454.688,599.0,0.028454,0.037484,0,2,Sunday,-3.7,21.7,0.0
2025-02-23 01:00:00,15588.0,15150.471,16184.0,437.529,596.0,0.028068,0.038235,1,2,Sunday,-3.6,21.6,0.0
2025-02-23 02:00:00,15457.0,14949.293,15931.0,507.707,474.0,0.032846,0.030666,2,2,Sunday,-3.3,21.3,0.0
2025-02-23 03:00:00,15437.0,14875.932,15798.0,561.068,361.0,0.036346,0.023385,3,2,Sunday,-3.3,21.3,0.0
2025-02-23 04:00:00,15381.0,14772.311,15850.0,608.689,469.0,0.039574,0.030492,4,2,Sunday,-3.3,21.3,0.0
2025-02-23 05:00:00,15526.0,15145.862,16213.0,380.138,687.0,0.024484,0.044248,5,2,Sunday,-3.5,21.5,0.0
2025-02-23 06:00:00,15984.0,15457.085,16780.0,526.915,796.0,0.032965,0.0498,6,2,Sunday,-3.9,21.9,0.0
2025-02-23 07:00:00,16480.0,16059.103,17368.0,420.897,888.0,0.02554,0.053883,7,2,Sunday,-4.0,22.0,0.0
2025-02-23 08:00:00,17104.0,16378.977,17786.0,725.023,682.0,0.042389,0.039874,8,2,Sunday,-2.7,20.7,0.0
2025-02-23 09:00:00,17567.0,16611.695,17969.0,955.305,402.0,0.054381,0.022884,9,2,Sunday,-2.2,20.2,0.0
2025-02-23 10:00:00,17395.0,16687.922,17885.0,707.078,490.0,0.040648,0.028169,10,2,Sunday,-2.0,20.0,0.0
2025-02-23 11:00:00,17566.0,16674.203,17935.0,891.797,369.0,0.050768,0.021006,11,2,Sunday,-1.4,19.4,0.0
2025-02-23 12:00:00,17663.0,16606.492,17743.0,1056.508,80.0,0.059815,0.004529,12,2,Sunday,-1.2,19.2,0.0
2025-02-23 13:00:00,17473.0,16518.996,17297.0,954.004,176.0,0.054599,0.010073,13,2,Sunday,-1.0,19.0,0.0
2025-02-23 14:00:00,17503.0,16547.988,17260.0,955.012,243.0,0.054563,0.013883,14,2,Sunday,-0.6,18.6,0.0
2025-02-23 15:00:00,17720.0,16950.295,17627.0,769.705,93.0,0.043437,0.005248,15,2,Sunday,-0.5,18.5,0.0
2025-02-23 16:00:00,18426.0,17627.566,18341.0,798.434,85.0,0.043332,0.004613,16,2,Sunday,-0.7,18.7,0.0
2025-02-23 17:00:00,18885.0,18142.66,19044.0,742.34,159.0,0.039308,0.008419,17,2,Sunday,-1.1,19.1,0.0
2025-02-23 18:00:00,19291.0,18177.447,19220.0,1113.553,71.0,0.057724,0.00368,18,2,Sunday,-1.6,19.6,0.0
2025-02-23 19:00:00,19072.0,17995.676,18823.0,1076.324,249.0,0.056435,0.013056,19,2,Sunday,-2.2,20.2,0.0
2025-02-23 20:00:00,18481.0,17606.037,18288.0,874.963,193.0,0.047344,0.010443,20,2,Sunday,-2.2,20.2,0.0
2025-02-23 21:00:00,17823.0,16950.32,17790.0,872.68,33.0,0.048964,0.001852,21,2,Sunday,-2.7,20.7,0.0
2025-02-23 22:00:00,17025.0,16454.01,17269.0,570.99,244.0,0.033538,0.014332,22,2,Sunday,-2.9,20.9,0.0
2025-02-23 23:00:00,16081.0,15810.03,16624.0,270.97,543.0,0.01685,0.033767,23,2,Sunday,-2.9,20.9,0.0
2025-02-24 00:00:00,15400.0,15797.886,15980.0,397.886,580.0,0.025837,0.037662,0,2,Monday,-2.9,20.9,0.0
2025-02-24 01:00:00,14904.0,15426.457,15588.0,522.457,684.0,0.035055,0.045894,1,2,Monday,-2.2,20.2,0.0
2025-02-24 02:00:00,14786.0,15278.591,15457.0,492.591,671.0,0.033315,0.045381,2,2,Monday,-1.9,19.9,0.0
2025-02-24 03:00:00,14828.0,15462.518,15437.0,634.518,609.0,0.042792,0.041071,3,2,Monday,-2.0,20.0,0.0
2025-02-24 04:00:00,14967.0,15701.268,15381.0,734.268,414.0,0.049059,0.027661,4,2,Monday,-2.3,20.3,0.0
2025-02-24 05:00:00,15578.0,16146.098,15526.0,568.098,52.0,0.036468,0.003338,5,2,Monday,-1.8,19.8,0.0
2025-02-24 06:00:00,16916.0,16885.627,15984.0,30.373,932.0,0.001796,0.055096,6,2,Monday,-1.6,19.6,0.0
2025-02-24 07:00:00,18091.0,17656.703,16480.0,434.297,1611.0,0.024006,0.08905,7,2,Monday,-1.2,19.2,0.0
2025-02-24 08:00:00,18045.0,17882.299,17104.0,162.701,941.0,0.009016,0.052147,8,2,Monday,0.3,17.7,0.0
2025-02-24 09:00:00,17993.0,17972.352,17567.0,20.648,426.0,0.001148,0.023676,9,2,Monday,0.8,17.2,0.0
2025-02-24 10:00:00,17924.0,17820.89,17395.0,103.11,529.0,0.005753,0.029514,10,2,Monday,1.4,16.6,0.0
2025-02-24 11:00:00,17541.0,17839.57,17566.0,298.57,25.0,0.017021,0.001425,11,2,Monday,2.1,15.9,0.0
2025-02-24 12:00:00,17338.0,17766.074,17663.0,428.074,325.0,0.02469,0.018745,12,2,Monday,2.6,15.4,0.0
2025-02-24 13:00:00,17200.0,17656.273,17473.0,456.273,273.0,0.026528,0.015872,13,2,Monday,3.1,14.9,0.0
2025-02-24 14:00:00,17164.0,17545.668,17503.0,381.668,339.0,0.022237,0.019751,14,2,Monday,3.6,14.4,0.0
2025-02-24 15:00:00,17223.0,17706.848,17720.0,483.848,497.0,0.028093,0.028857,15,2,Monday,3.8,14.2,0.0
2025-02-24 16:00:00,17895.0,18212.377,18426.0,317.377,531.0,0.017736,0.029673,16,2,Monday,3.8,14.2,0.0
2025-02-24 17:00:00,18545.0,18480.154,18885.0,64.846,340.0,0.003497,0.018334,17,2,Monday,3.6,14.4,0.0
2025-02-24 18:00:00,18840.0,18639.656,19291.0,200.344,451.0,0.010634,0.023938,18,2,Monday,3.3,14.7,0.0
2025-02-24 19:00:00,18680.0,18530.01,19072.0,149.99,392.0,0.008029,0.020985,19,2,Monday,3.1,14.9,0.0
2025-02-24 20:00:00,18218.0,18156.33,18481.0,61.67,263.0,0.003385,0.014436,20,2,Monday,3.9,14.1,0.0
2025-02-24 21:00:00,17503.0,17650.06,17823.0,147.06,320.0,0.008402,0.018283,21,2,Monday,3.7,14.3,0.0
2025-02-24 22:00:00,16570.0,16674.732,17025.0,104.732,455.0,0.006321,0.027459,22,2,Monday,3.5,14.5,0.0
2025-02-24 23:00:00,15812.0,16083.73,16081.0,271.73,269.0,0.017185,0.017012,23,2,Monday,3.3,14.7,0.0
2025-02-25 00:00:00,15349.0,15412.16,15400.0,63.16,51.0,0.004115,0.003323,0,2,Tuesday,3.2,14.8,0.0
2025-02-25 01:00:00,14825.0,14984.55,14904.0,159.55,79.0,0.010762,0.005329,1,2,Tuesday,3.0,15.0,0.0
2025-02-25 02:00:00,14657.0,14877.743,14786.0,220.743,129.0,0.015061,0.008801,2,2,Tuesday,2.9,15.1,0.0
2025-02-25 03:00:00,14509.0,14969.193,14828.0,460.193,319.0,0.031718,0.021986,3,2,Tuesday,2.8,15.2,0.0
2025-02-25 04:00:00,14824.0,15234.97,14967.0,410.97,143.0,0.027723,0.009647,4,2,Tuesday,2.3,15.7,0.0
2025-02-25 05:00:00,15501.0,15946.467,15578.0,445.467,77.0,0.028738,0.004967,5,2,Tuesday,1.8,16.2,0.0
2025-02-25 06:00:00,16832.0,16871.41,16916.0,39.41,84.0,0.002341,0.00499,6,2,Tuesday,1.6,16.4,0.0
2025-02-25 07:00:00,18011.0,17775.135,18091.0,235.865,80.0,0.013096,0.004442,7,2,Tuesday,1.5,16.5,0.0
2025-02-25 08:00:00,18173.0,17721.693,18045.0,451.307,128.0,0.024834,0.007043,8,2,Tuesday,2.0,16.0,0.0
2025-02-25 09:00:00,18020.0,17701.342,17993.0,318.658,27.0,0.017684,0.001498,9,2,Tuesday,2.2,15.8,0.0
2025-02-25 10:00:00,17568.0,17679.186,17924.0,111.186,356.0,0.006329,0.020264,10,2,Tuesday,2.3,15.7,0.0
2025-02-25 11:00:00,17015.0,17318.44,17541.0,303.44,526.0,0.017834,0.030914,11,2,Tuesday,2.9,15.1,0.0
2025-02-25 12:00:00,16782.0,17226.172,17338.0,444.172,556.0,0.026467,0.033131,12,2,Tuesday,3.1,14.9,0.0
2025-02-25 13:00:00,16829.0,17033.207,17200.0,204.207,371.0,0.012134,0.022045,13,2,Tuesday,3.6,14.4,0.0
2025-02-25 14:00:00,16856.0,17023.0,17164.0,167.0,308.0,0.009907,0.018272,14,2,Tuesday,3.9,14.1,0.0
2025-02-25 15:00:00,17083.0,17181.572,17223.0,98.572,140.0,0.00577,0.008195,15,2,Tuesday,3.8,14.2,0.0
2025-02-25 16:00:00,17924.0,17730.824,17895.0,193.176,29.0,0.010778,0.001618,16,2,Tuesday,3.4,14.6,0.0
2025-02-25 17:00:00,18723.0,18161.47,18545.0,561.53,178.0,0.029991,0.009507,17,2,Tuesday,3.0,15.0,0.0
2025-02-25 18:00:00,18823.0,18541.645,18840.0,281.355,17.0,0.014947,0.000903,18,2,Tuesday,1.7,16.3,0.0
2025-02-25 19:00:00,18937.0,18244.889,18680.0,692.111,257.0,0.036548,0.013571,19,2,Tuesday,1.9,16.1,0.0
2025-02-25 20:00:00,18616.0,18018.135,18218.0,597.865,398.0,0.032116,0.021379,20,2,Tuesday,1.8,16.2,0.0
2025-02-25 21:00:00,17919.0,17432.252,17503.0,486.748,416.0,0.027164,0.023216,21,2,Tuesday,1.7,16.3,0.0
2025-02-25 22:00:00,16919.0,16609.908,16570.0,309.092,349.0,0.018269,0.020628,22,2,Tuesday,1.5,16.5,0.0
2025-02-25 23:00:00,16040.0,16047.523,15812.0,7.523,228.0,0.000469,0.014214,23,2,Tuesday,1.1,16.9,0.0
2025-02-26 00:00:00,15387.0,15541.377,15349.0,154.377,38.0,0.010033,0.00247,0,2,Wednesday,0.8,17.2,0.0
2025-02-26 01:00:00,14853.0,15022.566,14825.0,169.566,28.0,0.011416,0.001885,1,2,Wednesday,0.6,17.4,0.0
2025-02-26 02:00:00,14872.0,14828.479,14657.0,43.521,215.0,0.002926,0.014457,2,2,Wednesday,-0.3,18.3,0.0
2025-02-26 03:00:00,14858.0,14811.322,14509.0,46.678,349.0,0.003142,0.023489,3,2,Wednesday,-1.2,19.2,0.0
2025-02-26 04:00:00,15148.0,15153.789,14824.0,5.789,324.0,0.000382,0.021389,4,2,Wednesday,-2.4,20.4,0.0
2025-02-26 05:00:00,15884.0,15867.171,15501.0,16.829,383.0,0.001059,0.024112,5,2,Wednesday,-3.4,21.4,0.0
2025-02-26 06:00:00,17205.0,17059.738,16832.0,145.262,373.0,0.008443,0.02168,6,2,Wednesday,-4.1,22.1,0.0
2025-02-26 07:00:00,18191.0,18007.572,18011.0,183.428,180.0,0.010083,0.009895,7,2,Wednesday,-4.4,22.4,0.0
2025-02-26 08:00:00,17995.0,17972.643,18173.0,22.357,178.0,0.001242,0.009892,8,2,Wednesday,-2.4,20.4,0.0
2025-02-26 09:00:00,17096.0,17880.393,18020.0,784.393,924.0,0.045882,0.054048,9,2,Wednesday,-2.1,20.1,0.0
2025-02-26 10:00:00,16794.0,17644.309,17568.0,850.309,774.0,0.050632,0.046088,10,2,Wednesday,-0.9,18.9,0.0
2025-02-26 11:00:00,16810.0,17233.715,17015.0,423.715,205.0,0.025206,0.012195,11,2,Wednesday,0.9,17.1,0.0
2025-02-26 12:00:00,16979.0,16955.754,16782.0,23.246,197.0,0.001369,0.011603,12,2,Wednesday,1.9,16.1,0.0
2025-02-26 13:00:00,16872.0,16954.643,16829.0,82.643,43.0,0.004898,0.002549,13,2,Wednesday,2.1,15.9,0.0
2025-02-26 14:00:00,16846.0,17044.643,16856.0,198.643,10.0,0.011792,0.000594,14,2,Wednesday,2.1,15.9,0.0
2025-02-26 15:00:00,16846.0,17280.043,17083.0,434.043,237.0,0.025765,0.014069,15,2,Wednesday,1.7,16.3,0.0
2025-02-26 16:00:00,17431.0,17892.701,17924.0,461.701,493.0,0.026487,0.028283,16,2,Wednesday,1.3,16.7,0.0
2025-02-26 17:00:00,18304.0,18541.844,18723.0,237.844,419.0,0.012994,0.022891,17,2,Wednesday,0.8,17.2,0.0
2025-02-26 18:00:00,18956.0,18868.955,18823.0,87.045,133.0,0.004592,0.007016,18,2,Wednesday,-1.6,19.6,0.0
2025-02-26 19:00:00,18870.0,18871.396,18937.0,1.396,67.0,7.4e-05,0.003551,19,2,Wednesday,-2.1,20.1,0.0
2025-02-26 20:00:00,18601.0,18471.44,18616.0,129.56,15.0,0.006965,0.000806,20,2,Wednesday,-1.0,19.0,0.0
2025-02-26 21:00:00,17781.0,17813.404,17919.0,32.404,138.0,0.001822,0.007761,21,2,Wednesday,-1.3,19.3,0.0
2025-02-26 22:00:00,17088.0,16906.393,16919.0,181.607,169.0,0.010628,0.00989,22,2,Wednesday,-1.4,19.4,0.0
2025-02-26 23:00:00,16224.0,16270.294,16040.0,46.294,184.0,0.002853,0.011341,23,2,Wednesday,-0.9,18.9,0.0
2025-02-27 00:00:00,15540.0,15609.967,15387.0,69.967,153.0,0.004502,0.009846,0,2,Thursday,-0.4,18.4,0.0
2025-02-27 01:00:00,15037.0,14999.841,14853.0,37.159,184.0,0.002471,0.012236,1,2,Thursday,0.2,17.8,0.0
2025-02-27 02:00:00,15154.0,14962.43,14872.0,191.57,282.0,0.012642,0.018609,2,2,Thursday,0.4,17.6,0.0
2025-02-27 03:00:00,15175.0,14972.246,14858.0,202.754,317.0,0.013361,0.02089,3,2,Thursday,0.3,17.7,0.0
2025-02-27 04:00:00,15367.0,15178.547,15148.0,188.453,219.0,0.012263,0.014251,4,2,Thursday,0.4,17.6,0.0
2025-02-27 05:00:00,16033.0,15995.037,15884.0,37.963,149.0,0.002368,0.009293,5,2,Thursday,0.4,17.6,0.0
2025-02-27 06:00:00,17275.0,17002.428,17205.0,272.572,70.0,0.015778,0.004052,6,2,Thursday,0.5,17.5,0.0
2025-02-27 07:00:00,18567.0,17838.24,18191.0,728.76,376.0,0.03925,0.020251,7,2,Thursday,0.5,17.5,0.0
2025-02-27 08:00:00,18926.0,17732.268,17995.0,1193.732,931.0,0.063074,0.049192,8,2,Thursday,0.5,17.5,0.0
2025-02-27 09:00:00,18547.0,17309.94,17096.0,1237.06,1451.0,0.066699,0.078234,9,2,Thursday,0.6,17.4,0.0
2025-02-27 10:00:00,18365.0,17033.807,16794.0,1331.193,1571.0,0.072485,0.085543,10,2,Thursday,0.9,17.1,0.0
2025-02-27 11:00:00,18262.0,16955.178,16810.0,1306.822,1452.0,0.07156,0.079509,11,2,Thursday,1.5,16.5,0.0
2025-02-27 12:00:00,18048.0,17038.12,16979.0,1009.88,1069.0,0.055955,0.059231,12,2,Thursday,1.7,16.3,0.0
2025-02-27 13:00:00,17861.0,16988.36,16872.0,872.64,989.0,0.048857,0.055372,13,2,Thursday,1.9,16.1,0.0
2025-02-27 14:00:00,17349.0,16916.426,16846.0,432.574,503.0,0.024934,0.028993,14,2,Thursday,2.5,15.5,0.0
2025-02-27 15:00:00,17720.0,16917.164,16846.0,802.836,874.0,0.045307,0.049323,15,2,Thursday,2.9,15.1,0.0
2025-02-27 16:00:00,18810.0,17387.018,17431.0,1422.982,1379.0,0.07565,0.073312,16,2,Thursday,2.7,15.3,0.0
2025-02-27 17:00:00,19112.0,18117.633,18304.0,994.367,808.0,0.052028,0.042277,17,2,Thursday,2.6,15.4,0.0
2025-02-27 18:00:00,19067.0,18504.445,18956.0,562.555,111.0,0.029504,0.005822,18,2,Thursday,2.4,15.6,0.0
2025-02-27 19:00:00,18847.0,18420.502,18870.0,426.498,23.0,0.022629,0.00122,19,2,Thursday,1.7,16.3,0.0
2025-02-27 20:00:00,18412.0,18230.865,18601.0,181.135,189.0,0.009838,0.010265,20,2,Thursday,1.4,16.6,0.0
2025-02-27 21:00:00,17831.0,17558.428,17781.0,272.572,50.0,0.015286,0.002804,21,2,Thursday,1.4,16.6,0.0
2025-02-27 22:00:00,17047.0,16837.947,17088.0,209.053,41.0,0.012263,0.002405,22,2,Thursday,1.7,16.3,0.0
2025-02-27 23:00:00,16306.0,16296.708,16224.0,9.292,82.0,0.00057,0.005029,23,2,Thursday,1.7,16.3,0.0
2025-02-28 00:00:00,15787.0,15643.847,15540.0,143.153,247.0,0.009068,0.015646,0,2,Friday,0.1,17.9,0.0
2025-02-28 01:00:00,15246.0,15217.302,15037.0,28.698,209.0,0.001882,0.013709,1,2,Friday,-2.7,20.7,0.0
2025-02-28 02:00:00,15329.0,15260.531,15154.0,68.469,175.0,0.004467,0.011416,2,2,Friday,-4.3,22.3,0.0
2025-02-28 03:00:00,15425.0,15345.702,15175.0,79.298,250.0,0.005141,0.016207,3,2,Friday,-4.9,22.9,0.0
2025-02-28 04:00:00,15699.0,15583.682,15367.0,115.318,332.0,0.007346,0.021148,4,2,Friday,-5.3,23.3,0.0
2025-02-28 05:00:00,16297.0,16409.041,16033.0,112.041,264.0,0.006875,0.016199,5,2,Friday,-6.2,24.2,0.0
2025-02-28 06:00:00,17581.0,17611.652,17275.0,30.652,306.0,0.001743,0.017405,6,2,Friday,-7.1,25.1,0.0
2025-02-28 07:00:00,18347.0,18462.77,18567.0,115.77,220.0,0.00631,0.011991,7,2,Friday,-8.2,26.2,0.0
2025-02-28 08:00:00,18175.0,18286.732,18926.0,111.732,751.0,0.006148,0.04132,8,2,Friday,-6.1,24.1,0.0
2025-02-28 09:00:00,17825.0,18155.215,18547.0,330.215,722.0,0.018525,0.040505,9,2,Friday,-5.6,23.6,0.0
2025-02-28 10:00:00,17655.0,17933.154,18365.0,278.154,710.0,0.015755,0.040215,10,2,Friday,-4.1,22.1,0.0
2025-02-28 11:00:00,17528.0,17833.488,18262.0,305.488,734.0,0.017429,0.041876,11,2,Friday,-2.8,20.8,0.0
2025-02-28 12:00:00,17396.0,17672.697,18048.0,276.697,652.0,0.015906,0.03748,12,2,Friday,-1.7,19.7,0.0
2025-02-28 13:00:00,17386.0,17587.66,17861.0,201.66,475.0,0.011599,0.027321,13,2,Friday,-0.2,18.2,0.0
2025-02-28 14:00:00,17906.0,17321.43,17349.0,584.57,557.0,0.032647,0.031107,14,2,Friday,0.6,17.4,0.0
2025-02-28 15:00:00,18100.0,17465.488,17720.0,634.512,380.0,0.035056,0.020994,15,2,Friday,0.6,17.4,0.0
2025-02-28 16:00:00,18374.0,18133.26,18810.0,240.74,436.0,0.013102,0.023729,16,2,Friday,0.8,17.2,0.0
2025-02-28 17:00:00,18938.0,18325.723,19112.0,612.277,174.0,0.032331,0.009188,17,2,Friday,1.4,16.6,0.0
2025-02-28 18:00:00,19089.0,18166.068,19067.0,922.932,22.0,0.048349,0.001152,18,2,Friday,2.5,15.5,0.0
2025-02-28 19:00:00,18621.0,17843.611,18847.0,777.389,226.0,0.041748,0.012137,19,2,Friday,3.3,14.7,0.0
2025-02-28 20:00:00,18397.0,17626.377,18412.0,770.623,15.0,0.041889,0.000815,20,2,Friday,2.8,15.2,0.0
2025-02-28 21:00:00,17644.0,17204.258,17831.0,439.742,187.0,0.024923,0.010599,21,2,Friday,2.8,15.2,0.0
2025-02-28 22:00:00,16761.0,16462.98,17047.0,298.02,286.0,0.017781,0.017063,22,2,Friday,2.6,15.4,0.0
2025-02-28 23:00:00,16089.0,15851.562,16306.0,237.438,217.0,0.014758,0.013487,23,2,Friday,3.5,14.5,0.0
2025-03-01 00:00:00,15551.0,14875.621,15787.0,675.379,236.0,0.04343,0.015176,0,3,Saturday,3.4,14.6,0.0
2025-03-01 01:00:00,14802.0,14579.822,15246.0,222.178,444.0,0.01501,0.029996,1,3,Saturday,3.1,14.9,0.0
2025-03-01 02:00:00,14718.0,14490.493,15329.0,227.507,611.0,0.015458,0.041514,2,3,Saturday,2.4,15.6,0.0
2025-03-01 03:00:00,14801.0,14525.363,15425.0,275.637,624.0,0.018623,0.042159,3,3,Saturday,0.2,17.8,0.0
2025-03-01 04:00:00,14928.0,14734.195,15699.0,193.805,771.0,0.012983,0.051648,4,3,Saturday,-1.4,19.4,0.0
2025-03-01 05:00:00,15485.0,15203.025,16297.0,281.975,812.0,0.01821,0.052438,5,3,Saturday,-3.0,21.0,0.0
2025-03-01 06:00:00,16352.0,15889.785,17581.0,462.215,1229.0,0.028267,0.075159,6,3,Saturday,-5.0,23.0,0.0
2025-03-01 07:00:00,16618.0,16544.146,18347.0,73.854,1729.0,0.004444,0.104044,7,3,Saturday,-6.5,24.5,0.0
2025-03-01 08:00:00,16999.0,16771.998,18175.0,227.002,1176.0,0.013354,0.069181,8,3,Saturday,-7.9,25.9,0.0
2025-03-01 09:00:00,17200.0,16715.672,17825.0,484.328,625.0,0.028159,0.036337,9,3,Saturday,-8.4,26.4,0.0
2025-03-01 10:00:00,17255.0,16651.004,17655.0,603.996,400.0,0.035004,0.023182,10,3,Saturday,-9.3,27.3,0.0
2025-03-01 11:00:00,17371.0,16719.477,17528.0,651.523,157.0,0.037506,0.009038,11,3,Saturday,-10.2,28.2,0.0
2025-03-01 12:00:00,17599.0,16714.775,17396.0,884.225,203.0,0.050243,0.011535,12,3,Saturday,-10.6,28.6,0.0
2025-03-01 13:00:00,17168.0,16606.627,17386.0,561.373,218.0,0.032699,0.012698,13,3,Saturday,-10.4,28.4,0.0
2025-03-01 14:00:00,17090.0,16707.021,17906.0,382.979,816.0,0.02241,0.047747,14,3,Saturday,-10.2,28.2,0.0
2025-03-01 15:00:00,17394.0,17122.742,18100.0,271.258,706.0,0.015595,0.040589,15,3,Saturday,-10.2,28.2,0.0
2025-03-01 16:00:00,17981.0,17986.896,18374.0,5.896,393.0,0.000328,0.021856,16,3,Saturday,-10.4,28.4,0.0
2025-03-01 17:00:00,18833.0,18719.61,18938.0,113.39,105.0,0.006021,0.005575,17,3,Saturday,-10.5,28.5,0.0
2025-03-01 18:00:00,19773.0,18769.178,19089.0,1003.822,684.0,0.050767,0.034593,18,3,Saturday,-10.8,28.8,0.0
2025-03-01 19:00:00,19331.0,18441.953,18621.0,889.047,710.0,0.045991,0.036729,19,3,Saturday,-11.1,29.1,0.0
2025-03-01 20:00:00,18982.0,18114.76,18397.0,867.24,585.0,0.045687,0.030819,20,3,Saturday,-10.9,28.9,0.0
2025-03-01 21:00:00,18410.0,17280.113,17644.0,1129.887,766.0,0.061374,0.041608,21,3,Saturday,-11.7,29.7,0.0
2025-03-01 22:00:00,17677.0,16446.38,16761.0,1230.62,916.0,0.069617,0.051819,22,3,Saturday,-12.0,30.0,0.0
2025-03-01 23:00:00,17009.0,15911.252,16089.0,1097.748,920.0,0.064539,0.054089,23,3,Saturday,-11.9,29.9,0.0
2025-03-02 00:00:00,16733.0,15508.95,15551.0,1224.05,1182.0,0.073152,0.070639,0,3,Sunday,-11.7,29.7,0.0
2025-03-02 01:00:00,16485.0,15022.535,14802.0,1462.465,1683.0,0.088715,0.102093,1,3,Sunday,-12.7,30.7,0.0
2025-03-02 02:00:00,16444.0,15002.529,14718.0,1441.471,1726.0,0.087659,0.104962,2,3,Sunday,-14.6,32.6,0.0
2025-03-02 03:00:00,16306.0,15122.48,14801.0,1183.52,1505.0,0.072582,0.092297,3,3,Sunday,-16.0,34.0,0.0
2025-03-02 04:00:00,16458.0,15250.682,14928.0,1207.318,1530.0,0.073358,0.092964,4,3,Sunday,-17.2,35.2,0.0
2025-03-02 05:00:00,16813.0,15880.108,15485.0,932.892,1328.0,0.055486,0.078986,5,3,Sunday,-18.1,36.1,0.0
2025-03-02 06:00:00,17208.0,16310.868,16352.0,897.132,856.0,0.052135,0.049744,6,3,Sunday,-18.7,36.7,0.0
2025-03-02 07:00:00,17427.0,16460.604,16618.0,966.396,809.0,0.055454,0.046422,7,3,Sunday,-20.1,38.1,0.0
2025-03-02 08:00:00,17538.0,16979.52,16999.0,558.48,539.0,0.031844,0.030733,8,3,Sunday,-18.6,36.6,0.0
2025-03-02 09:00:00,17666.0,16641.13,17200.0,1024.87,466.0,0.058014,0.026378,9,3,Sunday,-17.2,35.2,0.0
2025-03-02 10:00:00,17534.0,16753.043,17255.0,780.957,279.0,0.04454,0.015912,10,3,Sunday,-15.4,33.4,0.0
2025-03-02 11:00:00,17505.0,16800.082,17371.0,704.918,134.0,0.04027,0.007655,11,3,Sunday,-13.4,31.4,0.0
2025-03-02 12:00:00,17475.0,16872.838,17599.0,602.162,124.0,0.034458,0.007096,12,3,Sunday,-11.1,29.1,0.0
2025-03-02 13:00:00,17475.0,16611.96,17168.0,863.04,307.0,0.049387,0.017568,13,3,Sunday,-9.2,27.2,0.0
2025-03-02 14:00:00,17572.0,16567.854,17090.0,1004.146,482.0,0.057145,0.02743,14,3,Sunday,-7.4,25.4,0.0
2025-03-02 15:00:00,18168.0,17075.984,17394.0,1092.016,774.0,0.060107,0.042602,15,3,Sunday,-6.5,24.5,0.0
2025-03-02 16:00:00,19250.0,17585.678,17981.0,1664.322,1269.0,0.086458,0.065922,16,3,Sunday,-6.2,24.2,0.0
2025-03-02 17:00:00,20047.0,18347.646,18833.0,1699.354,1214.0,0.084768,0.060558,17,3,Sunday,-6.2,24.2,0.0
2025-03-02 18:00:00,20301.0,18854.814,19773.0,1446.186,528.0,0.071237,0.026009,18,3,Sunday,-6.6,24.6,0.0
2025-03-02 19:00:00,19858.0,18718.996,19331.0,1139.004,527.0,0.057357,0.026538,19,3,Sunday,-7.0,25.0,0.0
2025-03-02 20:00:00,19651.0,18408.865,18982.0,1242.135,669.0,0.06321,0.034044,20,3,Sunday,-6.9,24.9,0.0
2025-03-02 21:00:00,18878.0,17228.627,18410.0,1649.373,468.0,0.08737,0.024791,21,3,Sunday,-6.6,24.6,0.0
2025-03-02 22:00:00,17635.0,16617.902,17677.0,1017.098,42.0,0.057675,0.002382,22,3,Sunday,-7.1,25.1,0.0
2025-03-02 23:00:00,16859.0,16089.079,17009.0,769.921,150.0,0.045668,0.008897,23,3,Sunday,-7.3,25.3,0.0
2025-03-03 00:00:00,16518.0,16739.533,16733.0,221.533,215.0,0.013412,0.013016,0,3,Monday,-7.8,25.8,0.0
2025-03-03 01:00:00,16163.0,16595.273,16485.0,432.273,322.0,0.026745,0.019922,1,3,Monday,-9.3,27.3,0.0
2025-03-03 02:00:00,15982.0,16473.654,16444.0,491.654,462.0,0.030763,0.028908,2,3,Monday,-8.6,26.6,0.0
2025-03-03 03:00:00,16016.0,16660.979,16306.0,644.979,290.0,0.040271,0.018107,3,3,Monday,-9.1,27.1,0.0
2025-03-03 04:00:00,16093.0,16999.49,16458.0,906.49,365.0,0.056328,0.022681,4,3,Monday,-10.1,28.1,0.0
2025-03-03 05:00:00,16804.0,17164.09,16813.0,360.09,9.0,0.021429,0.000536,5,3,Monday,-9.9,27.9,0.0
2025-03-03 06:00:00,17938.0,17894.482,17208.0,43.518,730.0,0.002426,0.040696,6,3,Monday,-9.7,27.7,0.0
2025-03-03 07:00:00,19204.0,18501.314,17427.0,702.686,1777.0,0.036591,0.092533,7,3,Monday,-10.4,28.4,0.0
2025-03-03 08:00:00,19244.0,18246.64,17538.0,997.36,1706.0,0.051827,0.088651,8,3,Monday,-8.5,26.5,0.0
2025-03-03 09:00:00,18835.0,18219.98,17666.0,615.02,1169.0,0.032653,0.062065,9,3,Monday,-7.4,25.4,0.0
2025-03-03 10:00:00,17871.0,18056.174,17534.0,185.174,337.0,0.010362,0.018857,10,3,Monday,-5.4,23.4,0.0
2025-03-03 11:00:00,17323.0,17883.775,17505.0,560.775,182.0,0.032372,0.010506,11,3,Monday,-3.2,21.2,0.0
2025-03-03 12:00:00,16833.0,17798.94,17475.0,965.94,642.0,0.057384,0.038139,12,3,Monday,-1.4,19.4,0.0
2025-03-03 13:00:00,17100.0,17737.06,17475.0,637.06,375.0,0.037255,0.02193,13,3,Monday,-0.7,18.7,0.0
2025-03-03 14:00:00,17713.0,17668.451,17572.0,44.549,141.0,0.002515,0.00796,14,3,Monday,0.1,17.9,0.0
2025-03-03 15:00:00,17800.0,17927.008,18168.0,127.008,368.0,0.007135,0.020674,15,3,Monday,0.8,17.2,0.0
2025-03-03 16:00:00,18508.0,18558.74,19250.0,50.74,742.0,0.002742,0.040091,16,3,Monday,0.7,17.3,0.0
2025-03-03 17:00:00,19149.0,19044.016,20047.0,104.984,898.0,0.005482,0.046895,17,3,Monday,-0.1,18.1,0.0
2025-03-03 18:00:00,19665.0,19251.79,20301.0,413.21,636.0,0.021012,0.032342,18,3,Monday,-0.7,18.7,0.0
2025-03-03 19:00:00,19266.0,19045.941,19858.0,220.059,592.0,0.011422,0.030728,19,3,Monday,-0.9,18.9,0.0
2025-03-03 20:00:00,18881.0,18855.727,19651.0,25.273,770.0,0.001339,0.040782,20,3,Monday,-0.8,18.8,0.0
2025-03-03 21:00:00,18094.0,18065.674,18878.0,28.326,784.0,0.001565,0.043329,21,3,Monday,-1.3,19.3,0.0
2025-03-03 22:00:00,17132.0,17207.918,17635.0,75.918,503.0,0.004431,0.02936,22,3,Monday,-1.5,19.5,0.0
2025-03-03 23:00:00,16337.0,16498.463,16859.0,161.463,522.0,0.009883,0.031952,23,3,Monday,-1.7,19.7,0.0
2025-03-04 00:00:00,15681.0,15820.945,16518.0,139.945,837.0,0.008924,0.053377,0,3,Tuesday,-1.8,19.8,0.0
2025-03-04 01:00:00,15261.0,15579.975,16163.0,318.975,902.0,0.020901,0.059105,1,3,Tuesday,-2.1,20.1,0.0
2025-03-04 02:00:00,15081.0,15375.593,15982.0,294.593,901.0,0.019534,0.059744,2,3,Tuesday,-2.1,20.1,0.0
2025-03-04 03:00:00,15239.0,15470.473,16016.0,231.473,777.0,0.01519,0.050988,3,3,Tuesday,-2.3,20.3,0.0
2025-03-04 04:00:00,15411.0,15611.644,16093.0,200.644,682.0,0.01302,0.044254,4,3,Tuesday,-1.2,19.2,0.0
2025-03-04 05:00:00,16017.0,16135.912,16804.0,118.912,787.0,0.007424,0.049135,5,3,Tuesday,-0.6,18.6,0.0
2025-03-04 06:00:00,16892.0,17065.375,17938.0,173.375,1046.0,0.010264,0.061923,6,3,Tuesday,-0.3,18.3,0.0
2025-03-04 07:00:00,18116.0,18012.018,19204.0,103.982,1088.0,0.00574,0.060057,7,3,Tuesday,-0.1,18.1,0.0
2025-03-04 08:00:00,18029.0,18002.586,19244.0,26.414,1215.0,0.001465,0.067391,8,3,Tuesday,0.9,17.1,0.0
2025-03-04 09:00:00,18260.0,17754.113,18835.0,505.887,575.0,0.027705,0.03149,9,3,Tuesday,1.3,16.7,0.0
2025-03-04 10:00:00,18258.0,17302.074,17871.0,955.926,387.0,0.052357,0.021196,10,3,Tuesday,1.6,16.4,0.0
2025-03-04 11:00:00,18263.0,16966.7,17323.0,1296.3,940.0,0.07098,0.05147,11,3,Tuesday,1.7,16.3,0.0
2025-03-04 12:00:00,18280.0,16615.352,16833.0,1664.648,1447.0,0.091064,0.079158,12,3,Tuesday,2.2,15.8,0.0
2025-03-04 13:00:00,18283.0,16754.197,17100.0,1528.803,1183.0,0.083619,0.064705,13,3,Tuesday,2.4,15.6,0.0
2025-03-04 14:00:00,18214.0,16930.35,17713.0,1283.65,501.0,0.070476,0.027506,14,3,Tuesday,3.1,14.9,0.0
2025-03-04 15:00:00,17957.0,17149.164,17800.0,807.836,157.0,0.044987,0.008743,15,3,Tuesday,3.9,14.1,0.0
2025-03-04 16:00:00,18862.0,17762.82,18508.0,1099.18,354.0,0.058275,0.018768,16,3,Tuesday,3.8,14.2,0.0
2025-03-04 17:00:00,19596.0,18300.943,19149.0,1295.057,447.0,0.066088,0.022811,17,3,Tuesday,3.6,14.4,0.0
2025-03-04 18:00:00,19385.0,18503.049,19665.0,881.951,280.0,0.045497,0.014444,18,3,Tuesday,3.3,14.7,0.0
2025-03-04 19:00:00,18693.0,18301.791,19266.0,391.209,573.0,0.020928,0.030653,19,3,Tuesday,2.8,15.2,0.0
2025-03-04 20:00:00,18213.0,18100.137,18881.0,112.863,668.0,0.006197,0.036677,20,3,Tuesday,2.3,15.7,0.0
2025-03-04 21:00:00,17744.0,17396.787,18094.0,347.213,350.0,0.019568,0.019725,21,3,Tuesday,2.1,15.9,0.0
2025-03-04 22:00:00,17035.0,16341.688,17132.0,693.312,97.0,0.040699,0.005694,22,3,Tuesday,2.6,15.4,0.0
2025-03-04 23:00:00,15986.0,15821.472,16337.0,164.528,351.0,0.010292,0.021957,23,3,Tuesday,2.6,15.4,0.0
2025-03-05 00:00:00,15306.0,15132.099,15681.0,173.901,375.0,0.011362,0.0245,0,3,Wednesday,2.8,15.2,0.0
2025-03-05 01:00:00,14624.0,14718.489,15261.0,94.489,637.0,0.006461,0.043559,1,3,Wednesday,2.3,15.7,0.0
2025-03-05 02:00:00,14578.0,14593.579,15081.0,15.579,503.0,0.001069,0.034504,2,3,Wednesday,1.7,16.3,0.0
2025-03-05 03:00:00,14479.0,14806.197,15239.0,327.197,760.0,0.022598,0.05249,3,3,Wednesday,1.8,16.2,0.0
2025-03-05 04:00:00,14677.0,14947.304,15411.0,270.304,734.0,0.018417,0.05001,4,3,Wednesday,2.5,15.5,0.0
2025-03-05 05:00:00,15112.0,15565.282,16017.0,453.282,905.0,0.029995,0.059886,5,3,Wednesday,2.8,15.2,0.0
2025-03-05 06:00:00,16081.0,16322.685,16892.0,241.685,811.0,0.015029,0.050432,6,3,Wednesday,2.8,15.2,0.0
2025-03-05 07:00:00,17229.0,17420.246,18116.0,191.246,887.0,0.0111,0.051483,7,3,Wednesday,3.0,15.0,0.0
2025-03-05 08:00:00,17554.0,17228.479,18029.0,325.521,475.0,0.018544,0.027059,8,3,Wednesday,3.3,14.7,0.0
2025-03-05 09:00:00,17546.0,17183.188,18260.0,362.812,714.0,0.020678,0.040693,9,3,Wednesday,3.5,14.5,0.0
2025-03-05 10:00:00,17741.0,17141.291,18258.0,599.709,517.0,0.033804,0.029142,10,3,Wednesday,3.7,14.3,0.0
2025-03-05 11:00:00,17410.0,17151.77,18263.0,258.23,853.0,0.014832,0.048995,11,3,Wednesday,3.9,14.1,0.0
2025-03-05 12:00:00,17190.0,17135.5,18280.0,54.5,1090.0,0.00317,0.063409,12,3,Wednesday,4.1,13.9,0.0
2025-03-05 13:00:00,17286.0,17135.908,18283.0,150.092,997.0,0.008683,0.057677,13,3,Wednesday,4.6,13.4,0.0
2025-03-05 14:00:00,17334.0,16912.559,18214.0,421.441,880.0,0.024313,0.050767,14,3,Wednesday,5.9,12.1,0.0
2025-03-05 15:00:00,17939.0,16849.613,17957.0,1089.387,18.0,0.060727,0.001003,15,3,Wednesday,6.5,11.5,0.0
2025-03-05 16:00:00,17889.0,17636.64,18862.0,252.36,973.0,0.014107,0.054391,16,3,Wednesday,6.5,11.5,0.0
2025-03-05 17:00:00,18238.0,18472.617,19596.0,234.617,1358.0,0.012864,0.07446,17,3,Wednesday,4.5,13.5,0.0
2025-03-05 18:00:00,18214.0,18358.57,19385.0,144.57,1171.0,0.007937,0.064291,18,3,Wednesday,3.5,14.5,0.0
2025-03-05 19:00:00,17842.0,17941.268,18693.0,99.268,851.0,0.005564,0.047696,19,3,Wednesday,2.8,15.2,0.0
2025-03-05 20:00:00,17427.0,17579.438,18213.0,152.438,786.0,0.008747,0.045102,20,3,Wednesday,4.2,13.8,0.0
2025-03-05 21:00:00,17014.0,16940.37,17744.0,73.63,730.0,0.004328,0.042906,21,3,Wednesday,4.9,13.1,0.0
2025-03-05 22:00:00,16162.0,16229.567,17035.0,67.567,873.0,0.004181,0.054016,22,3,Wednesday,4.9,13.1,0.0
2025-03-05 23:00:00,15386.0,15502.916,15986.0,116.916,600.0,0.007599,0.038996,23,3,Wednesday,3.8,14.2,0.0
2025-03-06 00:00:00,14805.0,15002.237,15306.0,197.237,501.0,0.013322,0.03384,0,3,Thursday,2.6,15.4,0.0
2025-03-06 01:00:00,14232.0,14276.467,14624.0,44.467,392.0,0.003124,0.027544,1,3,Thursday,2.2,15.8,0.0
2025-03-06 02:00:00,14317.0,14209.653,14578.0,107.347,261.0,0.007498,0.01823,2,3,Thursday,2.1,15.9,0.0
2025-03-06 03:00:00,14329.0,14192.664,14479.0,136.336,150.0,0.009515,0.010468,3,3,Thursday,1.8,16.2,0.0
2025-03-06 04:00:00,14605.0,14384.903,14677.0,220.097,72.0,0.01507,0.00493,4,3,Thursday,1.7,16.3,0.0
2025-03-06 05:00:00,15174.0,15019.38,15112.0,154.62,62.0,0.01019,0.004086,5,3,Thursday,1.8,16.2,0.0
2025-03-06 06:00:00,16296.0,16207.35,16081.0,88.65,215.0,0.00544,0.013193,6,3,Thursday,1.4,16.6,0.0
2025-03-06 07:00:00,17471.0,17128.248,17229.0,342.752,242.0,0.019618,0.013852,7,3,Thursday,0.7,17.3,0.0
2025-03-06 08:00:00,18007.0,17319.129,17554.0,687.871,453.0,0.0382,0.025157,8,3,Thursday,-0.2,18.2,0.0
2025-03-06 09:00:00,18086.0,17331.824,17546.0,754.176,540.0,0.041699,0.029857,9,3,Thursday,-1.1,19.1,0.0
2025-03-06 10:00:00,18054.0,17452.205,17741.0,601.795,313.0,0.033333,0.017337,10,3,Thursday,-2.9,20.9,0.0
2025-03-06 11:00:00,17976.0,17348.611,17410.0,627.389,566.0,0.034901,0.031486,11,3,Thursday,-4.0,22.0,0.0
2025-03-06 12:00:00,17878.0,17290.69,17190.0,587.31,688.0,0.032851,0.038483,12,3,Thursday,-4.4,22.4,0.0
2025-03-06 13:00:00,17781.0,17355.658,17286.0,425.342,495.0,0.023921,0.027839,13,3,Thursday,-5.0,23.0,0.0
2025-03-06 14:00:00,18023.0,17341.402,17334.0,681.598,689.0,0.037818,0.038229,14,3,Thursday,-5.2,23.2,0.0
2025-03-06 15:00:00,18056.0,17719.6,17939.0,336.4,117.0,0.018631,0.00648,15,3,Thursday,-5.0,23.0,0.0
2025-03-06 16:00:00,18831.0,18000.234,17889.0,830.766,942.0,0.044117,0.050024,16,3,Thursday,-4.1,22.1,0.0
2025-03-06 17:00:00,19405.0,18394.348,18238.0,1010.652,1167.0,0.052082,0.060139,17,3,Thursday,-3.7,21.7,0.0
2025-03-06 18:00:00,19692.0,18331.662,18214.0,1360.338,1478.0,0.069081,0.075056,18,3,Thursday,-3.3,21.3,0.0
2025-03-06 19:00:00,19481.0,18075.021,17842.0,1405.979,1639.0,0.072172,0.084133,19,3,Thursday,-3.0,21.0,0.0
2025-03-06 20:00:00,18970.0,17475.416,17427.0,1494.584,1543.0,0.078787,0.081339,20,3,Thursday,-2.3,20.3,0.0
2025-03-06 21:00:00,18360.0,17212.602,17014.0,1147.398,1346.0,0.062494,0.073312,21,3,Thursday,-2.6,20.6,0.0
2025-03-06 22:00:00,17387.0,16346.728,16162.0,1040.272,1225.0,0.05983,0.070455,22,3,Thursday,-2.8,20.8,0.0
2025-03-06 23:00:00,16343.0,15577.295,15386.0,765.705,957.0,0.046852,0.058557,23,3,Thursday,-3.2,21.2,0.0
2025-03-07 00:00:00,15786.0,14838.787,14805.0,947.213,981.0,0.060003,0.062144,0,3,Friday,-3.5,21.5,0.0
2025-03-07 01:00:00,15555.0,14387.89,14232.0,1167.11,1323.0,0.075031,0.085053,1,3,Friday,-3.7,21.7,0.0
2025-03-07 02:00:00,15418.0,14480.917,14317.0,937.083,1101.0,0.060779,0.07141,2,3,Friday,-3.9,21.9,0.0
2025-03-07 03:00:00,15355.0,14514.107,14329.0,840.893,1026.0,0.054763,0.066819,3,3,Friday,-4.0,22.0,0.0
2025-03-07 04:00:00,15557.0,14704.447,14605.0,852.553,952.0,0.054802,0.061194,4,3,Friday,-3.4,21.4,0.0
2025-03-07 05:00:00,15952.0,15239.187,15174.0,712.813,778.0,0.044685,0.048771,5,3,Friday,-2.9,20.9,0.0
2025-03-07 06:00:00,17111.0,16557.232,16296.0,553.768,815.0,0.032363,0.04763,6,3,Friday,-2.7,20.7,0.0
2025-03-07 07:00:00,18050.0,17398.09,17471.0,651.91,579.0,0.036117,0.032078,7,3,Friday,-3.0,21.0,0.0
2025-03-07 08:00:00,17815.0,17563.738,18007.0,251.262,192.0,0.014104,0.010777,8,3,Friday,-2.4,20.4,0.0
2025-03-07 09:00:00,17147.0,17530.799,18086.0,383.799,939.0,0.022383,0.054762,9,3,Friday,-1.7,19.7,0.0
2025-03-07 10:00:00,16747.0,17447.525,18054.0,700.525,1307.0,0.04183,0.078044,10,3,Friday,-1.6,19.6,0.0
2025-03-07 11:00:00,16586.0,17405.404,17976.0,819.404,1390.0,0.049403,0.083806,11,3,Friday,-1.7,19.7,0.0
2025-03-07 12:00:00,16410.0,17372.807,17878.0,962.807,1468.0,0.058672,0.089458,12,3,Friday,-1.4,19.4,0.0
2025-03-07 13:00:00,16663.0,17379.201,17781.0,716.201,1118.0,0.042982,0.067095,13,3,Friday,-0.7,18.7,0.0
2025-03-07 14:00:00,16801.0,17376.15,18023.0,575.15,1222.0,0.034233,0.072734,14,3,Friday,-0.2,18.2,0.0
2025-03-07 15:00:00,16948.0,17421.664,18056.0,473.664,1108.0,0.027948,0.065376,15,3,Friday,0.0,18.0,0.0
2025-03-07 16:00:00,17558.0,18004.768,18831.0,446.768,1273.0,0.025445,0.072503,16,3,Friday,0.0,18.0,0.0
2025-03-07 17:00:00,18267.0,18436.95,19405.0,169.95,1138.0,0.009304,0.062298,17,3,Friday,-0.4,18.4,0.0
2025-03-07 18:00:00,18863.0,18599.277,19692.0,263.723,829.0,0.013981,0.043948,18,3,Friday,-1.1,19.1,0.0
2025-03-07 19:00:00,18752.0,18448.396,19481.0,303.604,729.0,0.01619,0.038876,19,3,Friday,-2.0,20.0,0.0
2025-03-07 20:00:00,18274.0,18176.379,18970.0,97.621,696.0,0.005342,0.038087,20,3,Friday,-2.0,20.0,0.0
2025-03-07 21:00:00,17694.0,17496.16,18360.0,197.84,666.0,0.011181,0.03764,21,3,Friday,-1.8,19.8,0.0
2025-03-07 22:00:00,16930.0,16724.066,17387.0,205.934,457.0,0.012164,0.026994,22,3,Friday,-1.2,19.2,0.0
2025-03-07 23:00:00,15992.0,15947.63,16343.0,44.37,351.0,0.002775,0.021948,23,3,Friday,-1.7,19.7,0.0
2025-03-08 00:00:00,15344.0,14915.873,15786.0,428.127,442.0,0.027902,0.028806,0,3,Saturday,-2.0,20.0,0.0
2025-03-08 01:00:00,14981.0,14441.818,15555.0,539.182,574.0,0.035991,0.038315,1,3,Saturday,-2.6,20.6,0.0
2025-03-08 02:00:00,15098.0,14377.161,15418.0,720.839,320.0,0.047744,0.021195,2,3,Saturday,-3.3,21.3,0.0
2025-03-08 03:00:00,15043.0,14328.976,15355.0,714.024,312.0,0.047466,0.020741,3,3,Saturday,-3.8,21.8,0.0
2025-03-08 04:00:00,15307.0,14514.74,15557.0,792.26,250.0,0.051758,0.016332,4,3,Saturday,-5.2,23.2,0.0
2025-03-08 05:00:00,15568.0,15004.35,15952.0,563.65,384.0,0.036206,0.024666,5,3,Saturday,-6.6,24.6,0.0
2025-03-08 06:00:00,16025.0,15560.812,17111.0,464.188,1086.0,0.028966,0.067769,6,3,Saturday,-7.1,25.1,0.0
2025-03-08 07:00:00,16352.0,16143.991,18050.0,208.009,1698.0,0.012721,0.103841,7,3,Saturday,-7.7,25.7,0.0
2025-03-08 08:00:00,16479.0,16212.409,17815.0,266.591,1336.0,0.016178,0.081073,8,3,Saturday,-6.4,24.4,0.0
2025-03-08 09:00:00,16284.0,16010.101,17147.0,273.899,863.0,0.01682,0.052997,9,3,Saturday,-5.8,23.8,0.0
2025-03-08 10:00:00,15917.0,15911.485,16747.0,5.515,830.0,0.000346,0.052146,10,3,Saturday,-5.0,23.0,0.0
2025-03-08 11:00:00,15816.0,15930.507,16586.0,114.507,770.0,0.00724,0.048685,11,3,Saturday,-4.2,22.2,0.0
2025-03-08 12:00:00,15745.0,15822.791,16410.0,77.791,665.0,0.004941,0.042236,12,3,Saturday,-3.3,21.3,0.0
2025-03-08 13:00:00,15669.0,15893.188,16663.0,224.188,994.0,0.014308,0.063437,13,3,Saturday,-2.5,20.5,0.0
2025-03-08 14:00:00,15514.0,15900.658,16801.0,386.658,1287.0,0.024923,0.082957,14,3,Saturday,-1.9,19.9,0.0
2025-03-08 15:00:00,15716.0,16184.019,16948.0,468.019,1232.0,0.02978,0.078391,15,3,Saturday,-1.7,19.7,0.0
2025-03-08 16:00:00,16409.0,16749.928,17558.0,340.928,1149.0,0.020777,0.070023,16,3,Saturday,-1.9,19.9,0.0
2025-03-08 17:00:00,17337.0,17525.744,18267.0,188.744,930.0,0.010887,0.053642,17,3,Saturday,-2.4,20.4,0.0
2025-03-08 18:00:00,18235.0,17896.59,18863.0,338.41,628.0,0.018558,0.034439,18,3,Saturday,-3.0,21.0,0.0
2025-03-08 19:00:00,18060.0,17818.828,18752.0,241.172,692.0,0.013354,0.038317,19,3,Saturday,-3.7,21.7,0.0
2025-03-08 20:00:00,17435.0,17459.95,18274.0,24.95,839.0,0.001431,0.048122,20,3,Saturday,-3.5,21.5,0.0
2025-03-08 21:00:00,16871.0,16814.875,17694.0,56.125,823.0,0.003327,0.048782,21,3,Saturday,-4.2,22.2,0.0
2025-03-08 22:00:00,16399.0,16193.796,16930.0,205.204,531.0,0.012513,0.03238,22,3,Saturday,-4.4,22.4,0.0
2025-03-08 23:00:00,15795.0,15604.421,15992.0,190.579,197.0,0.012066,0.012472,23,3,Saturday,-4.1,22.1,0.0
2025-03-09 00:00:00,15310.0,15126.268,15344.0,183.732,34.0,0.012001,0.002221,0,3,Sunday,-3.2,21.2,0.0
2025-03-09 01:00:00,14859.0,14752.653,14981.0,106.347,122.0,0.007157,0.008211,1,3,Sunday,-3.0,21.0,0.0
2025-03-09 02:00:00,14668.0,14827.604,15098.0,159.604,430.0,0.010881,0.029316,2,3,Sunday,-2.9,20.9,0.0
2025-03-09 03:00:00,14570.0,14757.112,15043.0,187.112,473.0,0.012842,0.032464,3,3,Sunday,-3.3,21.3,0.0
2025-03-09 04:00:00,14782.0,14848.568,15307.0,66.568,525.0,0.004503,0.035516,4,3,Sunday,-3.0,21.0,0.0
2025-03-09 05:00:00,15077.0,15116.837,15568.0,39.837,491.0,0.002642,0.032566,5,3,Sunday,-2.4,20.4,0.0
2025-03-09 06:00:00,15312.0,15523.806,16025.0,211.806,713.0,0.013833,0.046565,6,3,Sunday,-2.5,20.5,0.0
2025-03-09 07:00:00,15881.0,15830.059,16352.0,50.941,471.0,0.003208,0.029658,7,3,Sunday,-2.3,20.3,0.0
2025-03-09 08:00:00,15958.0,15772.57,16479.0,185.43,521.0,0.01162,0.032648,8,3,Sunday,-1.4,19.4,0.0
2025-03-09 09:00:00,15742.0,15768.906,16284.0,26.906,542.0,0.001709,0.03443,9,3,Sunday,0.4,17.6,0.0
2025-03-09 10:00:00,15411.0,15541.57,15917.0,130.57,506.0,0.008473,0.032834,10,3,Sunday,1.4,16.6,0.0
2025-03-09 11:00:00,15129.0,15592.025,15816.0,463.025,687.0,0.030605,0.045409,11,3,Sunday,2.2,15.8,0.0
2025-03-09 12:00:00,14691.0,15328.552,15745.0,637.552,1054.0,0.043397,0.071745,12,3,Sunday,2.9,15.1,0.0
2025-03-09 13:00:00,14555.0,15373.158,15669.0,818.158,1114.0,0.056211,0.076537,13,3,Sunday,3.4,14.6,0.0
2025-03-09 14:00:00,14617.0,15360.151,15514.0,743.151,897.0,0.050842,0.061367,14,3,Sunday,3.8,14.2,0.0
2025-03-09 15:00:00,15155.0,15759.936,15716.0,604.936,561.0,0.039917,0.037017,15,3,Sunday,3.9,14.1,0.0
2025-03-09 16:00:00,16135.0,16334.747,16409.0,199.747,274.0,0.01238,0.016982,16,3,Sunday,4.2,13.8,0.0
2025-03-09 17:00:00,16787.0,16917.576,17337.0,130.576,550.0,0.007778,0.032763,17,3,Sunday,4.4,13.6,0.0
2025-03-09 18:00:00,17161.0,17338.324,18235.0,177.324,1074.0,0.010333,0.062584,18,3,Sunday,4.0,14.0,0.0
2025-03-09 19:00:00,17140.0,17162.426,18060.0,22.426,920.0,0.001308,0.053676,19,3,Sunday,3.7,14.3,0.0
2025-03-09 20:00:00,16622.0,16785.723,17435.0,163.723,813.0,0.00985,0.048911,20,3,Sunday,3.7,14.3,0.0
2025-03-09 21:00:00,15854.0,16290.502,16871.0,436.502,1017.0,0.027533,0.064148,21,3,Sunday,3.8,14.2,0.0
2025-03-09 22:00:00,15035.0,15548.369,16399.0,513.369,1364.0,0.034145,0.090722,22,3,Sunday,4.4,13.6,0.0
2025-03-09 23:00:00,14472.0,15209.887,15795.0,737.887,1323.0,0.050987,0.091418,23,3,Sunday,4.8,13.2,0.0
2025-03-10 00:00:00,13976.0,15459.834,15310.0,1483.834,1334.0,0.10617,0.095449,0,3,Monday,5.0,13.0,0.0
2025-03-10 01:00:00,13813.0,14997.516,14859.0,1184.516,1046.0,0.085754,0.075726,1,3,Monday,4.9,13.1,0.0
2025-03-10 02:00:00,13907.0,14729.115,14668.0,822.115,761.0,0.059115,0.054721,2,3,Monday,4.4,13.6,0.0
2025-03-10 03:00:00,14137.0,14662.385,14570.0,525.385,433.0,0.037164,0.030629,3,3,Monday,3.7,14.3,0.0
2025-03-10 04:00:00,14942.0,15179.252,14782.0,237.252,160.0,0.015878,0.010708,4,3,Monday,2.7,15.3,0.0
2025-03-10 05:00:00,16154.0,15990.85,15077.0,163.15,1077.0,0.0101,0.066671,5,3,Monday,1.4,16.6,0.0
2025-03-10 06:00:00,17303.0,16613.129,15312.0,689.871,1991.0,0.03987,0.115067,6,3,Monday,0.6,17.4,0.0
2025-03-10 07:00:00,17677.0,17388.05,15881.0,288.95,1796.0,0.016346,0.101601,7,3,Monday,0.2,17.8,0.0
2025-03-10 08:00:00,17204.0,17306.56,15958.0,102.56,1246.0,0.005961,0.072425,8,3,Monday,1.3,16.7,0.0
2025-03-10 09:00:00,16487.0,16982.838,15742.0,495.838,745.0,0.030074,0.045187,9,3,Monday,2.7,15.3,0.0
2025-03-10 10:00:00,15822.0,16543.314,15411.0,721.314,411.0,0.045589,0.025976,10,3,Monday,5.2,12.8,0.0
2025-03-10 11:00:00,15619.0,16479.984,15129.0,860.984,490.0,0.055124,0.031372,11,3,Monday,5.4,12.6,0.0
2025-03-10 12:00:00,15472.0,16106.091,14691.0,634.091,781.0,0.040983,0.050478,12,3,Monday,5.9,12.1,0.0
2025-03-10 13:00:00,15167.0,15950.896,14555.0,783.896,612.0,0.051684,0.040351,13,3,Monday,6.7,11.3,0.0
2025-03-10 14:00:00,15183.0,15940.842,14617.0,757.842,566.0,0.049914,0.037279,14,3,Monday,7.2,10.8,0.0
2025-03-10 15:00:00,15568.0,16272.896,15155.0,704.896,413.0,0.045279,0.026529,15,3,Monday,7.5,10.5,0.0
2025-03-10 16:00:00,16217.0,16668.215,16135.0,451.215,82.0,0.027824,0.005056,16,3,Monday,7.0,11.0,0.0
2025-03-10 17:00:00,16732.0,16921.947,16787.0,189.947,55.0,0.011352,0.003287,17,3,Monday,6.7,11.3,0.0
2025-03-10 18:00:00,17252.0,17283.037,17161.0,31.037,91.0,0.001799,0.005275,18,3,Monday,5.5,12.5,0.0
2025-03-10 19:00:00,17116.0,17142.662,17140.0,26.662,24.0,0.001558,0.001402,19,3,Monday,6.3,11.7,0.0
2025-03-10 20:00:00,16606.0,16868.89,16622.0,262.89,16.0,0.015831,0.000964,20,3,Monday,6.5,11.5,0.0
2025-03-10 21:00:00,15684.0,16148.527,15854.0,464.527,170.0,0.029618,0.010839,21,3,Monday,6.1,11.9,0.0
2025-03-10 22:00:00,14754.0,15507.815,15035.0,753.815,281.0,0.051092,0.019046,22,3,Monday,5.4,12.6,0.0
2025-03-10 23:00:00,14258.0,14947.361,14472.0,689.361,214.0,0.048349,0.015009,23,3,Monday,5.1,12.9,0.0
2025-03-11 00:00:00,13976.0,14116.856,13976.0,140.856,0.0,0.010078,0.0,0,3,Tuesday,5.0,13.0,0.0
2025-03-11 01:00:00,13673.0,13816.289,13813.0,143.289,140.0,0.01048,0.010239,1,3,Tuesday,5.0,13.0,0.0
2025-03-11 02:00:00,13737.0,13816.013,13907.0,79.013,170.0,0.005752,0.012375,2,3,Tuesday,5.3,12.7,0.0
2025-03-11 03:00:00,13811.0,14002.638,14137.0,191.638,326.0,0.013876,0.023604,3,3,Tuesday,5.2,12.8,0.0
2025-03-11 04:00:00,14316.0,14963.576,14942.0,647.576,626.0,0.045234,0.043727,4,3,Tuesday,5.0,13.0,0.0
2025-03-11 05:00:00,15441.0,15790.903,16154.0,349.903,713.0,0.022661,0.046176,5,3,Tuesday,4.9,13.1,0.0
2025-03-11 06:00:00,16354.0,16449.24,17303.0,95.24,949.0,0.005824,0.058029,6,3,Tuesday,4.8,13.2,0.0
2025-03-11 07:00:00,16538.0,16861.13,17677.0,323.13,1139.0,0.019539,0.068872,7,3,Tuesday,4.6,13.4,0.0
2025-03-11 08:00:00,16271.0,16467.172,17204.0,196.172,933.0,0.012057,0.057341,8,3,Tuesday,6.2,11.8,0.0
2025-03-11 09:00:00,15379.0,16074.906,16487.0,695.906,1108.0,0.04525,0.072046,9,3,Tuesday,7.5,10.5,0.0
2025-03-11 10:00:00,14919.0,15682.737,15822.0,763.737,903.0,0.051192,0.060527,10,3,Tuesday,9.2,8.8,0.0
2025-03-11 11:00:00,14830.0,15566.661,15619.0,736.661,789.0,0.049674,0.053203,11,3,Tuesday,9.7,8.3,0.0
2025-03-11 12:00:00,14562.0,15437.831,15472.0,875.831,910.0,0.060145,0.062491,12,3,Tuesday,9.0,9.0,0.0
2025-03-11 13:00:00,14647.0,15611.711,15167.0,964.711,520.0,0.065864,0.035502,13,3,Tuesday,7.9,10.1,0.0
2025-03-11 14:00:00,14876.0,15671.651,15183.0,795.651,307.0,0.053486,0.020637,14,3,Tuesday,6.7,11.3,0.0
2025-03-11 15:00:00,15364.0,15978.147,15568.0,614.147,204.0,0.039973,0.013278,15,3,Tuesday,5.6,12.4,0.0
2025-03-11 16:00:00,15881.0,16506.844,16217.0,625.844,336.0,0.039408,0.021157,16,3,Tuesday,4.4,13.6,0.0
2025-03-11 17:00:00,16712.0,16786.197,16732.0,74.197,20.0,0.00444,0.001197,17,3,Tuesday,3.3,14.7,0.0
2025-03-11 18:00:00,17531.0,17358.62,17252.0,172.38,279.0,0.009833,0.015915,18,3,Tuesday,1.3,16.7,0.0
2025-03-11 19:00:00,18023.0,17417.297,17116.0,605.703,907.0,0.033607,0.050325,19,3,Tuesday,-1.0,19.0,0.0
2025-03-11 20:00:00,17585.0,17026.848,16606.0,558.152,979.0,0.03174,0.055672,20,3,Tuesday,-0.6,18.6,0.0
2025-03-11 21:00:00,16680.0,16220.716,15684.0,459.284,996.0,0.027535,0.059712,21,3,Tuesday,-1.4,19.4,0.0
2025-03-11 22:00:00,15904.0,15321.211,14754.0,582.789,1150.0,0.036644,0.072309,22,3,Tuesday,-2.1,20.1,0.0
2025-03-11 23:00:00,15430.0,14694.515,14258.0,735.485,1172.0,0.047666,0.075956,23,3,Tuesday,-2.8,20.8,0.0
2025-03-12 00:00:00,15007.0,14345.47,13976.0,661.53,1031.0,0.044081,0.068701,0,3,Wednesday,-3.4,21.4,0.0
2025-03-12 01:00:00,14827.0,14105.357,13673.0,721.643,1154.0,0.048671,0.077831,1,3,Wednesday,-3.9,21.9,0.0
2025-03-12 02:00:00,14969.0,14239.987,13737.0,729.013,1232.0,0.048702,0.082303,2,3,Wednesday,-4.4,22.4,0.0
2025-03-12 03:00:00,14984.0,14453.63,13811.0,530.37,1173.0,0.035396,0.078284,3,3,Wednesday,-4.7,22.7,0.0
2025-03-12 04:00:00,15727.0,14799.863,14316.0,927.137,1411.0,0.058952,0.089718,4,3,Wednesday,-4.8,22.8,0.0
2025-03-12 05:00:00,17034.0,15514.116,15441.0,1519.884,1593.0,0.089226,0.093519,5,3,Wednesday,-4.9,22.9,0.0
2025-03-12 06:00:00,18043.0,16607.65,16354.0,1435.35,1689.0,0.079552,0.09361,6,3,Wednesday,-4.7,22.7,0.0
2025-03-12 07:00:00,18078.0,16950.078,16538.0,1127.922,1540.0,0.062392,0.085186,7,3,Wednesday,-3.9,21.9,0.0
2025-03-12 08:00:00,17563.0,16684.027,16271.0,878.973,1292.0,0.050047,0.073564,8,3,Wednesday,-1.3,19.3,0.0
2025-03-12 09:00:00,17325.0,16000.035,15379.0,1324.965,1946.0,0.076477,0.112323,9,3,Wednesday,-0.2,18.2,0.0
2025-03-12 10:00:00,17138.0,15795.483,14919.0,1342.517,2219.0,0.078336,0.129478,10,3,Wednesday,0.2,17.8,0.0
2025-03-12 11:00:00,16838.0,15666.185,14830.0,1171.815,2008.0,0.069593,0.119254,11,3,Wednesday,0.3,17.7,0.0
2025-03-12 12:00:00,16920.0,15535.705,14562.0,1384.295,2358.0,0.081814,0.139362,12,3,Wednesday,0.2,17.8,0.0
2025-03-12 13:00:00,16573.0,15595.123,14647.0,977.877,1926.0,0.059004,0.116213,13,3,Wednesday,-0.2,18.2,0.0
2025-03-12 14:00:00,16357.0,15735.375,14876.0,621.625,1481.0,0.038004,0.090542,14,3,Wednesday,-0.7,18.7,0.0
2025-03-12 15:00:00,16564.0,16073.356,15364.0,490.644,1200.0,0.029621,0.072446,15,3,Wednesday,-0.6,18.6,0.0
2025-03-12 16:00:00,17205.0,16679.79,15881.0,525.21,1324.0,0.030527,0.076954,16,3,Wednesday,-1.0,19.0,0.0
2025-03-12 17:00:00,17709.0,17305.975,16712.0,403.025,997.0,0.022758,0.056299,17,3,Wednesday,-1.3,19.3,0.0
2025-03-12 18:00:00,18597.0,17861.41,17531.0,735.59,1066.0,0.039554,0.057321,18,3,Wednesday,-1.8,19.8,0.0
2025-03-12 19:00:00,18585.0,17997.963,18023.0,587.037,562.0,0.031587,0.030239,19,3,Wednesday,-1.9,19.9,0.0
2025-03-12 20:00:00,17881.0,17548.602,17585.0,332.398,296.0,0.018589,0.016554,20,3,Wednesday,-1.2,19.2,0.0
2025-03-12 21:00:00,16997.0,16710.514,16680.0,286.486,317.0,0.016855,0.01865,21,3,Wednesday,-1.3,19.3,0.0
2025-03-12 22:00:00,15998.0,15868.04,15904.0,129.96,94.0,0.008124,0.005876,22,3,Wednesday,-1.3,19.3,0.0
2025-03-12 23:00:00,15390.0,15223.086,15430.0,166.914,40.0,0.010846,0.002599,23,3,Wednesday,-1.3,19.3,0.0
2025-03-13 00:00:00,14953.0,14714.929,15007.0,238.071,54.0,0.015921,0.003611,0,3,Thursday,-1.5,19.5,0.0
2025-03-13 01:00:00,14948.0,14575.42,14827.0,372.58,121.0,0.024925,0.008095,1,3,Thursday,-1.7,19.7,0.0
2025-03-13 02:00:00,15042.0,14645.661,14969.0,396.339,73.0,0.026349,0.004853,2,3,Thursday,-1.7,19.7,0.0
2025-03-13 03:00:00,15225.0,14681.853,14984.0,543.147,241.0,0.035675,0.015829,3,3,Thursday,-1.7,19.7,0.0
2025-03-13 04:00:00,15797.0,15202.7,15727.0,594.3,70.0,0.037621,0.004431,4,3,Thursday,-1.6,19.6,0.0
2025-03-13 05:00:00,16963.0,16262.881,17034.0,700.119,71.0,0.041273,0.004186,5,3,Thursday,-1.6,19.6,0.0
2025-03-13 06:00:00,17833.0,17141.1,18043.0,691.9,210.0,0.038799,0.011776,6,3,Thursday,-1.6,19.6,0.0
2025-03-13 07:00:00,18083.0,17513.648,18078.0,569.352,5.0,0.031485,0.000277,7,3,Thursday,-1.8,19.8,0.0
2025-03-13 08:00:00,17522.0,17242.707,17563.0,279.293,41.0,0.01594,0.00234,8,3,Thursday,-1.2,19.2,0.0
2025-03-13 09:00:00,16809.0,16975.203,17325.0,166.203,516.0,0.009888,0.030698,9,3,Thursday,0.6,17.4,0.0
2025-03-13 10:00:00,16171.0,16737.412,17138.0,566.412,967.0,0.035026,0.059798,10,3,Thursday,2.2,15.8,0.0
2025-03-13 11:00:00,15699.0,16339.495,16838.0,640.495,1139.0,0.040798,0.072552,11,3,Thursday,3.3,14.7,0.0
2025-03-13 12:00:00,15518.0,16387.357,16920.0,869.357,1402.0,0.056022,0.090347,12,3,Thursday,4.0,14.0,0.0
2025-03-13 13:00:00,15320.0,16254.391,16573.0,934.391,1253.0,0.060992,0.081789,13,3,Thursday,4.1,13.9,0.0
2025-03-13 14:00:00,15348.0,16200.972,16357.0,852.972,1009.0,0.055575,0.065741,14,3,Thursday,4.3,13.7,0.0
2025-03-13 15:00:00,15784.0,16304.253,16564.0,520.253,780.0,0.032961,0.049417,15,3,Thursday,5.4,12.6,0.0
2025-03-13 16:00:00,16514.0,16576.645,17205.0,62.645,691.0,0.003793,0.041843,16,3,Thursday,6.1,11.9,0.0
2025-03-13 17:00:00,16988.0,17125.172,17709.0,137.172,721.0,0.008075,0.042442,17,3,Thursday,5.3,12.7,0.0
2025-03-13 18:00:00,17638.0,17873.559,18597.0,235.559,959.0,0.013355,0.054371,18,3,Thursday,2.7,15.3,0.0
2025-03-13 19:00:00,17908.0,18126.75,18585.0,218.75,677.0,0.012215,0.037804,19,3,Thursday,0.4,17.6,0.0
2025-03-13 20:00:00,17394.0,17618.912,17881.0,224.912,487.0,0.01293,0.027998,20,3,Thursday,0.8,17.2,0.0
2025-03-13 21:00:00,16638.0,16867.518,16997.0,229.518,359.0,0.013795,0.021577,21,3,Thursday,0.8,17.2,0.0
2025-03-13 22:00:00,15722.0,16074.945,15998.0,352.945,276.0,0.022449,0.017555,22,3,Thursday,0.1,17.9,0.0
2025-03-13 23:00:00,15164.0,15462.121,15390.0,298.121,226.0,0.01966,0.014904,23,3,Thursday,-0.7,18.7,0.0
2025-03-14 00:00:00,14577.0,14924.915,14953.0,347.915,376.0,0.023867,0.025794,0,3,Friday,-1.3,19.3,0.0
2025-03-14 01:00:00,14350.0,14885.658,14948.0,535.658,598.0,0.037328,0.041672,1,3,Friday,-1.4,19.4,0.0
2025-03-14 02:00:00,14383.0,14973.004,15042.0,590.004,659.0,0.041021,0.045818,2,3,Friday,-1.3,19.3,0.0
2025-03-14 03:00:00,14582.0,15004.073,15225.0,422.073,643.0,0.028945,0.044095,3,3,Friday,-1.2,19.2,0.0
2025-03-14 04:00:00,15148.0,15446.997,15797.0,298.997,649.0,0.019738,0.042844,4,3,Friday,-1.1,19.1,0.0
2025-03-14 05:00:00,16169.0,16342.398,16963.0,173.398,794.0,0.010724,0.049106,5,3,Friday,-0.6,18.6,0.0
2025-03-14 06:00:00,16823.0,17163.432,17833.0,340.432,1010.0,0.020236,0.060037,6,3,Friday,0.2,17.8,0.0
2025-03-14 07:00:00,16814.0,17503.688,18083.0,689.688,1269.0,0.041019,0.075473,7,3,Friday,0.3,17.7,0.0
2025-03-14 08:00:00,16437.0,17089.436,17522.0,652.436,1085.0,0.039693,0.06601,8,3,Friday,1.9,16.1,0.0
2025-03-14 09:00:00,15956.0,16298.902,16809.0,342.902,853.0,0.02149,0.05346,9,3,Friday,3.4,14.6,0.0
2025-03-14 10:00:00,15507.0,16029.48,16171.0,522.48,664.0,0.033693,0.042819,10,3,Friday,4.5,13.5,0.0
2025-03-14 11:00:00,15277.0,15835.9,15699.0,558.9,422.0,0.036584,0.027623,11,3,Friday,5.1,12.9,0.0
2025-03-14 12:00:00,15196.0,15567.592,15518.0,371.592,322.0,0.024453,0.02119,12,3,Friday,5.9,12.1,0.0
2025-03-14 13:00:00,14888.0,15410.545,15320.0,522.545,432.0,0.035098,0.029017,13,3,Friday,6.7,11.3,0.0
2025-03-14 14:00:00,14813.0,15421.707,15348.0,608.707,535.0,0.041093,0.036117,14,3,Friday,7.2,10.8,0.0
2025-03-14 15:00:00,15220.0,15705.786,15784.0,485.786,564.0,0.031918,0.037057,15,3,Friday,7.4,10.6,0.0
2025-03-14 16:00:00,15733.0,16159.13,16514.0,426.13,781.0,0.027085,0.049641,16,3,Friday,7.1,10.9,0.0
2025-03-14 17:00:00,16086.0,16574.955,16988.0,488.955,902.0,0.030396,0.056074,17,3,Friday,6.2,11.8,0.0
2025-03-14 18:00:00,16450.0,17082.096,17638.0,632.096,1188.0,0.038425,0.072219,18,3,Friday,5.4,12.6,0.0
2025-03-14 19:00:00,16649.0,17246.465,17908.0,597.465,1259.0,0.035886,0.07562,19,3,Friday,5.3,12.7,0.0
2025-03-14 20:00:00,16042.0,16732.074,17394.0,690.074,1352.0,0.043017,0.084279,20,3,Friday,6.4,11.6,0.0
2025-03-14 21:00:00,15362.0,16089.708,16638.0,727.708,1276.0,0.047371,0.083062,21,3,Friday,6.1,11.9,0.0
2025-03-14 22:00:00,14554.0,15426.734,15722.0,872.734,1168.0,0.059965,0.080253,22,3,Friday,5.2,12.8,0.0
2025-03-14 23:00:00,13969.0,14798.031,15164.0,829.031,1195.0,0.059348,0.085547,23,3,Friday,5.9,12.1,0.0
2025-03-15 00:00:00,13471.0,14138.977,14577.0,667.977,1106.0,0.049586,0.082102,0,3,Saturday,6.7,11.3,0.0
2025-03-15 01:00:00,13274.0,13754.162,14350.0,480.162,1076.0,0.036173,0.081061,1,3,Saturday,7.3,10.7,0.0
2025-03-15 02:00:00,13234.0,13682.222,14383.0,448.222,1149.0,0.033869,0.086822,2,3,Saturday,8.0,10.0,0.0
2025-03-15 03:00:00,13325.0,13590.206,14582.0,265.206,1257.0,0.019903,0.094334,3,3,Saturday,7.6,10.4,0.0
2025-03-15 04:00:00,13544.0,14212.932,15148.0,668.932,1604.0,0.04939,0.118429,4,3,Saturday,7.1,10.9,0.0
2025-03-15 05:00:00,14106.0,14533.34,16169.0,427.34,2063.0,0.030295,0.14625,5,3,Saturday,6.6,11.4,0.0
2025-03-15 06:00:00,14483.0,14801.535,16823.0,318.535,2340.0,0.021994,0.161569,6,3,Saturday,6.7,11.3,0.0
2025-03-15 07:00:00,14903.0,14967.569,16814.0,64.569,1911.0,0.004333,0.128229,7,3,Saturday,6.6,11.4,0.0
2025-03-15 08:00:00,15549.0,14936.345,16437.0,612.655,888.0,0.039402,0.05711,8,3,Saturday,8.2,9.8,0.0
2025-03-15 09:00:00,15850.0,14660.167,15956.0,1189.833,106.0,0.075068,0.006688,9,3,Saturday,9.3,8.7,0.0
2025-03-15 10:00:00,16097.0,14391.416,15507.0,1705.584,590.0,0.105957,0.036653,10,3,Saturday,9.1,8.9,0.0
2025-03-15 11:00:00,15943.0,14743.154,15277.0,1199.846,666.0,0.075258,0.041774,11,3,Saturday,8.2,9.8,0.0
2025-03-15 12:00:00,15014.0,14401.308,15196.0,612.692,182.0,0.040808,0.012122,12,3,Saturday,9.0,9.0,0.0
2025-03-15 13:00:00,14888.0,14329.986,14888.0,558.014,0.0,0.037481,0.0,13,3,Saturday,9.3,8.7,0.0
2025-03-15 14:00:00,14542.0,14054.559,14813.0,487.441,271.0,0.03352,0.018636,14,3,Saturday,10.8,7.199999999999999,0.0
2025-03-15 15:00:00,15219.0,14423.94,15220.0,795.06,1.0,0.052241,6.6e-05,15,3,Saturday,12.6,5.4,0.0
2025-03-15 16:00:00,15649.0,14850.708,15733.0,798.292,84.0,0.051012,0.005368,16,3,Saturday,12.5,5.5,0.0
2025-03-15 17:00:00,15714.0,15389.746,16086.0,324.254,372.0,0.020635,0.023673,17,3,Saturday,12.6,5.4,0.0
2025-03-15 18:00:00,15889.0,15589.841,16450.0,299.159,561.0,0.018828,0.035307,18,3,Saturday,13.2,4.800000000000001,0.0
2025-03-15 19:00:00,15572.0,15704.033,16649.0,132.033,1077.0,0.008479,0.069163,19,3,Saturday,12.4,5.6,0.0
2025-03-15 20:00:00,14937.0,15287.008,16042.0,350.008,1105.0,0.023432,0.073977,20,3,Saturday,10.7,7.300000000000001,0.0
2025-03-15 21:00:00,14462.0,14615.6,15362.0,153.6,900.0,0.010621,0.062232,21,3,Saturday,10.7,7.300000000000001,0.0
2025-03-15 22:00:00,13777.0,13937.839,14554.0,160.839,777.0,0.011674,0.056398,22,3,Saturday,10.2,7.800000000000001,0.0
2025-03-15 23:00:00,13407.0,13625.22,13969.0,218.22,562.0,0.016277,0.041918,23,3,Saturday,9.5,8.5,0.0
2025-03-16 00:00:00,12780.0,13160.5,13471.0,380.5,691.0,0.029773,0.054069,0,3,Sunday,8.9,9.1,0.0
2025-03-16 01:00:00,12483.0,13011.334,13274.0,528.334,791.0,0.042324,0.063366,1,3,Sunday,8.5,9.5,0.0
2025-03-16 02:00:00,12437.0,12780.741,13234.0,343.741,797.0,0.027639,0.064083,2,3,Sunday,8.9,9.1,0.0
2025-03-16 03:00:00,12514.0,12901.039,13325.0,387.039,811.0,0.030928,0.064807,3,3,Sunday,9.2,8.8,0.0
2025-03-16 04:00:00,12816.0,12979.345,13544.0,163.345,728.0,0.012745,0.056804,4,3,Sunday,8.7,9.3,0.0
2025-03-16 05:00:00,13244.0,13364.639,14106.0,120.639,862.0,0.009109,0.065086,5,3,Sunday,8.8,9.2,0.0
2025-03-16 06:00:00,13654.0,13709.556,14483.0,55.556,829.0,0.004069,0.060715,6,3,Sunday,9.1,8.9,0.0
2025-03-16 07:00:00,14337.0,14254.31,14903.0,82.69,566.0,0.005768,0.039478,7,3,Sunday,8.8,9.2,0.0
2025-03-16 08:00:00,14860.0,14380.561,15549.0,479.439,689.0,0.032264,0.046366,8,3,Sunday,10.5,7.5,0.0
2025-03-16 09:00:00,15012.0,14521.884,15850.0,490.116,838.0,0.032648,0.055822,9,3,Sunday,11.7,6.300000000000001,0.0
2025-03-16 10:00:00,15091.0,14540.306,16097.0,550.694,1006.0,0.036492,0.066662,10,3,Sunday,12.1,5.9,0.0
2025-03-16 11:00:00,14748.0,14383.164,15943.0,364.836,1195.0,0.024738,0.081028,11,3,Sunday,13.4,4.6,0.0
2025-03-16 12:00:00,15143.0,14047.613,15014.0,1095.387,129.0,0.072336,0.008519,12,3,Sunday,13.6,4.4,0.0
2025-03-16 13:00:00,15151.0,14151.001,14888.0,999.999,263.0,0.066002,0.017359,13,3,Sunday,13.1,4.9,0.0
2025-03-16 14:00:00,15259.0,14093.367,14542.0,1165.633,717.0,0.07639,0.046989,14,3,Sunday,12.2,5.800000000000001,0.0
2025-03-16 15:00:00,15953.0,14641.256,15219.0,1311.744,734.0,0.082226,0.04601,15,3,Sunday,12.3,5.699999999999999,0.0
2025-03-16 16:00:00,16403.0,15186.135,15649.0,1216.865,754.0,0.074186,0.045967,16,3,Sunday,12.6,5.4,0.0
2025-03-16 17:00:00,16456.0,15507.997,15714.0,948.003,742.0,0.057608,0.04509,17,3,Sunday,10.7,7.300000000000001,0.0
2025-03-16 18:00:00,16649.0,15800.45,15889.0,848.55,760.0,0.050967,0.045648,18,3,Sunday,9.0,9.0,0.0
2025-03-16 19:00:00,16399.0,15726.449,15572.0,672.551,827.0,0.041012,0.05043,19,3,Sunday,7.1,10.9,0.0
2025-03-16 20:00:00,15791.0,15190.443,14937.0,600.557,854.0,0.038032,0.054081,20,3,Sunday,6.3,11.7,0.0
2025-03-16 21:00:00,15041.0,14752.575,14462.0,288.425,579.0,0.019176,0.038495,21,3,Sunday,4.8,13.2,0.0
2025-03-16 22:00:00,14333.0,13769.514,13777.0,563.486,556.0,0.039314,0.038792,22,3,Sunday,3.4,14.6,0.0
2025-03-16 23:00:00,13772.0,13479.284,13407.0,292.716,365.0,0.021254,0.026503,23,3,Sunday,2.0,16.0,0.0
2025-03-17 00:00:00,13617.0,13322.215,12780.0,294.785,837.0,0.021648,0.061467,0,3,Monday,1.4,16.6,0.0
2025-03-17 01:00:00,13742.0,13038.434,12483.0,703.566,1259.0,0.051198,0.091617,1,3,Monday,0.8,17.2,0.0
2025-03-17 02:00:00,13893.0,13054.239,12437.0,838.761,1456.0,0.060373,0.104801,2,3,Monday,0.5,17.5,0.0
2025-03-17 03:00:00,13986.0,13222.064,12514.0,763.936,1472.0,0.054621,0.105248,3,3,Monday,0.1,17.9,0.0
2025-03-17 04:00:00,14531.0,13620.255,12816.0,910.745,1715.0,0.062676,0.118024,4,3,Monday,-0.2,18.2,0.0
2025-03-17 05:00:00,15959.0,14854.858,13244.0,1104.142,2715.0,0.069186,0.170123,5,3,Monday,-1.3,19.3,0.0
2025-03-17 06:00:00,17567.0,15795.244,13654.0,1771.756,3913.0,0.100857,0.222747,6,3,Monday,-2.1,20.1,0.0
2025-03-17 07:00:00,18117.0,16628.547,14337.0,1488.453,3780.0,0.082158,0.208644,7,3,Monday,-2.6,20.6,0.0
2025-03-17 08:00:00,17867.0,16917.479,14860.0,949.521,3007.0,0.053144,0.168299,8,3,Monday,-2.3,20.3,0.0
2025-03-17 09:00:00,17202.0,16750.395,15012.0,451.605,2190.0,0.026253,0.127311,9,3,Monday,-1.8,19.8,0.0
2025-03-17 10:00:00,16532.0,16597.344,15091.0,65.344,1441.0,0.003953,0.087164,10,3,Monday,-0.9,18.9,0.0
2025-03-17 11:00:00,16148.0,16285.412,14748.0,137.412,1400.0,0.00851,0.086698,11,3,Monday,0.6,17.4,0.0
2025-03-17 12:00:00,15765.0,16378.721,15143.0,613.721,622.0,0.038929,0.039454,12,3,Monday,1.9,16.1,0.0
2025-03-17 13:00:00,15601.0,16208.062,15151.0,607.062,450.0,0.038912,0.028844,13,3,Monday,3.2,14.8,0.0
2025-03-17 14:00:00,15473.0,16076.78,15259.0,603.78,214.0,0.039022,0.013831,14,3,Monday,4.0,14.0,0.0
2025-03-17 15:00:00,15989.0,16580.574,15953.0,591.574,36.0,0.036999,0.002252,15,3,Monday,4.7,13.3,0.0
2025-03-17 16:00:00,16719.0,16848.623,16403.0,129.623,316.0,0.007753,0.018901,16,3,Monday,4.8,13.2,0.0
2025-03-17 17:00:00,17298.0,17048.781,16456.0,249.219,842.0,0.014407,0.048676,17,3,Monday,4.2,13.8,0.0
2025-03-17 18:00:00,17970.0,17388.88,16649.0,581.12,1321.0,0.032338,0.073511,18,3,Monday,2.6,15.4,0.0
2025-03-17 19:00:00,18403.0,17346.924,16399.0,1056.076,2004.0,0.057386,0.108895,19,3,Monday,1.2,16.8,0.0
2025-03-17 20:00:00,17786.0,16752.752,15791.0,1033.248,1995.0,0.058093,0.112167,20,3,Monday,0.8,17.2,0.0
2025-03-17 21:00:00,16754.0,15737.555,15041.0,1016.445,1713.0,0.060669,0.102244,21,3,Monday,1.1,16.9,0.0
2025-03-17 22:00:00,15660.0,14634.886,14333.0,1025.114,1327.0,0.065461,0.084738,22,3,Monday,0.8,17.2,0.0
2025-03-17 23:00:00,14814.0,14061.953,13772.0,752.047,1042.0,0.050766,0.070339,23,3,Monday,0.5,17.5,0.0
2025-03-18 00:00:00,14276.0,13703.765,13617.0,572.235,659.0,0.040084,0.046161,0,3,Tuesday,0.7,17.3,0.0
2025-03-18 01:00:00,14084.0,13738.168,13742.0,345.832,342.0,0.024555,0.024283,1,3,Tuesday,0.7,17.3,0.0
2025-03-18 02:00:00,14145.0,13880.097,13893.0,264.903,252.0,0.018728,0.017815,2,3,Tuesday,0.4,17.6,0.0
2025-03-18 03:00:00,14377.0,13947.458,13986.0,429.542,391.0,0.029877,0.027196,3,3,Tuesday,-0.2,18.2,0.0
2025-03-18 04:00:00,14917.0,14460.966,14531.0,456.034,386.0,0.030571,0.025877,4,3,Tuesday,-0.3,18.3,0.0
2025-03-18 05:00:00,16068.0,15609.133,15959.0,458.867,109.0,0.028558,0.006784,5,3,Tuesday,-0.2,18.2,0.0
2025-03-18 06:00:00,17261.0,16834.06,17567.0,426.94,306.0,0.024734,0.017728,6,3,Tuesday,0.0,18.0,0.0
2025-03-18 07:00:00,17103.0,17279.605,18117.0,176.605,1014.0,0.010326,0.059288,7,3,Tuesday,0.4,17.6,0.0
2025-03-18 08:00:00,16324.0,17087.014,17867.0,763.014,1543.0,0.046742,0.094523,8,3,Tuesday,2.1,15.9,0.0
2025-03-18 09:00:00,15664.0,16366.76,17202.0,702.76,1538.0,0.044865,0.098187,9,3,Tuesday,3.4,14.6,0.0
2025-03-18 10:00:00,15205.0,15954.793,16532.0,749.793,1327.0,0.049312,0.087274,10,3,Tuesday,4.8,13.2,0.0
2025-03-18 11:00:00,15068.0,15642.599,16148.0,574.599,1080.0,0.038134,0.071675,11,3,Tuesday,7.2,10.8,0.0
2025-03-18 12:00:00,14906.0,15216.182,15765.0,310.182,859.0,0.020809,0.057628,12,3,Tuesday,9.1,8.9,0.0
2025-03-18 13:00:00,14756.0,15073.962,15601.0,317.962,845.0,0.021548,0.057265,13,3,Tuesday,10.2,7.800000000000001,0.0
2025-03-18 14:00:00,14855.0,15005.183,15473.0,150.183,618.0,0.01011,0.041602,14,3,Tuesday,10.9,7.1,0.0
2025-03-18 15:00:00,15255.0,15261.569,15989.0,6.569,734.0,0.000431,0.048115,15,3,Tuesday,11.6,6.4,0.0
2025-03-18 16:00:00,16015.0,15848.128,16719.0,166.872,704.0,0.01042,0.043959,16,3,Tuesday,11.6,6.4,0.0
2025-03-18 17:00:00,16378.0,16282.136,17298.0,95.864,920.0,0.005853,0.056173,17,3,Tuesday,10.6,7.4,0.0
2025-03-18 18:00:00,17039.0,16828.59,17970.0,210.41,931.0,0.012349,0.054639,18,3,Tuesday,10.0,8.0,0.0
2025-03-18 19:00:00,17104.0,17228.244,18403.0,124.244,1299.0,0.007264,0.075947,19,3,Tuesday,9.3,8.7,0.0
2025-03-18 20:00:00,16712.0,16894.21,17786.0,182.21,1074.0,0.010903,0.064265,20,3,Tuesday,8.5,9.5,0.0
2025-03-18 21:00:00,15641.0,15854.613,16754.0,213.613,1113.0,0.013657,0.071159,21,3,Tuesday,8.3,9.7,0.0
2025-03-18 22:00:00,14473.0,15223.709,15660.0,750.709,1187.0,0.05187,0.082015,22,3,Tuesday,7.3,10.7,0.0
2025-03-18 23:00:00,13706.0,14702.576,14814.0,996.576,1108.0,0.072711,0.080841,23,3,Tuesday,5.9,12.1,0.0
2025-03-19 00:00:00,13365.0,13993.139,14276.0,628.139,911.0,0.046999,0.068163,0,3,Wednesday,4.7,13.3,0.0
2025-03-19 01:00:00,13098.0,13848.311,14084.0,750.311,986.0,0.057284,0.075279,1,3,Wednesday,4.5,13.5,0.0
2025-03-19 02:00:00,13179.0,13902.633,14145.0,723.633,966.0,0.054908,0.073298,2,3,Wednesday,4.6,13.4,0.0
2025-03-19 03:00:00,13417.0,14088.239,14377.0,671.239,960.0,0.050029,0.071551,3,3,Wednesday,6.0,12.0,0.0
2025-03-19 04:00:00,13962.0,14779.534,14917.0,817.534,955.0,0.058554,0.0684,4,3,Wednesday,6.1,11.9,0.0
2025-03-19 05:00:00,15121.0,15758.902,16068.0,637.902,947.0,0.042186,0.062628,5,3,Wednesday,6.5,11.5,0.0
2025-03-19 06:00:00,16403.0,16545.326,17261.0,142.326,858.0,0.008677,0.052308,6,3,Wednesday,5.4,12.6,0.0
2025-03-19 07:00:00,16588.0,16541.252,17103.0,46.748,515.0,0.002818,0.031047,7,3,Wednesday,6.2,11.8,0.0
2025-03-19 08:00:00,16105.0,15909.901,16324.0,195.099,219.0,0.012114,0.013598,8,3,Wednesday,8.5,9.5,0.0
2025-03-19 09:00:00,15620.0,15383.688,15664.0,236.312,44.0,0.015129,0.002817,9,3,Wednesday,10.2,7.800000000000001,0.0
2025-03-19 10:00:00,15184.0,15201.215,15205.0,17.215,21.0,0.001134,0.001383,10,3,Wednesday,11.8,6.199999999999999,0.0
2025-03-19 11:00:00,14512.0,15068.789,15068.0,556.789,556.0,0.038367,0.038313,11,3,Wednesday,13.6,4.4,0.0
2025-03-19 12:00:00,14229.0,15107.818,14906.0,878.818,677.0,0.061762,0.047579,12,3,Wednesday,15.0,3.0,0.0
2025-03-19 13:00:00,14297.0,14891.318,14756.0,594.318,459.0,0.041569,0.032105,13,3,Wednesday,15.8,2.1999999999999993,0.0
2025-03-19 14:00:00,14499.0,15017.35,14855.0,518.35,356.0,0.035751,0.024553,14,3,Wednesday,15.9,2.0999999999999996,0.0
2025-03-19 15:00:00,15327.0,15174.09,15255.0,152.91,72.0,0.009977,0.004698,15,3,Wednesday,16.3,1.6999999999999993,0.0
2025-03-19 16:00:00,15794.0,15832.845,16015.0,38.845,221.0,0.002459,0.013993,16,3,Wednesday,16.5,1.5,0.0
2025-03-19 17:00:00,16018.0,16056.39,16378.0,38.39,360.0,0.002397,0.022475,17,3,Wednesday,16.5,1.5,0.0
2025-03-19 18:00:00,16532.0,16403.62,17039.0,128.38,507.0,0.007766,0.030668,18,3,Wednesday,14.3,3.6999999999999993,0.0
2025-03-19 19:00:00,16660.0,16402.223,17104.0,257.777,444.0,0.015473,0.026651,19,3,Wednesday,11.3,6.699999999999999,0.0
2025-03-19 20:00:00,15941.0,16275.784,16712.0,334.784,771.0,0.021001,0.048366,20,3,Wednesday,9.9,8.1,0.0
2025-03-19 21:00:00,15119.0,15494.72,15641.0,375.72,522.0,0.024851,0.034526,21,3,Wednesday,8.3,9.7,0.0
2025-03-19 22:00:00,14123.0,14364.531,14473.0,241.531,350.0,0.017102,0.024782,22,3,Wednesday,8.1,9.9,0.0
2025-03-19 23:00:00,13240.0,13651.749,13706.0,411.749,466.0,0.031099,0.035196,23,3,Wednesday,7.6,10.4,0.0
2025-03-20 00:00:00,12846.0,13219.218,13365.0,373.218,519.0,0.029053,0.040402,0,3,Thursday,8.0,10.0,0.0
2025-03-20 01:00:00,12673.0,12980.652,13098.0,307.652,425.0,0.024276,0.033536,1,3,Thursday,8.2,9.8,0.0
2025-03-20 02:00:00,12623.0,12942.23,13179.0,319.23,556.0,0.02529,0.044047,2,3,Thursday,9.9,8.1,0.0
2025-03-20 03:00:00,12781.0,13189.279,13417.0,408.279,636.0,0.031944,0.049761,3,3,Thursday,10.1,7.9,0.0
2025-03-20 04:00:00,13244.0,13843.116,13962.0,599.116,718.0,0.045237,0.054213,4,3,Thursday,9.9,8.1,0.0
2025-03-20 05:00:00,14403.0,14942.741,15121.0,539.741,718.0,0.037474,0.049851,5,3,Thursday,9.7,8.3,0.0
2025-03-20 06:00:00,15781.0,15833.085,16403.0,52.085,622.0,0.0033,0.039414,6,3,Thursday,8.9,9.1,0.0
2025-03-20 07:00:00,16199.0,16003.145,16588.0,195.855,389.0,0.012091,0.024014,7,3,Thursday,8.3,9.7,0.0
2025-03-20 08:00:00,16053.0,15726.211,16105.0,326.789,52.0,0.020357,0.003239,8,3,Thursday,9.2,8.8,0.0
2025-03-20 09:00:00,16269.0,15401.104,15620.0,867.896,649.0,0.053347,0.039892,9,3,Thursday,9.2,8.8,0.0
2025-03-20 10:00:00,16426.0,15126.438,15184.0,1299.562,1242.0,0.079116,0.075612,10,3,Thursday,9.8,8.2,0.0
2025-03-20 11:00:00,16367.0,14695.022,14512.0,1671.978,1855.0,0.102155,0.113338,11,3,Thursday,11.1,6.9,0.0
2025-03-20 12:00:00,16301.0,14501.792,14229.0,1799.208,2072.0,0.110374,0.127109,12,3,Thursday,10.9,7.1,0.0
2025-03-20 13:00:00,16704.0,14499.562,14297.0,2204.438,2407.0,0.131971,0.144097,13,3,Thursday,10.7,7.300000000000001,0.0
2025-03-20 14:00:00,16269.0,14698.835,14499.0,1570.165,1770.0,0.096513,0.108796,14,3,Thursday,9.2,8.8,0.0
2025-03-20 15:00:00,16845.0,15241.921,15327.0,1603.079,1518.0,0.095166,0.090116,15,3,Thursday,8.8,9.2,0.0
2025-03-20 16:00:00,17185.0,15736.265,15794.0,1448.735,1391.0,0.084302,0.080943,16,3,Thursday,9.0,9.0,0.0
2025-03-20 17:00:00,17192.0,16011.011,16018.0,1180.989,1174.0,0.068694,0.068288,17,3,Thursday,7.9,10.1,0.0
2025-03-20 18:00:00,17895.0,16731.002,16532.0,1163.998,1363.0,0.065046,0.076167,18,3,Thursday,3.2,14.8,0.0
2025-03-20 19:00:00,17751.0,16995.197,16660.0,755.803,1091.0,0.042578,0.061461,19,3,Thursday,1.8,16.2,0.0
2025-03-20 20:00:00,17137.0,16503.977,15941.0,633.023,1196.0,0.036939,0.069791,20,3,Thursday,0.8,17.2,0.0
2025-03-20 21:00:00,16213.0,15475.33,15119.0,737.67,1094.0,0.045499,0.067477,21,3,Thursday,0.6,17.4,0.0
2025-03-20 22:00:00,15190.0,14442.547,14123.0,747.453,1067.0,0.049207,0.070244,22,3,Thursday,0.8,17.2,0.0
2025-03-20 23:00:00,14639.0,13488.719,13240.0,1150.281,1399.0,0.078576,0.095567,23,3,Thursday,0.9,17.1,0.0
2025-03-21 00:00:00,14284.0,13113.384,12846.0,1170.616,1438.0,0.081953,0.100672,0,3,Friday,0.8,17.2,0.0
2025-03-21 01:00:00,14244.0,13128.39,12673.0,1115.61,1571.0,0.078321,0.110292,1,3,Friday,0.2,17.8,0.0
2025-03-21 02:00:00,14430.0,13155.329,12623.0,1274.671,1807.0,0.088335,0.125225,2,3,Friday,-0.3,18.3,0.0
2025-03-21 03:00:00,14618.0,13223.369,12781.0,1394.631,1837.0,0.095405,0.125667,3,3,Friday,-0.6,18.6,0.0
2025-03-21 04:00:00,15229.0,13634.363,13244.0,1594.637,1985.0,0.104711,0.130343,4,3,Friday,-1.2,19.2,0.0
2025-03-21 05:00:00,16433.0,14792.859,14403.0,1640.141,2030.0,0.099808,0.123532,5,3,Friday,-1.7,19.7,0.0
2025-03-21 06:00:00,17477.0,16042.397,15781.0,1434.603,1696.0,0.082085,0.097042,6,3,Friday,-2.3,20.3,0.0
2025-03-21 07:00:00,17426.0,16467.857,16199.0,958.143,1227.0,0.054984,0.070412,7,3,Friday,-2.2,20.2,0.0
2025-03-21 08:00:00,16536.0,16294.951,16053.0,241.049,483.0,0.014577,0.029209,8,3,Friday,-0.7,18.7,0.0
2025-03-21 09:00:00,15588.0,16154.56,16269.0,566.56,681.0,0.036346,0.043687,9,3,Friday,0.9,17.1,0.0
2025-03-21 10:00:00,15122.0,16011.989,16426.0,889.989,1304.0,0.058854,0.086232,10,3,Friday,2.3,15.7,0.0
2025-03-21 11:00:00,14936.0,15835.346,16367.0,899.346,1431.0,0.060213,0.095809,11,3,Friday,3.6,14.4,0.0
2025-03-21 12:00:00,14852.0,15793.098,16301.0,941.098,1449.0,0.063365,0.097563,12,3,Friday,4.6,13.4,0.0
2025-03-21 13:00:00,14703.0,15898.546,16704.0,1195.546,2001.0,0.081313,0.136095,13,3,Friday,5.5,12.5,0.0
2025-03-21 14:00:00,14624.0,15638.952,16269.0,1014.952,1645.0,0.069403,0.112486,14,3,Friday,6.2,11.8,0.0
2025-03-21 15:00:00,14845.0,15876.31,16845.0,1031.31,2000.0,0.069472,0.134725,15,3,Friday,6.7,11.3,0.0
2025-03-21 16:00:00,15275.0,16322.98,17185.0,1047.979,1910.0,0.068607,0.125041,16,3,Friday,6.6,11.4,0.0
2025-03-21 17:00:00,16011.0,16467.027,17192.0,456.027,1181.0,0.028482,0.073762,17,3,Friday,5.9,12.1,0.0
2025-03-21 18:00:00,16818.0,17162.092,17895.0,344.092,1077.0,0.02046,0.064039,18,3,Friday,4.9,13.1,0.0
2025-03-21 19:00:00,17141.0,16969.844,17751.0,171.156,610.0,0.009985,0.035587,19,3,Friday,4.0,14.0,0.0
2025-03-21 20:00:00,16384.0,16533.098,17137.0,149.098,753.0,0.0091,0.045959,20,3,Friday,4.2,13.8,0.0
2025-03-21 21:00:00,15771.0,15658.696,16213.0,112.304,442.0,0.007121,0.028026,21,3,Friday,4.5,13.5,0.0
2025-03-21 22:00:00,15054.0,14649.487,15190.0,404.513,136.0,0.026871,0.009034,22,3,Friday,4.7,13.3,0.0
2025-03-21 23:00:00,14258.0,14183.365,14639.0,74.635,381.0,0.005235,0.026722,23,3,Friday,4.8,13.2,0.0
2025-03-22 00:00:00,13611.0,13446.289,14284.0,164.711,673.0,0.012101,0.049445,0,3,Saturday,5.2,12.8,0.0
2025-03-22 01:00:00,13360.0,13229.151,14244.0,130.849,884.0,0.009794,0.066168,1,3,Saturday,5.4,12.6,0.0
2025-03-22 02:00:00,13303.0,13280.876,14430.0,22.124,1127.0,0.001663,0.084718,2,3,Saturday,4.9,13.1,0.0
2025-03-22 03:00:00,13451.0,13230.276,14618.0,220.724,1167.0,0.016409,0.086759,3,3,Saturday,5.0,13.0,0.0
2025-03-22 04:00:00,13734.0,13654.848,15229.0,79.152,1495.0,0.005763,0.108854,4,3,Saturday,4.8,13.2,0.0
2025-03-22 05:00:00,14275.0,14383.219,16433.0,108.219,2158.0,0.007581,0.151173,5,3,Saturday,4.4,13.6,0.0
2025-03-22 06:00:00,14885.0,15142.188,17477.0,257.188,2592.0,0.017278,0.174135,6,3,Saturday,4.5,13.5,0.0
2025-03-22 07:00:00,15509.0,15132.617,17426.0,376.383,1917.0,0.024269,0.123606,7,3,Saturday,4.8,13.2,0.0
2025-03-22 08:00:00,15941.0,14829.231,16536.0,1111.769,595.0,0.069743,0.037325,8,3,Saturday,6.4,11.6,0.0
2025-03-22 09:00:00,16541.0,14932.227,15588.0,1608.773,953.0,0.09726,0.057614,9,3,Saturday,6.0,12.0,0.0
2025-03-22 10:00:00,16503.0,14973.02,15122.0,1529.98,1381.0,0.092709,0.083682,10,3,Saturday,3.2,14.8,0.0
2025-03-22 11:00:00,16424.0,15039.771,14936.0,1384.229,1488.0,0.084281,0.090599,11,3,Saturday,2.9,15.1,0.0
2025-03-22 12:00:00,16021.0,14573.62,14852.0,1447.38,1169.0,0.090343,0.072967,12,3,Saturday,1.8,16.2,0.0
2025-03-22 13:00:00,15628.0,14691.263,14703.0,936.737,925.0,0.05994,0.059189,13,3,Saturday,0.8,17.2,0.0
2025-03-22 14:00:00,15618.0,14689.882,14624.0,928.118,994.0,0.059426,0.063645,14,3,Saturday,-0.5,18.5,0.0
2025-03-22 15:00:00,15921.0,15102.74,14845.0,818.26,1076.0,0.051395,0.067584,15,3,Saturday,-1.2,19.2,0.0
2025-03-22 16:00:00,16450.0,15456.248,15275.0,993.752,1175.0,0.06041,0.071429,16,3,Saturday,-1.6,19.6,0.0
2025-03-22 17:00:00,16785.0,15851.747,16011.0,933.253,774.0,0.0556,0.046113,17,3,Saturday,-1.9,19.9,0.0
2025-03-22 18:00:00,17429.0,16382.823,16818.0,1046.177,611.0,0.060025,0.035057,18,3,Saturday,-2.3,20.3,0.0
2025-03-22 19:00:00,17538.0,16403.9,17141.0,1134.1,397.0,0.064665,0.022637,19,3,Saturday,-2.9,20.9,0.0
2025-03-22 20:00:00,17045.0,15745.56,16384.0,1299.44,661.0,0.076236,0.03878,20,3,Saturday,-3.2,21.2,0.0
2025-03-22 21:00:00,16375.0,15322.415,15771.0,1052.585,604.0,0.06428,0.036885,21,3,Saturday,-3.8,21.8,0.0
2025-03-22 22:00:00,15798.0,14696.41,15054.0,1101.59,744.0,0.06973,0.047095,22,3,Saturday,-4.2,22.2,0.0
2025-03-22 23:00:00,15210.0,14202.035,14258.0,1007.965,952.0,0.06627,0.06259,23,3,Saturday,-4.4,22.4,0.0
2025-03-23 00:00:00,14603.0,13716.255,13611.0,886.745,992.0,0.060723,0.067931,0,3,Sunday,-4.3,22.3,0.0
2025-03-23 01:00:00,14412.0,13371.804,13360.0,1040.196,1052.0,0.072176,0.072995,1,3,Sunday,-4.3,22.3,0.0
2025-03-23 02:00:00,14738.0,13368.682,13303.0,1369.318,1435.0,0.092911,0.097367,2,3,Sunday,-4.1,22.1,0.0
2025-03-23 03:00:00,14860.0,13380.74,13451.0,1479.26,1409.0,0.099546,0.094818,3,3,Sunday,-4.1,22.1,0.0
2025-03-23 04:00:00,15007.0,13654.371,13734.0,1352.629,1273.0,0.090133,0.084827,4,3,Sunday,-3.9,21.9,0.0
2025-03-23 05:00:00,15495.0,13903.199,14275.0,1591.801,1220.0,0.10273,0.078735,5,3,Sunday,-3.9,21.9,0.0
2025-03-23 06:00:00,15968.0,14349.646,14885.0,1618.354,1083.0,0.10135,0.067823,6,3,Sunday,-3.8,21.8,0.0
2025-03-23 07:00:00,15972.0,14796.903,15509.0,1175.097,463.0,0.073572,0.028988,7,3,Sunday,-3.6,21.6,0.0
2025-03-23 08:00:00,15448.0,15276.532,15941.0,171.468,493.0,0.0111,0.031914,8,3,Sunday,-3.6,21.6,0.0
2025-03-23 09:00:00,14915.0,15464.563,16541.0,549.563,1626.0,0.036846,0.109018,9,3,Sunday,-2.9,20.9,0.0
2025-03-23 10:00:00,14758.0,15484.268,16503.0,726.268,1745.0,0.049212,0.118241,10,3,Sunday,-2.4,20.4,0.0
2025-03-23 11:00:00,14890.0,15472.523,16424.0,582.523,1534.0,0.039122,0.103022,11,3,Sunday,-2.3,20.3,0.0
2025-03-23 12:00:00,14974.0,15164.518,16021.0,190.518,1047.0,0.012723,0.069921,12,3,Sunday,-1.7,19.7,0.0
2025-03-23 13:00:00,14956.0,15130.906,15628.0,174.906,672.0,0.011695,0.044932,13,3,Sunday,-1.6,19.6,0.0
2025-03-23 14:00:00,15048.0,15310.309,15618.0,262.309,570.0,0.017431,0.037879,14,3,Sunday,-1.3,19.3,0.0
2025-03-23 15:00:00,15780.0,15908.849,15921.0,128.849,141.0,0.008165,0.008935,15,3,Sunday,-1.2,19.2,0.0
2025-03-23 16:00:00,16855.0,16443.771,16450.0,411.229,405.0,0.024398,0.024028,16,3,Sunday,-1.2,19.2,0.0
2025-03-23 17:00:00,17274.0,16826.797,16785.0,447.203,489.0,0.025889,0.028308,17,3,Sunday,-1.6,19.6,0.0
2025-03-23 18:00:00,17747.0,17179.28,17429.0,567.72,318.0,0.03199,0.017919,18,3,Sunday,-1.8,19.8,0.0
2025-03-23 19:00:00,17492.0,17159.566,17538.0,332.434,46.0,0.019005,0.00263,19,3,Sunday,-1.7,19.7,0.0
2025-03-23 20:00:00,16761.0,16695.377,17045.0,65.623,284.0,0.003915,0.016944,20,3,Sunday,-1.2,19.2,0.0
2025-03-23 21:00:00,16085.0,15789.073,16375.0,295.927,290.0,0.018398,0.018029,21,3,Sunday,-0.7,18.7,0.0
2025-03-23 22:00:00,15338.0,14997.237,15798.0,340.763,460.0,0.022217,0.029991,22,3,Sunday,-0.2,18.2,0.0
2025-03-23 23:00:00,14765.0,14320.188,15210.0,444.812,445.0,0.030126,0.030139,23,3,Sunday,0.3,17.7,0.0
2025-03-24 00:00:00,14333.0,14331.905,14603.0,1.095,270.0,7.6e-05,0.018838,0,3,Monday,0.5,17.5,0.0
2025-03-24 01:00:00,14278.0,14120.962,14412.0,157.038,134.0,0.010999,0.009385,1,3,Monday,0.9,17.1,0.0
2025-03-24 02:00:00,14352.0,14388.673,14738.0,36.673,386.0,0.002555,0.026895,2,3,Monday,1.5,16.5,0.0
2025-03-24 03:00:00,14291.0,14568.362,14860.0,277.362,569.0,0.019408,0.039815,3,3,Monday,1.8,16.2,0.0
2025-03-24 04:00:00,14827.0,14894.583,15007.0,67.583,180.0,0.004558,0.01214,4,3,Monday,2.3,15.7,0.0
2025-03-24 05:00:00,16095.0,15756.908,15495.0,338.092,600.0,0.021006,0.037279,5,3,Monday,3.8,14.2,0.0
2025-03-24 06:00:00,17436.0,16563.486,15968.0,872.514,1468.0,0.050041,0.084194,6,3,Monday,4.3,13.7,0.0
2025-03-24 07:00:00,17646.0,16859.018,15972.0,786.982,1674.0,0.044598,0.094866,7,3,Monday,3.6,14.4,0.0
2025-03-24 08:00:00,17550.0,16581.443,15448.0,968.557,2102.0,0.055188,0.119772,8,3,Monday,4.6,13.4,0.0
2025-03-24 09:00:00,17770.0,16281.256,14915.0,1488.744,2855.0,0.083779,0.160664,9,3,Monday,5.0,13.0,0.0
2025-03-24 10:00:00,17865.0,16094.332,14758.0,1770.668,3107.0,0.099114,0.173915,10,3,Monday,4.6,13.4,0.0
2025-03-24 11:00:00,17643.0,15892.065,14890.0,1750.935,2753.0,0.099242,0.156039,11,3,Monday,6.3,11.7,0.0
2025-03-24 12:00:00,17381.0,15849.134,14974.0,1531.866,2407.0,0.088135,0.138485,12,3,Monday,6.1,11.9,0.0
2025-03-24 13:00:00,17439.0,15875.114,14956.0,1563.886,2483.0,0.089678,0.142382,13,3,Monday,5.7,12.3,0.0
2025-03-24 14:00:00,17430.0,16025.501,15048.0,1404.499,2382.0,0.080579,0.136661,14,3,Monday,4.6,13.4,0.0
2025-03-24 15:00:00,17501.0,16553.992,15780.0,947.008,1721.0,0.054112,0.098337,15,3,Monday,4.7,13.3,0.0
2025-03-24 16:00:00,17749.0,16999.945,16855.0,749.055,894.0,0.042203,0.050369,16,3,Monday,4.2,13.8,0.0
2025-03-24 17:00:00,17790.0,17418.254,17274.0,371.746,516.0,0.020896,0.029005,17,3,Monday,4.1,13.9,0.0
2025-03-24 18:00:00,18139.0,17616.824,17747.0,522.176,392.0,0.028787,0.021611,18,3,Monday,3.8,14.2,0.0
2025-03-24 19:00:00,18184.0,17504.883,17492.0,679.117,692.0,0.037347,0.038055,19,3,Monday,3.3,14.7,0.0
2025-03-24 20:00:00,17347.0,17246.963,16761.0,100.037,586.0,0.005767,0.033781,20,3,Monday,2.5,15.5,0.0
2025-03-24 21:00:00,16655.0,16595.621,16085.0,59.379,570.0,0.003565,0.034224,21,3,Monday,2.0,16.0,0.0
2025-03-24 22:00:00,15817.0,15641.141,15338.0,175.859,479.0,0.011118,0.030284,22,3,Monday,1.7,16.3,0.0
2025-03-24 23:00:00,14737.0,14746.425,14765.0,9.425,28.0,0.00064,0.0019,23,3,Monday,1.5,16.5,0.0
2025-03-25 00:00:00,14454.0,14232.371,14333.0,221.629,121.0,0.015333,0.008371,0,3,Tuesday,1.4,16.6,0.0
2025-03-25 01:00:00,14321.0,14089.533,14278.0,231.467,43.0,0.016163,0.003003,1,3,Tuesday,1.3,16.7,0.0
2025-03-25 02:00:00,14268.0,14228.131,14352.0,39.869,84.0,0.002794,0.005887,2,3,Tuesday,1.3,16.7,0.0
2025-03-25 03:00:00,14433.0,14233.482,14291.0,199.518,142.0,0.013824,0.009839,3,3,Tuesday,1.1,16.9,0.0
2025-03-25 04:00:00,15042.0,14752.09,14827.0,289.91,215.0,0.019273,0.014293,4,3,Tuesday,0.8,17.2,0.0
2025-03-25 05:00:00,16251.0,16056.882,16095.0,194.118,156.0,0.011945,0.009599,5,3,Tuesday,0.8,17.2,0.0
2025-03-25 06:00:00,17604.0,16953.713,17436.0,650.287,168.0,0.03694,0.009543,6,3,Tuesday,0.8,17.2,0.0
2025-03-25 07:00:00,17967.0,17237.902,17646.0,729.098,321.0,0.04058,0.017866,7,3,Tuesday,0.8,17.2,0.0
2025-03-25 08:00:00,17534.0,16955.545,17550.0,578.455,16.0,0.03299,0.000913,8,3,Tuesday,1.4,16.6,0.0
2025-03-25 09:00:00,17132.0,16930.703,17770.0,201.297,638.0,0.01175,0.03724,9,3,Tuesday,1.8,16.2,0.0
2025-03-25 10:00:00,16962.0,16741.684,17865.0,220.316,903.0,0.012989,0.053237,10,3,Tuesday,2.7,15.3,0.0
2025-03-25 11:00:00,16773.0,16478.64,17643.0,294.36,870.0,0.01755,0.051869,11,3,Tuesday,2.8,15.2,0.0
2025-03-25 12:00:00,16830.0,16343.656,17381.0,486.344,551.0,0.028897,0.032739,12,3,Tuesday,2.9,15.1,0.0
2025-03-25 13:00:00,16852.0,16331.542,17439.0,520.458,587.0,0.030884,0.034833,13,3,Tuesday,3.2,14.8,0.0
2025-03-25 14:00:00,16900.0,16310.363,17430.0,589.637,530.0,0.03489,0.031361,14,3,Tuesday,3.4,14.6,0.0
2025-03-25 15:00:00,17517.0,16557.037,17501.0,959.963,16.0,0.054802,0.000913,15,3,Tuesday,3.4,14.6,0.0
2025-03-25 16:00:00,18004.0,16916.898,17749.0,1087.102,255.0,0.060381,0.014164,16,3,Tuesday,3.2,14.8,0.0
2025-03-25 17:00:00,18167.0,17305.117,17790.0,861.883,377.0,0.047442,0.020752,17,3,Tuesday,3.0,15.0,0.0
2025-03-25 18:00:00,18578.0,17638.607,18139.0,939.393,439.0,0.050565,0.02363,18,3,Tuesday,2.3,15.7,0.0
2025-03-25 19:00:00,18532.0,17701.438,18184.0,830.562,348.0,0.044818,0.018778,19,3,Tuesday,1.2,16.8,0.0
2025-03-25 20:00:00,17861.0,17078.191,17347.0,782.809,514.0,0.043828,0.028778,20,3,Tuesday,0.4,17.6,0.0
2025-03-25 21:00:00,16750.0,16349.286,16655.0,400.714,95.0,0.023923,0.005672,21,3,Tuesday,-0.4,18.4,0.0
2025-03-25 22:00:00,15979.0,15485.009,15817.0,493.991,162.0,0.030915,0.010138,22,3,Tuesday,-0.9,18.9,0.0
2025-03-25 23:00:00,15355.0,14584.769,14737.0,770.231,618.0,0.050162,0.040247,23,3,Tuesday,-1.3,19.3,0.0
2025-03-26 00:00:00,14658.0,14251.526,14454.0,406.474,204.0,0.027731,0.013917,0,3,Wednesday,-1.7,19.7,0.0
2025-03-26 01:00:00,14539.0,14270.188,14321.0,268.812,218.0,0.018489,0.014994,1,3,Wednesday,-2.0,20.0,0.0
2025-03-26 02:00:00,14643.0,14250.866,14268.0,392.134,375.0,0.02678,0.02561,2,3,Wednesday,-2.1,20.1,0.0
2025-03-26 03:00:00,14797.0,14406.277,14433.0,390.723,364.0,0.026406,0.0246,3,3,Wednesday,-2.3,20.3,0.0
2025-03-26 04:00:00,15337.0,14875.601,15042.0,461.399,295.0,0.030084,0.019235,4,3,Wednesday,-2.3,20.3,0.0
2025-03-26 05:00:00,16533.0,15911.129,16251.0,621.871,282.0,0.037614,0.017057,5,3,Wednesday,-2.0,20.0,0.0
2025-03-26 06:00:00,17921.0,17049.86,17604.0,871.14,317.0,0.04861,0.017689,6,3,Wednesday,-1.5,19.5,0.0
2025-03-26 07:00:00,18184.0,17401.984,17967.0,782.016,217.0,0.043006,0.011934,7,3,Wednesday,-1.0,19.0,0.0
2025-03-26 08:00:00,17620.0,17142.178,17534.0,477.822,86.0,0.027118,0.004881,8,3,Wednesday,-0.5,18.5,0.0
2025-03-26 09:00:00,16839.0,16714.865,17132.0,124.135,293.0,0.007372,0.0174,9,3,Wednesday,0.5,17.5,0.0
2025-03-26 10:00:00,16721.0,16383.77,16962.0,337.23,241.0,0.020168,0.014413,10,3,Wednesday,0.9,17.1,0.0
2025-03-26 11:00:00,16481.0,16245.166,16773.0,235.834,292.0,0.014309,0.017717,11,3,Wednesday,0.8,17.2,0.0
2025-03-26 12:00:00,16226.0,16191.351,16830.0,34.649,604.0,0.002135,0.037224,12,3,Wednesday,1.1,16.9,0.0
2025-03-26 13:00:00,16009.0,16281.639,16852.0,272.639,843.0,0.01703,0.052658,13,3,Wednesday,1.1,16.9,0.0
2025-03-26 14:00:00,15851.0,16326.905,16900.0,475.905,1049.0,0.030024,0.066179,14,3,Wednesday,1.6,16.4,0.0
2025-03-26 15:00:00,16190.0,16805.102,17517.0,615.102,1327.0,0.037993,0.081964,15,3,Wednesday,2.0,16.0,0.0
2025-03-26 16:00:00,16719.0,17243.158,18004.0,524.158,1285.0,0.031351,0.076859,16,3,Wednesday,2.3,15.7,0.0
2025-03-26 17:00:00,17130.0,17499.844,18167.0,369.844,1037.0,0.02159,0.060537,17,3,Wednesday,2.1,15.9,0.0
2025-03-26 18:00:00,18146.0,17883.777,18578.0,262.223,432.0,0.014451,0.023807,18,3,Wednesday,0.9,17.1,0.0
2025-03-26 19:00:00,18517.0,18006.914,18532.0,510.086,15.0,0.027547,0.00081,19,3,Wednesday,-0.7,18.7,0.0
2025-03-26 20:00:00,18069.0,17497.49,17861.0,571.51,208.0,0.031629,0.011511,20,3,Wednesday,-0.8,18.8,0.0
2025-03-26 21:00:00,17077.0,16331.987,16750.0,745.013,327.0,0.043627,0.019149,21,3,Wednesday,-1.6,19.6,0.0
2025-03-26 22:00:00,15901.0,15684.509,15979.0,216.491,78.0,0.013615,0.004905,22,3,Wednesday,-2.2,20.2,0.0
2025-03-26 23:00:00,15196.0,15087.484,15355.0,108.516,159.0,0.007141,0.010463,23,3,Wednesday,-2.7,20.7,0.0
2025-03-27 00:00:00,14789.0,14477.511,14658.0,311.489,131.0,0.021062,0.008858,0,3,Thursday,-3.0,21.0,0.0
2025-03-27 01:00:00,14616.0,14373.508,14539.0,242.492,77.0,0.016591,0.005268,1,3,Thursday,-3.2,21.2,0.0
2025-03-27 02:00:00,14590.0,14445.776,14643.0,144.224,53.0,0.009885,0.003633,2,3,Thursday,-3.2,21.2,0.0
2025-03-27 03:00:00,14870.0,14567.109,14797.0,302.891,73.0,0.020369,0.004909,3,3,Thursday,-3.2,21.2,0.0
2025-03-27 04:00:00,15448.0,15033.963,15337.0,414.037,111.0,0.026802,0.007185,4,3,Thursday,-3.2,21.2,0.0
2025-03-27 05:00:00,16699.0,16114.914,16533.0,584.086,166.0,0.034977,0.009941,5,3,Thursday,-3.0,21.0,0.0
2025-03-27 06:00:00,17902.0,17224.736,17921.0,677.264,19.0,0.037832,0.001061,6,3,Thursday,-3.0,21.0,0.0
2025-03-27 07:00:00,17579.0,17477.1,18184.0,101.9,605.0,0.005797,0.034416,7,3,Thursday,-2.0,20.0,0.0
2025-03-27 08:00:00,16842.0,17160.434,17620.0,318.434,778.0,0.018907,0.046194,8,3,Thursday,-0.8,18.8,0.0
2025-03-27 09:00:00,15748.0,16591.379,16839.0,843.379,1091.0,0.053555,0.069279,9,3,Thursday,1.3,16.7,0.0
2025-03-27 10:00:00,15317.0,16454.967,16721.0,1137.967,1404.0,0.074294,0.091663,10,3,Thursday,2.9,15.1,0.0
2025-03-27 11:00:00,15071.0,16226.063,16481.0,1155.063,1410.0,0.076641,0.093557,11,3,Thursday,4.3,13.7,0.0
2025-03-27 12:00:00,14984.0,15928.262,16226.0,944.262,1242.0,0.063018,0.082888,12,3,Thursday,6.3,11.7,0.0
2025-03-27 13:00:00,14733.0,15681.039,16009.0,948.039,1276.0,0.064348,0.086608,13,3,Thursday,8.1,9.9,0.0
2025-03-27 14:00:00,15041.0,15431.495,15851.0,390.495,810.0,0.025962,0.053853,14,3,Thursday,8.9,9.1,0.0
2025-03-27 15:00:00,15518.0,15607.106,16190.0,89.106,672.0,0.005742,0.043305,15,3,Thursday,9.3,8.7,0.0
2025-03-27 16:00:00,16021.0,16102.197,16719.0,81.197,698.0,0.005068,0.043568,16,3,Thursday,9.1,8.9,0.0
2025-03-27 17:00:00,16429.0,16424.674,17130.0,4.326,701.0,0.000263,0.042668,17,3,Thursday,8.2,9.8,0.0
2025-03-27 18:00:00,17456.0,17302.424,18146.0,153.576,690.0,0.008798,0.039528,18,3,Thursday,7.3,10.7,0.0
2025-03-27 19:00:00,17599.0,17484.781,18517.0,114.219,918.0,0.00649,0.052162,19,3,Thursday,6.3,11.7,0.0
2025-03-27 20:00:00,17106.0,17113.406,18069.0,7.406,963.0,0.000433,0.056296,20,3,Thursday,6.5,11.5,0.0
2025-03-27 21:00:00,16457.0,16221.335,17077.0,235.665,620.0,0.01432,0.037674,21,3,Thursday,6.1,11.9,0.0
2025-03-27 22:00:00,15595.0,15311.438,15901.0,283.562,306.0,0.018183,0.019622,22,3,Thursday,4.6,13.4,0.0
2025-03-27 23:00:00,14809.0,14736.229,15196.0,72.771,387.0,0.004914,0.026133,23,3,Thursday,3.8,14.2,0.0
2025-03-28 00:00:00,14302.0,14377.84,14789.0,75.84,487.0,0.005303,0.034051,0,3,Friday,2.6,15.4,0.0
2025-03-28 01:00:00,14247.0,14254.726,14616.0,7.726,369.0,0.000542,0.0259,1,3,Friday,1.3,16.7,0.0
2025-03-28 02:00:00,14296.0,14384.857,14590.0,88.857,294.0,0.006216,0.020565,2,3,Friday,-0.1,18.1,0.0
2025-03-28 03:00:00,14410.0,14649.493,14870.0,239.493,460.0,0.01662,0.031922,3,3,Friday,-0.9,18.9,0.0
2025-03-28 04:00:00,14930.0,15126.731,15448.0,196.731,518.0,0.013177,0.034695,4,3,Friday,-0.6,18.6,0.0
2025-03-28 05:00:00,16085.0,16401.543,16699.0,316.543,614.0,0.019679,0.038172,5,3,Friday,-0.6,18.6,0.0
2025-03-28 06:00:00,17104.0,17233.371,17902.0,129.371,798.0,0.007564,0.046656,6,3,Friday,-0.2,18.2,0.0
2025-03-28 07:00:00,17481.0,17246.94,17579.0,234.06,98.0,0.013389,0.005606,7,3,Friday,0.2,17.8,0.0
2025-03-28 08:00:00,17394.0,16615.436,16842.0,778.564,552.0,0.04476,0.031735,8,3,Friday,1.7,16.3,0.0
2025-03-28 09:00:00,17494.0,15813.445,15748.0,1680.555,1746.0,0.096065,0.099806,9,3,Friday,2.1,15.9,0.0
2025-03-28 10:00:00,17575.0,15387.287,15317.0,2187.713,2258.0,0.124479,0.128478,10,3,Friday,2.9,15.1,0.0
2025-03-28 11:00:00,17522.0,15239.761,15071.0,2282.239,2451.0,0.13025,0.139881,11,3,Friday,3.1,14.9,0.0
2025-03-28 12:00:00,17184.0,15204.035,14984.0,1979.965,2200.0,0.115221,0.128026,12,3,Friday,2.6,15.4,0.0
2025-03-28 13:00:00,17035.0,15018.595,14733.0,2016.405,2302.0,0.118368,0.135134,13,3,Friday,3.4,14.6,0.0
2025-03-28 14:00:00,16978.0,15265.796,15041.0,1712.204,1937.0,0.100848,0.114089,14,3,Friday,3.1,14.9,0.0
2025-03-28 15:00:00,17179.0,15537.08,15518.0,1641.92,1661.0,0.095577,0.096688,15,3,Friday,2.5,15.5,0.0
2025-03-28 16:00:00,17774.0,15916.152,16021.0,1857.848,1753.0,0.104526,0.098627,16,3,Friday,2.1,15.9,0.0
2025-03-28 17:00:00,17881.0,16461.059,16429.0,1419.941,1452.0,0.079411,0.081204,17,3,Friday,2.2,15.8,0.0
2025-03-28 18:00:00,18022.0,17166.996,17456.0,855.004,566.0,0.047442,0.031406,18,3,Friday,2.1,15.9,0.0
2025-03-28 19:00:00,17732.0,17194.314,17599.0,537.686,133.0,0.030323,0.007501,19,3,Friday,2.2,15.8,0.0
2025-03-28 20:00:00,17260.0,16740.879,17106.0,519.121,154.0,0.030077,0.008922,20,3,Friday,1.9,16.1,0.0
2025-03-28 21:00:00,16358.0,15999.44,16457.0,358.56,99.0,0.02192,0.006052,21,3,Friday,1.7,16.3,0.0
2025-03-28 22:00:00,15380.0,15154.371,15595.0,225.629,215.0,0.01467,0.013979,22,3,Friday,1.5,16.5,0.0
2025-03-28 23:00:00,14827.0,14426.409,14809.0,400.591,18.0,0.027018,0.001214,23,3,Friday,1.7,16.3,0.0
2025-03-29 00:00:00,14326.0,13668.855,14302.0,657.145,24.0,0.045871,0.001675,0,3,Saturday,1.9,16.1,0.0
2025-03-29 01:00:00,14099.0,13394.216,14247.0,704.784,148.0,0.049988,0.010497,1,3,Saturday,1.9,16.1,0.0
2025-03-29 02:00:00,14216.0,13343.492,14296.0,872.508,80.0,0.061375,0.005627,2,3,Saturday,1.4,16.6,0.0
2025-03-29 03:00:00,14152.0,13437.133,14410.0,714.867,258.0,0.050513,0.018231,3,3,Saturday,1.2,16.8,0.0
2025-03-29 04:00:00,14375.0,13669.387,14930.0,705.613,555.0,0.049086,0.038609,4,3,Saturday,0.5,17.5,0.0
2025-03-29 05:00:00,14842.0,14617.456,16085.0,224.544,1243.0,0.015129,0.083749,5,3,Saturday,0.9,17.1,0.0
2025-03-29 06:00:00,15345.0,14948.787,17104.0,396.213,1759.0,0.02582,0.11463,6,3,Saturday,0.9,17.1,0.0
2025-03-29 07:00:00,16073.0,15350.64,17481.0,722.36,1408.0,0.044942,0.0876,7,3,Saturday,1.0,17.0,0.0
2025-03-29 08:00:00,16654.0,15525.552,17394.0,1128.448,740.0,0.067758,0.044434,8,3,Saturday,1.4,16.6,0.0
2025-03-29 09:00:00,17208.0,15737.583,17494.0,1470.417,286.0,0.08545,0.01662,9,3,Saturday,1.4,16.6,0.0
2025-03-29 10:00:00,17762.0,15710.143,17575.0,2051.857,187.0,0.115519,0.010528,10,3,Saturday,1.6,16.4,0.0
2025-03-29 11:00:00,17409.0,15749.822,17522.0,1659.178,113.0,0.095306,0.006491,11,3,Saturday,2.3,15.7,0.0
2025-03-29 12:00:00,17444.0,15566.888,17184.0,1877.112,260.0,0.107608,0.014905,12,3,Saturday,1.2,16.8,0.0
2025-03-29 13:00:00,17050.0,15484.799,17035.0,1565.201,15.0,0.091801,0.00088,13,3,Saturday,1.2,16.8,0.0
2025-03-29 14:00:00,17293.0,15506.531,16978.0,1786.469,315.0,0.103306,0.018215,14,3,Saturday,1.4,16.6,0.0
2025-03-29 15:00:00,17392.0,15920.649,17179.0,1471.351,213.0,0.084599,0.012247,15,3,Saturday,1.4,16.6,0.0
2025-03-29 16:00:00,17443.0,16594.72,17774.0,848.28,331.0,0.048632,0.018976,16,3,Saturday,1.4,16.6,0.0
2025-03-29 17:00:00,17660.0,16738.86,17881.0,921.14,221.0,0.05216,0.012514,17,3,Saturday,1.3,16.7,0.0
2025-03-29 18:00:00,17791.0,16983.45,18022.0,807.55,231.0,0.045391,0.012984,18,3,Saturday,1.1,16.9,0.0
2025-03-29 19:00:00,17150.0,16738.182,17732.0,411.818,582.0,0.024013,0.033936,19,3,Saturday,0.9,17.1,0.0
2025-03-29 20:00:00,16675.0,16502.266,17260.0,172.734,585.0,0.010359,0.035082,20,3,Saturday,0.1,17.9,0.0
2025-03-29 21:00:00,16094.0,15685.155,16358.0,408.845,264.0,0.025404,0.016404,21,3,Saturday,0.3,17.7,0.0
2025-03-29 22:00:00,15429.0,14930.805,15380.0,498.195,49.0,0.03229,0.003176,22,3,Saturday,0.1,17.9,0.0
2025-03-29 23:00:00,14765.0,14452.133,14827.0,312.867,62.0,0.02119,0.004199,23,3,Saturday,-0.1,18.1,0.0
2025-03-30 00:00:00,14104.0,13973.645,14326.0,130.355,222.0,0.009242,0.01574,0,3,Sunday,-0.2,18.2,0.0
2025-03-30 01:00:00,13911.0,13705.507,14099.0,205.493,188.0,0.014772,0.013514,1,3,Sunday,-0.1,18.1,0.0
2025-03-30 02:00:00,13777.0,13679.083,14216.0,97.917,439.0,0.007107,0.031865,2,3,Sunday,0.2,17.8,0.0
2025-03-30 03:00:00,13626.0,13557.64,14152.0,68.36,526.0,0.005017,0.038603,3,3,Sunday,0.2,17.8,0.0
2025-03-30 04:00:00,13879.0,13684.821,14375.0,194.179,496.0,0.013991,0.035737,4,3,Sunday,0.4,17.6,0.0
2025-03-30 05:00:00,14271.0,14282.978,14842.0,11.978,571.0,0.000839,0.040011,5,3,Sunday,0.4,17.6,0.0
2025-03-30 06:00:00,14621.0,14645.179,15345.0,24.179,724.0,0.001654,0.049518,6,3,Sunday,0.6,17.4,0.0
2025-03-30 07:00:00,15245.0,15208.186,16073.0,36.814,828.0,0.002415,0.054313,7,3,Sunday,1.0,17.0,0.0
2025-03-30 08:00:00,15810.0,15219.809,16654.0,590.191,844.0,0.03733,0.053384,8,3,Sunday,1.2,16.8,0.0
2025-03-30 09:00:00,16146.0,15459.828,17208.0,686.172,1062.0,0.042498,0.065775,9,3,Sunday,2.0,16.0,0.0
2025-03-30 10:00:00,16481.0,15650.509,17762.0,830.491,1281.0,0.050391,0.077726,10,3,Sunday,2.1,15.9,0.0
2025-03-30 11:00:00,16413.0,15590.356,17409.0,822.644,996.0,0.050121,0.060684,11,3,Sunday,2.9,15.1,0.0
2025-03-30 12:00:00,15956.0,15586.661,17444.0,369.339,1488.0,0.023147,0.093256,12,3,Sunday,3.4,14.6,0.0
2025-03-30 13:00:00,15973.0,15396.316,17050.0,576.684,1077.0,0.036104,0.067426,13,3,Sunday,4.2,13.8,0.0
2025-03-30 14:00:00,16059.0,15590.608,17293.0,468.392,1234.0,0.029167,0.076842,14,3,Sunday,4.8,13.2,0.0
2025-03-30 15:00:00,16172.0,15966.175,17392.0,205.825,1220.0,0.012727,0.075439,15,3,Sunday,6.1,11.9,0.0
2025-03-30 16:00:00,16521.0,16352.771,17443.0,168.229,922.0,0.010183,0.055808,16,3,Sunday,6.1,11.9,0.0
2025-03-30 17:00:00,16330.0,16674.969,17660.0,344.969,1330.0,0.021125,0.081445,17,3,Sunday,6.9,11.1,0.0
2025-03-30 18:00:00,16321.0,16897.662,17791.0,576.662,1470.0,0.035333,0.090068,18,3,Sunday,6.6,11.4,0.0
2025-03-30 19:00:00,16121.0,16479.234,17150.0,358.234,1029.0,0.022222,0.06383,19,3,Sunday,6.2,11.8,0.0
2025-03-30 20:00:00,15821.0,16354.008,16675.0,533.008,854.0,0.03369,0.053979,20,3,Sunday,3.9,14.1,0.0
2025-03-30 21:00:00,15127.0,15670.128,16094.0,543.128,967.0,0.035905,0.063925,21,3,Sunday,4.3,13.7,0.0
2025-03-30 22:00:00,14319.0,14762.067,15429.0,443.067,1110.0,0.030943,0.077519,22,3,Sunday,5.6,12.4,0.0
2025-03-30 23:00:00,13734.0,14234.17,14765.0,500.17,1031.0,0.036418,0.075069,23,3,Sunday,7.7,10.3,0.0
2025-03-31 00:00:00,13054.0,13713.767,14104.0,659.767,1050.0,0.050541,0.080435,0,3,Monday,10.2,7.800000000000001,0.0
2025-03-31 01:00:00,12761.0,13566.037,13911.0,805.037,1150.0,0.063086,0.090118,1,3,Monday,10.9,7.1,0.0
2025-03-31 02:00:00,12770.0,13514.487,13777.0,744.487,1007.0,0.0583,0.078857,2,3,Monday,11.0,7.0,0.0
2025-03-31 03:00:00,12917.0,13377.224,13626.0,460.224,709.0,0.035629,0.054889,3,3,Monday,11.1,6.9,0.0
2025-03-31 04:00:00,13487.0,13805.796,13879.0,318.796,392.0,0.023637,0.029065,4,3,Monday,11.0,7.0,0.0
2025-03-31 05:00:00,14628.0,14904.444,14271.0,276.444,357.0,0.018898,0.024405,5,3,Monday,11.1,6.9,0.0
2025-03-31 06:00:00,15841.0,15417.738,14621.0,423.262,1220.0,0.026719,0.077015,6,3,Monday,10.8,7.199999999999999,0.0
2025-03-31 07:00:00,16104.0,15972.867,15245.0,131.133,859.0,0.008143,0.053341,7,3,Monday,10.6,7.4,0.0
2025-03-31 08:00:00,16287.0,16269.252,15810.0,17.748,477.0,0.00109,0.029287,8,3,Monday,11.2,6.800000000000001,0.0
2025-03-31 09:00:00,16169.0,16289.175,16146.0,120.175,23.0,0.007432,0.001422,9,3,Monday,10.2,7.800000000000001,0.0
2025-03-31 10:00:00,16199.0,16283.15,16481.0,84.15,282.0,0.005195,0.017408,10,3,Monday,10.0,8.0,0.0
2025-03-31 11:00:00,16258.0,16360.176,16413.0,102.176,155.0,0.006285,0.009534,11,3,Monday,8.0,10.0,0.0
2025-03-31 12:00:00,16158.0,16424.742,15956.0,266.742,202.0,0.016508,0.012502,12,3,Monday,7.7,10.3,0.0
2025-03-31 13:00:00,15897.0,16399.992,15973.0,502.992,76.0,0.031641,0.004781,13,3,Monday,7.3,10.7,0.0
2025-03-31 14:00:00,16102.0,16426.324,16059.0,324.324,43.0,0.020142,0.00267,14,3,Monday,6.8,11.2,0.0
2025-03-31 15:00:00,16711.0,16554.213,16172.0,156.787,539.0,0.009382,0.032254,15,3,Monday,6.1,11.9,0.0
2025-03-31 16:00:00,17165.0,16963.135,16521.0,201.865,644.0,0.01176,0.037518,16,3,Monday,4.9,13.1,0.0
2025-03-31 17:00:00,17145.0,17003.477,16330.0,141.523,815.0,0.008254,0.047536,17,3,Monday,4.1,13.9,0.0
2025-03-31 18:00:00,17384.0,17150.033,16321.0,233.967,1063.0,0.013459,0.061148,18,3,Monday,3.0,15.0,0.0
2025-03-31 19:00:00,17511.0,17265.52,16121.0,245.48,1390.0,0.014019,0.079379,19,3,Monday,1.9,16.1,0.0
2025-03-31 20:00:00,16897.0,16963.684,15821.0,66.684,1076.0,0.003946,0.06368,20,3,Monday,1.1,16.9,0.0
2025-03-31 21:00:00,16047.0,15876.359,15127.0,170.641,920.0,0.010634,0.057332,21,3,Monday,0.7,17.3,0.0
2025-03-31 22:00:00,15289.0,14961.518,14319.0,327.482,970.0,0.021419,0.063444,22,3,Monday,-0.1,18.1,0.0
2025-03-31 23:00:00,14625.0,14084.338,13734.0,540.662,891.0,0.036968,0.060923,23,3,Monday,-0.4,18.4,0.0
2025-04-01 00:00:00,14086.0,13514.92,13054.0,571.08,1032.0,0.040542,0.073264,0,4,Tuesday,-0.5,18.5,0.0
2025-04-01 01:00:00,14012.0,13300.516,12761.0,711.484,1251.0,0.050777,0.089281,1,4,Tuesday,0.1,17.9,0.0
2025-04-01 02:00:00,14098.0,13293.757,12770.0,804.243,1328.0,0.057047,0.094198,2,4,Tuesday,0.5,17.5,0.0
2025-04-01 03:00:00,14343.0,13342.89,12917.0,1000.11,1426.0,0.069728,0.099421,3,4,Tuesday,0.3,17.7,0.0
2025-04-01 04:00:00,14930.0,13870.633,13487.0,1059.367,1443.0,0.070956,0.096651,4,4,Tuesday,-0.8,18.8,0.0
2025-04-01 05:00:00,16079.0,15167.812,14628.0,911.188,1451.0,0.056669,0.090242,5,4,Tuesday,-1.7,19.7,0.0
2025-04-01 06:00:00,17123.0,16289.52,15841.0,833.48,1282.0,0.048676,0.07487,6,4,Tuesday,-2.5,20.5,0.0
2025-04-01 07:00:00,16857.0,16671.922,16104.0,185.078,753.0,0.010979,0.04467,7,4,Tuesday,-2.6,20.6,0.0
2025-04-01 08:00:00,16093.0,16744.81,16287.0,651.81,194.0,0.040503,0.012055,8,4,Tuesday,-0.3,18.3,0.0
2025-04-01 09:00:00,15587.0,16635.312,16169.0,1048.312,582.0,0.067256,0.037339,9,4,Tuesday,0.2,17.8,0.0
2025-04-01 10:00:00,15362.0,16554.965,16199.0,1192.965,837.0,0.077657,0.054485,10,4,Tuesday,0.8,17.2,0.0
2025-04-01 11:00:00,15204.0,16486.705,16258.0,1282.705,1054.0,0.084366,0.069324,11,4,Tuesday,1.5,16.5,0.0
2025-04-01 12:00:00,15219.0,16437.516,16158.0,1218.516,939.0,0.080065,0.061699,12,4,Tuesday,2.2,15.8,0.0
2025-04-01 13:00:00,15052.0,16232.944,15897.0,1180.944,845.0,0.078458,0.056139,13,4,Tuesday,2.7,15.3,0.0
2025-04-01 14:00:00,15081.0,16327.77,16102.0,1246.77,1021.0,0.082672,0.067701,14,4,Tuesday,3.1,14.9,0.0
2025-04-01 15:00:00,15519.0,16504.229,16711.0,985.229,1192.0,0.063485,0.076809,15,4,Tuesday,3.3,14.7,0.0
2025-04-01 16:00:00,15948.0,16885.48,17165.0,937.48,1217.0,0.058784,0.076311,16,4,Tuesday,3.1,14.9,0.0
2025-04-01 17:00:00,16433.0,17162.232,17145.0,729.232,712.0,0.044376,0.043327,17,4,Tuesday,2.5,15.5,0.0
2025-04-01 18:00:00,17189.0,17394.576,17384.0,205.576,195.0,0.01196,0.011344,18,4,Tuesday,1.6,16.4,0.0
2025-04-01 19:00:00,17846.0,17545.568,17511.0,300.432,335.0,0.016835,0.018772,19,4,Tuesday,0.6,17.4,0.0
2025-04-01 20:00:00,17324.0,17121.752,16897.0,202.248,427.0,0.011674,0.024648,20,4,Tuesday,0.1,17.9,0.0
2025-04-01 21:00:00,16306.0,16226.094,16047.0,79.906,259.0,0.0049,0.015884,21,4,Tuesday,-0.2,18.2,0.0
2025-04-01 22:00:00,15331.0,15373.293,15289.0,42.293,42.0,0.002759,0.00274,22,4,Tuesday,-0.7,18.7,0.0
2025-04-01 23:00:00,14739.0,14524.482,14625.0,214.518,114.0,0.014554,0.007735,23,4,Tuesday,-0.8,18.8,0.0
2025-04-02 00:00:00,14282.0,14000.52,14086.0,281.48,196.0,0.019709,0.013724,0,4,Wednesday,-0.7,18.7,0.0
2025-04-02 01:00:00,14096.0,13965.42,14012.0,130.58,84.0,0.009264,0.005959,1,4,Wednesday,-0.9,18.9,0.0
2025-04-02 02:00:00,14014.0,14031.479,14098.0,17.479,84.0,0.001247,0.005994,2,4,Wednesday,-0.8,18.8,0.0
2025-04-02 03:00:00,14117.0,14166.332,14343.0,49.332,226.0,0.003495,0.016009,3,4,Wednesday,-0.8,18.8,0.0
2025-04-02 04:00:00,14659.0,14693.048,14930.0,34.048,271.0,0.002323,0.018487,4,4,Wednesday,-0.9,18.9,0.0
2025-04-02 05:00:00,15819.0,16061.185,16079.0,242.185,260.0,0.01531,0.016436,5,4,Wednesday,-0.8,18.8,0.0
2025-04-02 06:00:00,16939.0,16840.377,17123.0,98.623,184.0,0.005822,0.010863,6,4,Wednesday,-0.7,18.7,0.0
2025-04-02 07:00:00,17357.0,16938.863,16857.0,418.137,500.0,0.02409,0.028807,7,4,Wednesday,-0.7,18.7,0.0
2025-04-02 08:00:00,17212.0,16538.033,16093.0,673.967,1119.0,0.039157,0.065013,8,4,Wednesday,-0.3,18.3,0.0
2025-04-02 09:00:00,17395.0,16073.931,15587.0,1321.069,1808.0,0.075945,0.103938,9,4,Wednesday,0.0,18.0,0.0
2025-04-02 10:00:00,17639.0,15805.583,15362.0,1833.417,2277.0,0.103941,0.129089,10,4,Wednesday,0.4,17.6,0.0
2025-04-02 11:00:00,17883.0,15679.607,15204.0,2203.393,2679.0,0.123212,0.149807,11,4,Wednesday,0.6,17.4,0.0
2025-04-02 12:00:00,18027.0,15656.867,15219.0,2370.133,2808.0,0.131477,0.155766,12,4,Wednesday,0.3,17.7,0.0
2025-04-02 13:00:00,18097.0,15471.021,15052.0,2625.979,3045.0,0.145106,0.16826,13,4,Wednesday,-0.3,18.3,0.0
2025-04-02 14:00:00,18283.0,15539.736,15081.0,2743.264,3202.0,0.150045,0.175135,14,4,Wednesday,-0.1,18.1,0.0
2025-04-02 15:00:00,18953.0,15954.44,15519.0,2998.56,3434.0,0.15821,0.181185,15,4,Wednesday,0.6,17.4,0.0
2025-04-02 16:00:00,19492.0,16466.932,15948.0,3025.068,3544.0,0.155195,0.181818,16,4,Wednesday,1.3,16.7,0.0
2025-04-02 17:00:00,18935.0,16840.459,16433.0,2094.541,2502.0,0.110617,0.132136,17,4,Wednesday,1.9,16.1,0.0
2025-04-02 18:00:00,18790.0,16981.562,17189.0,1808.438,1601.0,0.096245,0.085205,18,4,Wednesday,3.3,14.7,0.0
2025-04-02 19:00:00,18558.0,17348.467,17846.0,1209.533,712.0,0.065176,0.038366,19,4,Wednesday,3.7,14.3,0.0
2025-04-02 20:00:00,17765.0,17040.656,17324.0,724.344,441.0,0.040774,0.024824,20,4,Wednesday,2.5,15.5,0.0
2025-04-02 21:00:00,16733.0,16197.451,16306.0,535.549,427.0,0.032006,0.025518,21,4,Wednesday,3.2,14.8,0.0
2025-04-02 22:00:00,15739.0,15178.942,15331.0,560.058,408.0,0.035584,0.025923,22,4,Wednesday,3.2,14.8,0.0
2025-04-02 23:00:00,15313.0,14432.808,14739.0,880.192,574.0,0.05748,0.037484,23,4,Wednesday,3.6,14.4,0.0
2025-04-03 00:00:00,14342.0,13933.585,14282.0,408.415,60.0,0.028477,0.004184,0,4,Thursday,3.9,14.1,0.0
2025-04-03 01:00:00,14522.0,13839.428,14096.0,682.572,426.0,0.047003,0.029335,1,4,Thursday,4.3,13.7,0.0
2025-04-03 02:00:00,14418.0,13686.158,14014.0,731.842,404.0,0.050759,0.028021,2,4,Thursday,5.7,12.3,0.0
2025-04-03 03:00:00,14195.0,13733.512,14117.0,461.488,78.0,0.032511,0.005495,3,4,Thursday,8.6,9.4,0.0
2025-04-03 04:00:00,14570.0,14220.339,14659.0,349.661,89.0,0.023999,0.006108,4,4,Thursday,11.0,7.0,0.0
2025-04-03 05:00:00,15571.0,15342.09,15819.0,228.91,248.0,0.014701,0.015927,5,4,Thursday,12.3,5.699999999999999,0.0
2025-04-03 06:00:00,16565.0,15821.853,16939.0,743.147,374.0,0.044862,0.022578,6,4,Thursday,12.6,5.4,0.0
2025-04-03 07:00:00,16862.0,16066.499,17357.0,795.501,495.0,0.047177,0.029356,7,4,Thursday,13.1,4.9,0.0
2025-04-03 08:00:00,16777.0,15897.639,17212.0,879.361,435.0,0.052415,0.025928,8,4,Thursday,13.4,4.6,0.0
2025-04-03 09:00:00,15979.0,15733.357,17395.0,245.643,1416.0,0.015373,0.088616,9,4,Thursday,14.9,3.0999999999999996,0.0
2025-04-03 10:00:00,15533.0,15930.142,17639.0,397.142,2106.0,0.025568,0.135582,10,4,Thursday,17.1,0.8999999999999986,0.0
2025-04-03 11:00:00,15168.0,16217.535,17883.0,1049.535,2715.0,0.069194,0.178995,11,4,Thursday,18.4,0.0,0.3999999999999986
2025-04-03 12:00:00,14721.0,16418.01,18027.0,1697.01,3306.0,0.115278,0.224577,12,4,Thursday,19.0,0.0,1.0
2025-04-03 13:00:00,14632.0,16585.55,18097.0,1953.55,3465.0,0.133512,0.23681,13,4,Thursday,19.3,0.0,1.3000000000000007
2025-04-03 14:00:00,14742.0,16677.21,18283.0,1935.21,3541.0,0.131272,0.240198,14,4,Thursday,19.2,0.0,1.1999999999999993
2025-04-03 15:00:00,15367.0,16872.113,18953.0,1505.113,3586.0,0.097944,0.233357,15,4,Thursday,18.7,0.0,0.6999999999999993
2025-04-03 16:00:00,15751.0,17135.826,19492.0,1384.826,3741.0,0.08792,0.237509,16,4,Thursday,17.5,0.5,0.0
2025-04-03 17:00:00,16023.0,17058.768,18935.0,1035.768,2912.0,0.064643,0.181739,17,4,Thursday,15.7,2.3000000000000007,0.0
2025-04-03 18:00:00,16405.0,17077.027,18790.0,672.027,2385.0,0.040965,0.145383,18,4,Thursday,13.5,4.5,0.0
2025-04-03 19:00:00,16951.0,16873.713,18558.0,77.287,1607.0,0.004559,0.094803,19,4,Thursday,11.2,6.800000000000001,0.0
2025-04-03 20:00:00,16682.0,16475.72,17765.0,206.28,1083.0,0.012365,0.06492,20,4,Thursday,9.3,8.7,0.0
2025-04-03 21:00:00,15739.0,15791.743,16733.0,52.743,994.0,0.003351,0.063155,21,4,Thursday,7.9,10.1,0.0
2025-04-03 22:00:00,14929.0,15141.11,15739.0,212.11,810.0,0.014208,0.054257,22,4,Thursday,6.8,11.2,0.0
2025-04-03 23:00:00,14225.0,14790.336,15313.0,565.336,1088.0,0.039742,0.076485,23,4,Thursday,5.8,12.2,0.0
2025-04-04 00:00:00,13901.0,13932.243,14342.0,31.243,441.0,0.002248,0.031724,0,4,Friday,4.9,13.1,0.0
2025-04-04 01:00:00,13677.0,14008.747,14522.0,331.747,845.0,0.024256,0.061783,1,4,Friday,4.3,13.7,0.0
2025-04-04 02:00:00,13626.0,13995.368,14418.0,369.368,792.0,0.027108,0.058124,2,4,Friday,3.7,14.3,0.0
2025-04-04 03:00:00,13791.0,13897.658,14195.0,106.658,404.0,0.007734,0.029294,3,4,Friday,3.0,15.0,0.0
2025-04-04 04:00:00,14251.0,14269.581,14570.0,18.581,319.0,0.001304,0.022384,4,4,Friday,2.2,15.8,0.0
2025-04-04 05:00:00,15373.0,15463.915,15571.0,90.915,198.0,0.005914,0.01288,5,4,Friday,1.5,16.5,0.0
2025-04-04 06:00:00,16431.0,16384.541,16565.0,46.459,134.0,0.002828,0.008155,6,4,Friday,0.9,17.1,0.0
2025-04-04 07:00:00,16173.0,16671.768,16862.0,498.768,689.0,0.03084,0.042602,7,4,Friday,1.4,16.6,0.0
2025-04-04 08:00:00,15750.0,16339.937,16777.0,589.937,1027.0,0.037456,0.065206,8,4,Friday,3.4,14.6,0.0
2025-04-04 09:00:00,15160.0,15936.387,15979.0,776.387,819.0,0.051213,0.054024,9,4,Friday,4.2,13.8,0.0
2025-04-04 10:00:00,14839.0,15697.98,15533.0,858.979,694.0,0.057887,0.046769,10,4,Friday,5.4,12.6,0.0
2025-04-04 11:00:00,14663.0,15235.369,15168.0,572.369,505.0,0.039035,0.03444,11,4,Friday,6.8,11.2,0.0
2025-04-04 12:00:00,14430.0,14923.562,14721.0,493.562,291.0,0.034204,0.020166,12,4,Friday,8.0,10.0,0.0
2025-04-04 13:00:00,14504.0,14641.347,14632.0,137.347,128.0,0.00947,0.008825,13,4,Friday,8.9,9.1,0.0
2025-04-04 14:00:00,14541.0,14806.735,14742.0,265.735,201.0,0.018275,0.013823,14,4,Friday,8.5,9.5,0.0
2025-04-04 15:00:00,15086.0,15355.354,15367.0,269.354,281.0,0.017855,0.018627,15,4,Friday,8.4,9.6,0.0
2025-04-04 16:00:00,15779.0,15891.588,15751.0,112.588,28.0,0.007135,0.001775,16,4,Friday,7.2,10.8,0.0
2025-04-04 17:00:00,15953.0,16047.604,16023.0,94.604,70.0,0.00593,0.004388,17,4,Friday,6.5,11.5,0.0
2025-04-04 18:00:00,16290.0,16453.861,16405.0,163.861,115.0,0.010059,0.00706,18,4,Friday,5.3,12.7,0.0
2025-04-04 19:00:00,16611.0,16623.516,16951.0,12.516,340.0,0.000753,0.020468,19,4,Friday,4.6,13.4,0.0
2025-04-04 20:00:00,16209.0,16441.494,16682.0,232.494,473.0,0.014344,0.029181,20,4,Friday,4.8,13.2,0.0
2025-04-04 21:00:00,15299.0,15514.177,15739.0,215.177,440.0,0.014065,0.02876,21,4,Friday,5.1,12.9,0.0
2025-04-04 22:00:00,14235.0,14677.844,14929.0,442.844,694.0,0.03111,0.048753,22,4,Friday,4.6,13.4,0.0
2025-04-04 23:00:00,13698.0,14000.57,14225.0,302.57,527.0,0.022089,0.038473,23,4,Friday,4.3,13.7,0.0
2025-04-05 00:00:00,13336.0,13462.051,13901.0,126.051,565.0,0.009452,0.042367,0,4,Saturday,4.3,13.7,0.0
2025-04-05 01:00:00,12850.0,13125.581,13677.0,275.581,827.0,0.021446,0.064358,1,4,Saturday,4.5,13.5,0.0
2025-04-05 02:00:00,12739.0,13081.052,13626.0,342.052,887.0,0.026851,0.069629,2,4,Saturday,4.5,13.5,0.0
2025-04-05 03:00:00,12821.0,13080.673,13791.0,259.673,970.0,0.020254,0.075657,3,4,Saturday,4.2,13.8,0.0
2025-04-05 04:00:00,13016.0,13313.706,14251.0,297.706,1235.0,0.022872,0.094883,4,4,Saturday,4.1,13.9,0.0
2025-04-05 05:00:00,13477.0,13859.484,15373.0,382.484,1896.0,0.028381,0.140684,5,4,Saturday,4.0,14.0,0.0
2025-04-05 06:00:00,14394.0,14601.357,16431.0,207.357,2037.0,0.014406,0.141517,6,4,Saturday,3.5,14.5,0.0
2025-04-05 07:00:00,15309.0,14923.272,16173.0,385.728,864.0,0.025196,0.056437,7,4,Saturday,3.7,14.3,0.0
2025-04-05 08:00:00,16043.0,15026.628,15750.0,1016.372,293.0,0.063353,0.018263,8,4,Saturday,4.4,13.6,0.0
2025-04-05 09:00:00,16262.0,14749.22,15160.0,1512.78,1102.0,0.093025,0.067765,9,4,Saturday,4.7,13.3,0.0
2025-04-05 10:00:00,16775.0,14613.201,14839.0,2161.799,1936.0,0.12887,0.11541,10,4,Saturday,5.9,12.1,0.0
2025-04-05 11:00:00,16578.0,14560.745,14663.0,2017.255,1915.0,0.121683,0.115515,11,4,Saturday,5.9,12.1,0.0
2025-04-05 12:00:00,16253.0,14314.25,14430.0,1938.75,1823.0,0.119286,0.112164,12,4,Saturday,7.5,10.5,0.0
2025-04-05 13:00:00,16196.0,14376.114,14504.0,1819.886,1692.0,0.112366,0.10447,13,4,Saturday,8.1,9.9,0.0
2025-04-05 14:00:00,16109.0,14047.239,14541.0,2061.761,1568.0,0.127988,0.097337,14,4,Saturday,9.2,8.8,0.0
2025-04-05 15:00:00,16201.0,14337.846,15086.0,1863.154,1115.0,0.115002,0.068823,15,4,Saturday,11.8,6.199999999999999,0.0
2025-04-05 16:00:00,16362.0,15009.618,15779.0,1352.382,583.0,0.082654,0.035631,16,4,Saturday,12.1,5.9,0.0
2025-04-05 17:00:00,16320.0,15213.718,15953.0,1106.282,367.0,0.067787,0.022488,17,4,Saturday,11.5,6.5,0.0
2025-04-05 18:00:00,16298.0,15382.515,16290.0,915.485,8.0,0.056172,0.000491,18,4,Saturday,10.6,7.4,0.0
2025-04-05 19:00:00,16262.0,15646.695,16611.0,615.305,349.0,0.037837,0.021461,19,4,Saturday,9.1,8.9,0.0
2025-04-05 20:00:00,15661.0,15391.747,16209.0,269.253,548.0,0.017193,0.034991,20,4,Saturday,7.9,10.1,0.0
2025-04-05 21:00:00,14870.0,14823.995,15299.0,46.005,429.0,0.003094,0.02885,21,4,Saturday,6.8,11.2,0.0
2025-04-05 22:00:00,14213.0,14017.468,14235.0,195.532,22.0,0.013757,0.001548,22,4,Saturday,6.3,11.7,0.0
2025-04-05 23:00:00,13577.0,13396.27,13698.0,180.729,121.0,0.013311,0.008912,23,4,Saturday,5.8,12.2,0.0
2025-04-06 00:00:00,12951.0,13110.854,13336.0,159.854,385.0,0.012343,0.029727,0,4,Sunday,5.3,12.7,0.0
2025-04-06 01:00:00,12881.0,12617.282,12850.0,263.718,31.0,0.020473,0.002407,1,4,Sunday,4.6,13.4,0.0
2025-04-06 02:00:00,12964.0,12573.332,12739.0,390.668,225.0,0.030135,0.017356,2,4,Sunday,3.7,14.3,0.0
2025-04-06 03:00:00,13129.0,12736.939,12821.0,392.061,308.0,0.029862,0.02346,3,4,Sunday,2.8,15.2,0.0
2025-04-06 04:00:00,13244.0,12793.481,13016.0,450.519,228.0,0.034017,0.017215,4,4,Sunday,2.2,15.8,0.0
2025-04-06 05:00:00,13458.0,13137.937,13477.0,320.063,19.0,0.023782,0.001412,5,4,Sunday,1.7,16.3,0.0
2025-04-06 06:00:00,14118.0,13764.882,14394.0,353.118,276.0,0.025012,0.01955,6,4,Sunday,1.1,16.9,0.0
2025-04-06 07:00:00,14636.0,14564.557,15309.0,71.443,673.0,0.004881,0.045983,7,4,Sunday,0.7,17.3,0.0
2025-04-06 08:00:00,14705.0,15127.426,16043.0,422.426,1338.0,0.028727,0.090989,8,4,Sunday,1.5,16.5,0.0
2025-04-06 09:00:00,14545.0,15360.062,16262.0,815.062,1717.0,0.056037,0.118047,9,4,Sunday,2.5,15.5,0.0
2025-04-06 10:00:00,14444.0,15478.254,16775.0,1034.254,2331.0,0.071604,0.161382,10,4,Sunday,3.4,14.6,0.0
2025-04-06 11:00:00,14314.0,15481.592,16578.0,1167.592,2264.0,0.08157,0.158167,11,4,Sunday,4.1,13.9,0.0
2025-04-06 12:00:00,14006.0,15269.684,16253.0,1263.684,2247.0,0.090224,0.160431,12,4,Sunday,5.1,12.9,0.0
2025-04-06 13:00:00,14031.0,15146.447,16196.0,1115.447,2165.0,0.079499,0.154301,13,4,Sunday,5.5,12.5,0.0
2025-04-06 14:00:00,13985.0,15272.006,16109.0,1287.006,2124.0,0.092028,0.151877,14,4,Sunday,5.6,12.4,0.0
2025-04-06 15:00:00,14766.0,15721.691,16201.0,955.691,1435.0,0.064722,0.097183,15,4,Sunday,5.0,13.0,0.0
2025-04-06 16:00:00,15486.0,16087.22,16362.0,601.22,876.0,0.038823,0.056567,16,4,Sunday,5.1,12.9,0.0
2025-04-06 17:00:00,15973.0,16194.664,16320.0,221.664,347.0,0.013877,0.021724,17,4,Sunday,4.5,13.5,0.0
2025-04-06 18:00:00,16572.0,16269.604,16298.0,302.396,274.0,0.018247,0.016534,18,4,Sunday,3.0,15.0,0.0
2025-04-06 19:00:00,16931.0,16243.857,16262.0,687.143,669.0,0.040585,0.039513,19,4,Sunday,2.2,15.8,0.0
2025-04-06 20:00:00,16530.0,15680.221,15661.0,849.779,869.0,0.051408,0.052571,20,4,Sunday,2.3,15.7,0.0
2025-04-06 21:00:00,15746.0,14776.178,14870.0,969.822,876.0,0.061592,0.055633,21,4,Sunday,1.7,16.3,0.0
2025-04-06 22:00:00,14991.0,13971.779,14213.0,1019.221,778.0,0.067989,0.051898,22,4,Sunday,1.4,16.6,0.0
2025-04-06 23:00:00,14232.0,13368.978,13577.0,863.022,655.0,0.06064,0.046023,23,4,Sunday,1.3,16.7,0.0
2025-04-07 00:00:00,13862.0,13228.192,12951.0,633.808,911.0,0.045723,0.065719,0,4,Monday,0.8,17.2,0.0
2025-04-07 01:00:00,13730.0,13174.858,12881.0,555.142,849.0,0.040433,0.061835,1,4,Monday,0.6,17.4,0.0
2025-04-07 02:00:00,13626.0,13299.339,12964.0,326.661,662.0,0.023973,0.048584,2,4,Monday,-0.6,18.6,0.0
2025-04-07 03:00:00,13973.0,13387.489,13129.0,585.511,844.0,0.041903,0.060402,3,4,Monday,-0.8,18.8,0.0
2025-04-07 04:00:00,14617.0,13646.466,13244.0,970.534,1373.0,0.066398,0.093932,4,4,Monday,-0.7,18.7,0.0
2025-04-07 05:00:00,15741.0,14444.911,13458.0,1296.089,2283.0,0.082338,0.145035,5,4,Monday,-1.1,19.1,0.0
2025-04-07 06:00:00,16755.0,15721.721,14118.0,1033.279,2637.0,0.06167,0.157386,6,4,Monday,-0.7,18.7,0.0
2025-04-07 07:00:00,16489.0,16205.313,14636.0,283.687,1853.0,0.017205,0.112378,7,4,Monday,0.7,17.3,0.0
2025-04-07 08:00:00,15821.0,16343.34,14705.0,522.34,1116.0,0.033016,0.070539,8,4,Monday,2.5,15.5,0.0
2025-04-07 09:00:00,15281.0,16076.649,14545.0,795.649,736.0,0.052068,0.048164,9,4,Monday,3.3,14.7,0.0
2025-04-07 10:00:00,15191.0,16003.885,14444.0,812.885,747.0,0.053511,0.049174,10,4,Monday,4.0,14.0,0.0
2025-04-07 11:00:00,15034.0,15932.905,14314.0,898.905,720.0,0.059791,0.047891,11,4,Monday,4.7,13.3,0.0
2025-04-07 12:00:00,15191.0,15811.069,14006.0,620.069,1185.0,0.040818,0.078007,12,4,Monday,5.4,12.6,0.0
2025-04-07 13:00:00,15561.0,15633.197,14031.0,72.197,1530.0,0.00464,0.098323,13,4,Monday,6.2,11.8,0.0
2025-04-07 14:00:00,15750.0,15695.292,13985.0,54.708,1765.0,0.003474,0.112063,14,4,Monday,5.9,12.1,0.0
2025-04-07 15:00:00,16189.0,16220.438,14766.0,31.438,1423.0,0.001942,0.087899,15,4,Monday,4.6,13.4,0.0
2025-04-07 16:00:00,16661.0,16536.082,15486.0,124.918,1175.0,0.007498,0.070524,16,4,Monday,5.4,12.6,0.0
2025-04-07 17:00:00,16865.0,16668.873,15973.0,196.127,892.0,0.011629,0.052891,17,4,Monday,6.1,11.9,0.0
2025-04-07 18:00:00,17186.0,17205.93,16572.0,19.93,614.0,0.00116,0.035727,18,4,Monday,3.0,15.0,0.0
2025-04-07 19:00:00,17634.0,17758.846,16931.0,124.846,703.0,0.00708,0.039866,19,4,Monday,-0.5,18.5,0.0
2025-04-07 20:00:00,17190.0,17311.031,16530.0,121.031,660.0,0.007041,0.038394,20,4,Monday,-1.5,19.5,0.0
2025-04-07 21:00:00,16113.0,16282.935,15746.0,169.935,367.0,0.010546,0.022777,21,4,Monday,-1.9,19.9,0.0
2025-04-07 22:00:00,15278.0,15326.506,14991.0,48.506,287.0,0.003175,0.018785,22,4,Monday,-2.3,20.3,0.0
2025-04-07 23:00:00,14746.0,14671.596,14232.0,74.404,514.0,0.005046,0.034857,23,4,Monday,-2.5,20.5,0.0
2025-04-08 00:00:00,14184.0,14257.284,13862.0,73.284,322.0,0.005167,0.022702,0,4,Tuesday,-2.8,20.8,0.0
2025-04-08 01:00:00,14102.0,14201.859,13730.0,99.859,372.0,0.007081,0.026379,1,4,Tuesday,-3.1,21.1,0.0
2025-04-08 02:00:00,14095.0,14167.872,13626.0,72.872,469.0,0.00517,0.033274,2,4,Tuesday,-3.5,21.5,0.0
2025-04-08 03:00:00,14310.0,14309.31,13973.0,0.69,337.0,4.8e-05,0.02355,3,4,Tuesday,-4.1,22.1,0.0
2025-04-08 04:00:00,14967.0,14976.604,14617.0,9.604,350.0,0.000642,0.023385,4,4,Tuesday,-4.6,22.6,0.0
2025-04-08 05:00:00,16201.0,15949.137,15741.0,251.863,460.0,0.015546,0.028393,5,4,Tuesday,-5.2,23.2,0.0
2025-04-08 06:00:00,17531.0,17076.215,16755.0,454.785,776.0,0.025942,0.044264,6,4,Tuesday,-5.6,23.6,0.0
2025-04-08 07:00:00,17908.0,16874.11,16489.0,1033.89,1419.0,0.057733,0.079238,7,4,Tuesday,-5.5,23.5,0.0
2025-04-08 08:00:00,17618.0,16374.669,15821.0,1243.331,1797.0,0.070572,0.101998,8,4,Tuesday,-5.1,23.1,0.0
2025-04-08 09:00:00,16940.0,15855.481,15281.0,1084.519,1659.0,0.064021,0.097934,9,4,Tuesday,-5.0,23.0,0.0
2025-04-08 10:00:00,16612.0,15876.061,15191.0,735.939,1421.0,0.044302,0.085541,10,4,Tuesday,-4.7,22.7,0.0
2025-04-08 11:00:00,16377.0,15781.844,15034.0,595.156,1343.0,0.036341,0.082005,11,4,Tuesday,-4.2,22.2,0.0
2025-04-08 12:00:00,16194.0,15766.201,15191.0,427.799,1003.0,0.026417,0.061937,12,4,Tuesday,-3.7,21.7,0.0
2025-04-08 13:00:00,16134.0,15778.644,15561.0,355.356,573.0,0.022025,0.035515,13,4,Tuesday,-2.7,20.7,0.0
2025-04-08 14:00:00,16210.0,15831.643,15750.0,378.357,460.0,0.023341,0.028378,14,4,Tuesday,-2.2,20.2,0.0
2025-04-08 15:00:00,16607.0,16247.03,16189.0,359.97,418.0,0.021676,0.02517,15,4,Tuesday,-1.9,19.9,0.0
2025-04-08 16:00:00,17210.0,16770.049,16661.0,439.951,549.0,0.025564,0.0319,16,4,Tuesday,-1.7,19.7,0.0
2025-04-08 17:00:00,17445.0,17203.61,16865.0,241.39,580.0,0.013837,0.033247,17,4,Tuesday,-1.9,19.9,0.0
2025-04-08 18:00:00,17923.0,17600.895,17186.0,322.105,737.0,0.017972,0.04112,18,4,Tuesday,-2.4,20.4,0.0
2025-04-08 19:00:00,18478.0,17936.604,17634.0,541.396,844.0,0.029299,0.045676,19,4,Tuesday,-3.0,21.0,0.0
2025-04-08 20:00:00,18087.0,17528.441,17190.0,558.559,897.0,0.030882,0.049594,20,4,Tuesday,-3.0,21.0,0.0
2025-04-08 21:00:00,17020.0,16466.92,16113.0,553.08,907.0,0.032496,0.05329,21,4,Tuesday,-3.4,21.4,0.0
2025-04-08 22:00:00,16118.0,15372.51,15278.0,745.49,840.0,0.046252,0.052116,22,4,Tuesday,-3.6,21.6,0.0
2025-04-08 23:00:00,15524.0,14872.336,14746.0,651.664,778.0,0.041978,0.050116,23,4,Tuesday,-3.7,21.7,0.0
2025-04-09 00:00:00,15095.0,14359.068,14184.0,735.932,911.0,0.048753,0.060351,0,4,Wednesday,-3.7,21.7,0.0
2025-04-09 01:00:00,14962.0,14341.255,14102.0,620.745,860.0,0.041488,0.057479,1,4,Wednesday,-3.7,21.7,0.0
2025-04-09 02:00:00,14854.0,14341.139,14095.0,512.861,759.0,0.034527,0.051097,2,4,Wednesday,-3.7,21.7,0.0
2025-04-09 03:00:00,14957.0,14430.0,14310.0,527.0,647.0,0.035234,0.043257,3,4,Wednesday,-3.7,21.7,0.0
2025-04-09 04:00:00,15588.0,14882.756,14967.0,705.244,621.0,0.045243,0.039838,4,4,Wednesday,-3.8,21.8,0.0
2025-04-09 05:00:00,16823.0,16066.489,16201.0,756.511,622.0,0.044969,0.036973,5,4,Wednesday,-3.9,21.9,0.0
2025-04-09 06:00:00,17827.0,17173.86,17531.0,653.14,296.0,0.036638,0.016604,6,4,Wednesday,-4.0,22.0,0.0
2025-04-09 07:00:00,17742.0,17582.521,17908.0,159.479,166.0,0.008989,0.009356,7,4,Wednesday,-3.1,21.1,0.0
2025-04-09 08:00:00,16979.0,17247.967,17618.0,268.967,639.0,0.015841,0.037635,8,4,Wednesday,-1.5,19.5,0.0
2025-04-09 09:00:00,16549.0,16765.979,16940.0,216.979,391.0,0.013111,0.023627,9,4,Wednesday,0.5,17.5,0.0
2025-04-09 10:00:00,16346.0,16571.178,16612.0,225.178,266.0,0.013776,0.016273,10,4,Wednesday,1.2,16.8,0.0
2025-04-09 11:00:00,16071.0,16454.094,16377.0,383.094,306.0,0.023838,0.019041,11,4,Wednesday,1.8,16.2,0.0
2025-04-09 12:00:00,15883.0,16156.863,16194.0,273.863,311.0,0.017243,0.019581,12,4,Wednesday,3.8,14.2,0.0
2025-04-09 13:00:00,15637.0,16134.201,16134.0,497.201,497.0,0.031796,0.031784,13,4,Wednesday,4.5,13.5,0.0
2025-04-09 14:00:00,15730.0,16190.791,16210.0,460.791,480.0,0.029294,0.030515,14,4,Wednesday,5.1,12.9,0.0
2025-04-09 15:00:00,16248.0,16414.186,16607.0,166.186,359.0,0.010228,0.022095,15,4,Wednesday,4.4,13.6,0.0
2025-04-09 16:00:00,16653.0,16847.41,17210.0,194.41,557.0,0.011674,0.033447,16,4,Wednesday,4.0,14.0,0.0
2025-04-09 17:00:00,16753.0,16978.158,17445.0,225.158,692.0,0.01344,0.041306,17,4,Wednesday,3.9,14.1,0.0
2025-04-09 18:00:00,17096.0,17416.342,17923.0,320.342,827.0,0.018738,0.048374,18,4,Wednesday,3.3,14.7,0.0
2025-04-09 19:00:00,17515.0,17829.375,18478.0,314.375,963.0,0.017949,0.054981,19,4,Wednesday,2.6,15.4,0.0
2025-04-09 20:00:00,17022.0,17723.54,18087.0,701.54,1065.0,0.041214,0.062566,20,4,Wednesday,1.5,16.5,0.0
2025-04-09 21:00:00,16422.0,16744.027,17020.0,322.027,598.0,0.019609,0.036415,21,4,Wednesday,0.4,17.6,0.0
2025-04-09 22:00:00,15516.0,15850.03,16118.0,334.03,602.0,0.021528,0.038799,22,4,Wednesday,-0.3,18.3,0.0
2025-04-09 23:00:00,14843.0,15223.922,15524.0,380.922,681.0,0.025663,0.04588,23,4,Wednesday,0.0,18.0,0.0
2025-04-10 00:00:00,14463.0,14649.848,15095.0,186.848,632.0,0.012919,0.043698,0,4,Thursday,-0.1,18.1,0.0
2025-04-10 01:00:00,14299.0,14559.873,14962.0,260.873,663.0,0.018244,0.046367,1,4,Thursday,-0.5,18.5,0.0
2025-04-10 02:00:00,14221.0,14522.124,14854.0,301.124,633.0,0.021175,0.044512,2,4,Thursday,-0.2,18.2,0.0
2025-04-10 03:00:00,14379.0,14462.87,14957.0,83.87,578.0,0.005833,0.040198,3,4,Thursday,-0.3,18.3,0.0
2025-04-10 04:00:00,15002.0,15198.747,15588.0,196.747,586.0,0.013115,0.039061,4,4,Thursday,0.1,17.9,0.0
2025-04-10 05:00:00,16123.0,16177.74,16823.0,54.74,700.0,0.003395,0.043416,5,4,Thursday,0.5,17.5,0.0
2025-04-10 06:00:00,17118.0,17120.412,17827.0,2.412,709.0,0.000141,0.041418,6,4,Thursday,1.0,17.0,0.0
2025-04-10 07:00:00,17200.0,17076.852,17742.0,123.148,542.0,0.00716,0.031512,7,4,Thursday,1.5,16.5,0.0
2025-04-10 08:00:00,16953.0,16688.477,16979.0,264.523,26.0,0.015603,0.001534,8,4,Thursday,2.1,15.9,0.0
2025-04-10 09:00:00,16770.0,16364.202,16549.0,405.798,221.0,0.024198,0.013178,9,4,Thursday,2.5,15.5,0.0
2025-04-10 10:00:00,16689.0,15982.322,16346.0,706.678,343.0,0.042344,0.020552,10,4,Thursday,3.5,14.5,0.0
2025-04-10 11:00:00,16626.0,15832.823,16071.0,793.177,555.0,0.047707,0.033381,11,4,Thursday,2.4,15.6,0.0
2025-04-10 12:00:00,16663.0,15767.75,15883.0,895.25,780.0,0.053727,0.04681,12,4,Thursday,2.7,15.3,0.0
2025-04-10 13:00:00,16676.0,15649.862,15637.0,1026.138,1039.0,0.061534,0.062305,13,4,Thursday,2.2,15.8,0.0
2025-04-10 14:00:00,16935.0,15688.167,15730.0,1246.833,1205.0,0.073625,0.071154,14,4,Thursday,2.0,16.0,0.0
2025-04-10 15:00:00,17452.0,16132.853,16248.0,1319.147,1204.0,0.075587,0.068989,15,4,Thursday,1.8,16.2,0.0
2025-04-10 16:00:00,17703.0,16522.412,16653.0,1180.588,1050.0,0.066689,0.059312,16,4,Thursday,1.7,16.3,0.0
2025-04-10 17:00:00,17773.0,16809.887,16753.0,963.113,1020.0,0.05419,0.05739,17,4,Thursday,1.4,16.6,0.0
2025-04-10 18:00:00,17985.0,17086.367,17096.0,898.633,889.0,0.049966,0.04943,18,4,Thursday,1.3,16.7,0.0
2025-04-10 19:00:00,18157.0,17267.473,17515.0,889.527,642.0,0.048991,0.035358,19,4,Thursday,1.2,16.8,0.0
2025-04-10 20:00:00,17588.0,16936.467,17022.0,651.533,566.0,0.037044,0.032181,20,4,Thursday,1.1,16.9,0.0
2025-04-10 21:00:00,16655.0,16146.824,16422.0,508.176,233.0,0.030512,0.01399,21,4,Thursday,1.1,16.9,0.0
2025-04-10 22:00:00,15685.0,15162.347,15516.0,522.653,169.0,0.033322,0.010775,22,4,Thursday,1.1,16.9,0.0
2025-04-10 23:00:00,15091.0,14523.028,14843.0,567.972,248.0,0.037636,0.016434,23,4,Thursday,1.3,16.7,0.0
2025-04-11 00:00:00,14639.0,14164.328,14463.0,474.672,176.0,0.032425,0.012023,0,4,Friday,1.3,16.7,0.0
2025-04-11 01:00:00,14500.0,13962.614,14299.0,537.386,201.0,0.037061,0.013862,1,4,Friday,1.4,16.6,0.0
2025-04-11 02:00:00,14460.0,13894.033,14221.0,565.967,239.0,0.03914,0.016528,2,4,Friday,1.4,16.6,0.0
2025-04-11 03:00:00,14367.0,14031.345,14379.0,335.655,12.0,0.023363,0.000835,3,4,Friday,1.4,16.6,0.0
2025-04-11 04:00:00,14887.0,14577.95,15002.0,309.05,115.0,0.02076,0.007725,4,4,Friday,1.4,16.6,0.0
2025-04-11 05:00:00,15992.0,15603.038,16123.0,388.962,131.0,0.024322,0.008192,5,4,Friday,1.4,16.6,0.0
2025-04-11 06:00:00,17268.0,16529.326,17118.0,738.674,150.0,0.042777,0.008687,6,4,Friday,1.4,16.6,0.0
2025-04-11 07:00:00,17622.0,16686.838,17200.0,935.162,422.0,0.053068,0.023947,7,4,Friday,1.5,16.5,0.0
2025-04-11 08:00:00,17482.0,16422.143,16953.0,1059.857,529.0,0.060626,0.03026,8,4,Friday,2.0,16.0,0.0
2025-04-11 09:00:00,16992.0,16155.252,16770.0,836.748,222.0,0.049244,0.013065,9,4,Friday,2.4,15.6,0.0
2025-04-11 10:00:00,16602.0,16088.484,16689.0,513.516,87.0,0.030931,0.00524,10,4,Friday,3.2,14.8,0.0
2025-04-11 11:00:00,16616.0,15916.83,16626.0,699.17,10.0,0.042078,0.000602,11,4,Friday,4.0,14.0,0.0
2025-04-11 12:00:00,16593.0,15904.777,16663.0,688.223,70.0,0.041477,0.004219,12,4,Friday,5.1,12.9,0.0
2025-04-11 13:00:00,16478.0,15887.909,16676.0,590.091,198.0,0.035811,0.012016,13,4,Friday,5.4,12.6,0.0
2025-04-11 14:00:00,16402.0,15987.14,16935.0,414.86,533.0,0.025293,0.032496,14,4,Friday,5.2,12.8,0.0
2025-04-11 15:00:00,16569.0,16311.194,17452.0,257.806,883.0,0.01556,0.053292,15,4,Friday,5.4,12.6,0.0
2025-04-11 16:00:00,16740.0,16784.371,17703.0,44.371,963.0,0.002651,0.057527,16,4,Friday,5.2,12.8,0.0
2025-04-11 17:00:00,16885.0,17045.076,17773.0,160.076,888.0,0.00948,0.052591,17,4,Friday,4.9,13.1,0.0
2025-04-11 18:00:00,17244.0,17166.766,17985.0,77.234,741.0,0.004479,0.042971,18,4,Friday,4.7,13.3,0.0
2025-04-11 19:00:00,17599.0,17219.928,18157.0,379.072,558.0,0.021539,0.031706,19,4,Friday,4.3,13.7,0.0
2025-04-11 20:00:00,17023.0,16789.195,17588.0,233.805,565.0,0.013735,0.03319,20,4,Friday,4.2,13.8,0.0
2025-04-11 21:00:00,16259.0,15923.999,16655.0,335.001,396.0,0.020604,0.024356,21,4,Friday,4.0,14.0,0.0
2025-04-11 22:00:00,15450.0,15030.678,15685.0,419.322,235.0,0.027141,0.01521,22,4,Friday,3.7,14.3,0.0
2025-04-11 23:00:00,14695.0,14443.675,15091.0,251.325,396.0,0.017103,0.026948,23,4,Friday,3.5,14.5,0.0
2025-04-12 00:00:00,14217.0,13632.036,14639.0,584.964,422.0,0.041145,0.029683,0,4,Saturday,2.8,15.2,0.0
2025-04-12 01:00:00,13919.0,13403.294,14500.0,515.706,581.0,0.037051,0.041742,1,4,Saturday,2.6,15.4,0.0
2025-04-12 02:00:00,13698.0,13280.263,14460.0,417.737,762.0,0.030496,0.055629,2,4,Saturday,2.8,15.2,0.0
2025-04-12 03:00:00,13746.0,13146.83,14367.0,599.17,621.0,0.043589,0.045177,3,4,Saturday,2.6,15.4,0.0
2025-04-12 04:00:00,14052.0,13344.713,14887.0,707.287,835.0,0.050334,0.059422,4,4,Saturday,2.4,15.6,0.0
2025-04-12 05:00:00,14491.0,14225.436,15992.0,265.564,1501.0,0.018326,0.103582,5,4,Saturday,2.2,15.8,0.0
2025-04-12 06:00:00,15019.0,15076.886,17268.0,57.886,2249.0,0.003854,0.149744,6,4,Saturday,1.6,16.4,0.0
2025-04-12 07:00:00,15618.0,15217.605,17622.0,400.395,2004.0,0.025637,0.128313,7,4,Saturday,2.1,15.9,0.0
2025-04-12 08:00:00,16031.0,15474.928,17482.0,556.072,1451.0,0.034687,0.090512,8,4,Saturday,4.5,13.5,0.0
2025-04-12 09:00:00,15805.0,15159.604,16992.0,645.396,1187.0,0.040835,0.075103,9,4,Saturday,5.7,12.3,0.0
2025-04-12 10:00:00,15581.0,15032.179,16602.0,548.821,1021.0,0.035224,0.065529,10,4,Saturday,7.9,10.1,0.0
2025-04-12 11:00:00,15194.0,14874.868,16616.0,319.132,1422.0,0.021004,0.09359,11,4,Saturday,8.7,9.3,0.0
2025-04-12 12:00:00,14774.0,14904.557,16593.0,130.557,1819.0,0.008837,0.123122,12,4,Saturday,8.5,9.5,0.0
2025-04-12 13:00:00,14267.0,14850.98,16478.0,583.98,2211.0,0.040932,0.154973,13,4,Saturday,8.3,9.7,0.0
2025-04-12 14:00:00,14158.0,14863.682,16402.0,705.682,2244.0,0.049843,0.158497,14,4,Saturday,8.0,10.0,0.0
2025-04-12 15:00:00,14313.0,15172.774,16569.0,859.774,2256.0,0.060069,0.157619,15,4,Saturday,8.3,9.7,0.0
2025-04-12 16:00:00,14823.0,15415.79,16740.0,592.79,1917.0,0.039991,0.129326,16,4,Saturday,7.8,10.2,0.0
2025-04-12 17:00:00,15340.0,15547.039,16885.0,207.039,1545.0,0.013497,0.100717,17,4,Saturday,7.5,10.5,0.0
2025-04-12 18:00:00,15798.0,15937.619,17244.0,139.619,1446.0,0.008838,0.091531,18,4,Saturday,6.3,11.7,0.0
2025-04-12 19:00:00,15915.0,16240.973,17599.0,325.973,1684.0,0.020482,0.105812,19,4,Saturday,5.4,12.6,0.0
2025-04-12 20:00:00,15860.0,15706.567,17023.0,153.433,1163.0,0.009674,0.073329,20,4,Saturday,4.0,14.0,0.0
2025-04-12 21:00:00,15287.0,15083.146,16259.0,203.854,972.0,0.013335,0.063583,21,4,Saturday,3.5,14.5,0.0
2025-04-12 22:00:00,14618.0,14218.02,15450.0,399.98,832.0,0.027362,0.056916,22,4,Saturday,3.8,14.2,0.0
2025-04-12 23:00:00,13879.0,13887.455,14695.0,8.455,816.0,0.000609,0.058794,23,4,Saturday,3.6,14.4,0.0
2025-04-13 00:00:00,13453.0,13334.17,14217.0,118.83,764.0,0.008833,0.05679,0,4,Sunday,3.6,14.4,0.0
2025-04-13 01:00:00,13249.0,13138.984,13919.0,110.016,670.0,0.008304,0.05057,1,4,Sunday,3.3,14.7,0.0
2025-04-13 02:00:00,13239.0,12998.953,13698.0,240.047,459.0,0.018132,0.03467,2,4,Sunday,2.5,15.5,0.0
2025-04-13 03:00:00,13235.0,13000.285,13746.0,234.715,511.0,0.017734,0.03861,3,4,Sunday,1.8,16.2,0.0
2025-04-13 04:00:00,13426.0,13095.528,14052.0,330.472,626.0,0.024614,0.046626,4,4,Sunday,1.5,16.5,0.0
2025-04-13 05:00:00,13873.0,13390.784,14491.0,482.216,618.0,0.034759,0.044547,5,4,Sunday,1.5,16.5,0.0
2025-04-13 06:00:00,14220.0,13829.122,15019.0,390.878,799.0,0.027488,0.056188,6,4,Sunday,1.4,16.6,0.0
2025-04-13 07:00:00,14332.0,14357.905,15618.0,25.905,1286.0,0.001807,0.089729,7,4,Sunday,3.0,15.0,0.0
2025-04-13 08:00:00,14089.0,14718.523,16031.0,629.523,1942.0,0.044682,0.137838,8,4,Sunday,5.6,12.4,0.0
2025-04-13 09:00:00,13715.0,14337.492,15805.0,622.492,2090.0,0.045388,0.152388,9,4,Sunday,8.3,9.7,0.0
2025-04-13 10:00:00,13508.0,13961.145,15581.0,453.145,2073.0,0.033546,0.153465,10,4,Sunday,10.3,7.699999999999999,0.0
2025-04-13 11:00:00,13492.0,13799.189,15194.0,307.189,1702.0,0.022768,0.126149,11,4,Sunday,11.4,6.6,0.0
2025-04-13 12:00:00,13366.0,13615.057,14774.0,249.057,1408.0,0.018634,0.105342,12,4,Sunday,11.8,6.199999999999999,0.0
2025-04-13 13:00:00,13193.0,13530.341,14267.0,337.341,1074.0,0.02557,0.081407,13,4,Sunday,12.0,6.0,0.0
2025-04-13 14:00:00,13289.0,13484.166,14158.0,195.166,869.0,0.014686,0.065392,14,4,Sunday,11.8,6.199999999999999,0.0
2025-04-13 15:00:00,13736.0,13860.853,14313.0,124.853,577.0,0.009089,0.042006,15,4,Sunday,11.2,6.800000000000001,0.0
2025-04-13 16:00:00,14504.0,14477.569,14823.0,26.431,319.0,0.001822,0.021994,16,4,Sunday,10.6,7.4,0.0
2025-04-13 17:00:00,15143.0,15078.403,15340.0,64.597,197.0,0.004266,0.013009,17,4,Sunday,9.9,8.1,0.0
2025-04-13 18:00:00,15527.0,15513.966,15798.0,13.034,271.0,0.000839,0.017453,18,4,Sunday,9.3,8.7,0.0
2025-04-13 19:00:00,16034.0,15815.607,15915.0,218.393,119.0,0.013621,0.007422,19,4,Sunday,7.8,10.2,0.0
2025-04-13 20:00:00,15448.0,15669.97,15860.0,221.97,412.0,0.014369,0.02667,20,4,Sunday,7.7,10.3,0.0
2025-04-13 21:00:00,14746.0,15137.732,15287.0,391.732,541.0,0.026565,0.036688,21,4,Sunday,7.2,10.8,0.0
2025-04-13 22:00:00,14112.0,14341.911,14618.0,229.911,506.0,0.016292,0.035856,22,4,Sunday,6.5,11.5,0.0
2025-04-13 23:00:00,13404.0,13678.028,13879.0,274.028,475.0,0.020444,0.035437,23,4,Sunday,5.8,12.2,0.0
2025-04-14 00:00:00,12891.0,13509.046,13453.0,618.046,562.0,0.047944,0.043596,0,4,Monday,5.8,12.2,0.0
2025-04-14 01:00:00,12642.0,13390.385,13249.0,748.385,607.0,0.059198,0.048015,1,4,Monday,5.3,12.7,0.0
2025-04-14 02:00:00,12740.0,13389.713,13239.0,649.713,499.0,0.050998,0.039168,2,4,Monday,4.9,13.1,0.0
2025-04-14 03:00:00,13011.0,13479.296,13235.0,468.296,224.0,0.035992,0.017216,3,4,Monday,4.9,13.1,0.0
2025-04-14 04:00:00,13621.0,13760.029,13426.0,139.029,195.0,0.010207,0.014316,4,4,Monday,4.8,13.2,0.0
2025-04-14 05:00:00,14805.0,14975.883,13873.0,170.883,932.0,0.011542,0.062952,5,4,Monday,5.1,12.9,0.0
2025-04-14 06:00:00,15939.0,15607.521,14220.0,331.479,1719.0,0.020797,0.107849,6,4,Monday,4.5,13.5,0.0
2025-04-14 07:00:00,16023.0,15948.638,14332.0,74.362,1691.0,0.004641,0.105536,7,4,Monday,4.4,13.6,0.0
2025-04-14 08:00:00,15721.0,15696.681,14089.0,24.319,1632.0,0.001547,0.10381,8,4,Monday,6.3,11.7,0.0
2025-04-14 09:00:00,15227.0,15314.096,13715.0,87.096,1512.0,0.00572,0.099297,9,4,Monday,7.1,10.9,0.0
2025-04-14 10:00:00,14906.0,15109.397,13508.0,203.397,1398.0,0.013645,0.093788,10,4,Monday,9.3,8.7,0.0
2025-04-14 11:00:00,15077.0,14976.107,13492.0,100.893,1585.0,0.006692,0.105127,11,4,Monday,11.0,7.0,0.0
2025-04-14 12:00:00,14873.0,14911.176,13366.0,38.176,1507.0,0.002567,0.101325,12,4,Monday,12.8,5.199999999999999,0.0
2025-04-14 13:00:00,14842.0,14692.847,13193.0,149.153,1649.0,0.010049,0.111104,13,4,Monday,13.3,4.699999999999999,0.0
2025-04-14 14:00:00,14970.0,14839.798,13289.0,130.202,1681.0,0.008698,0.112291,14,4,Monday,13.9,4.1,0.0
2025-04-14 15:00:00,15332.0,15224.621,13736.0,107.379,1596.0,0.007004,0.104096,15,4,Monday,14.4,3.5999999999999996,0.0
2025-04-14 16:00:00,15555.0,15609.644,14504.0,54.644,1051.0,0.003513,0.067567,16,4,Monday,14.2,3.8000000000000007,0.0
2025-04-14 17:00:00,15731.0,15997.844,15143.0,266.844,588.0,0.016963,0.037378,17,4,Monday,14.0,4.0,0.0
2025-04-14 18:00:00,15979.0,16200.613,15527.0,221.613,452.0,0.013869,0.028287,18,4,Monday,13.9,4.1,0.0
2025-04-14 19:00:00,16376.0,16459.297,16034.0,83.297,342.0,0.005087,0.020884,19,4,Monday,13.9,4.1,0.0
2025-04-14 20:00:00,16097.0,15971.182,15448.0,125.818,649.0,0.007816,0.040318,20,4,Monday,13.9,4.1,0.0
2025-04-14 21:00:00,15072.0,15194.794,14746.0,122.794,326.0,0.008147,0.02163,21,4,Monday,13.3,4.699999999999999,0.0
2025-04-14 22:00:00,14204.0,14529.621,14112.0,325.621,92.0,0.022925,0.006477,22,4,Monday,12.6,5.4,0.0
2025-04-14 23:00:00,13445.0,13676.902,13404.0,231.902,41.0,0.017248,0.003049,23,4,Monday,11.0,7.0,0.0
2025-04-15 00:00:00,13086.0,13045.269,12891.0,40.731,195.0,0.003113,0.014901,0,4,Tuesday,9.2,8.8,0.0
2025-04-15 01:00:00,12797.0,12987.596,12642.0,190.596,155.0,0.014894,0.012112,1,4,Tuesday,8.2,9.8,0.0
2025-04-15 02:00:00,12736.0,13014.685,12740.0,278.685,4.0,0.021882,0.000314,2,4,Tuesday,7.6,10.4,0.0
2025-04-15 03:00:00,12955.0,13198.831,13011.0,243.831,56.0,0.018821,0.004323,3,4,Tuesday,7.2,10.8,0.0
2025-04-15 04:00:00,13417.0,13666.454,13621.0,249.454,204.0,0.018592,0.015205,4,4,Tuesday,6.7,11.3,0.0
2025-04-15 05:00:00,14511.0,14909.73,14805.0,398.73,294.0,0.027478,0.02026,5,4,Tuesday,6.3,11.7,0.0
2025-04-15 06:00:00,15641.0,15738.378,15939.0,97.378,298.0,0.006226,0.019052,6,4,Tuesday,6.5,11.5,0.0
2025-04-15 07:00:00,15842.0,15862.882,16023.0,20.882,181.0,0.001318,0.011425,7,4,Tuesday,6.7,11.3,0.0
2025-04-15 08:00:00,15641.0,15483.295,15721.0,157.705,80.0,0.010083,0.005115,8,4,Tuesday,8.9,9.1,0.0
2025-04-15 09:00:00,15721.0,15256.299,15227.0,464.701,494.0,0.029559,0.031423,9,4,Tuesday,9.7,8.3,0.0
2025-04-15 10:00:00,15651.0,15337.782,14906.0,313.218,745.0,0.020013,0.047601,10,4,Tuesday,7.5,10.5,0.0
2025-04-15 11:00:00,15276.0,15215.872,15077.0,60.128,199.0,0.003936,0.013027,11,4,Tuesday,8.6,9.4,0.0
2025-04-15 12:00:00,14917.0,15226.469,14873.0,309.469,44.0,0.020746,0.00295,12,4,Tuesday,7.6,10.4,0.0
2025-04-15 13:00:00,15169.0,15198.001,14842.0,29.001,327.0,0.001912,0.021557,13,4,Tuesday,7.8,10.2,0.0
2025-04-15 14:00:00,15565.0,15267.975,14970.0,297.025,595.0,0.019083,0.038227,14,4,Tuesday,6.7,11.3,0.0
2025-04-15 15:00:00,16298.0,15574.801,15332.0,723.199,966.0,0.044373,0.059271,15,4,Tuesday,5.9,12.1,0.0
2025-04-15 16:00:00,16913.0,16158.492,15555.0,754.508,1358.0,0.044611,0.080293,16,4,Tuesday,5.1,12.9,0.0
2025-04-15 17:00:00,16922.0,16270.923,15731.0,651.077,1191.0,0.038475,0.070382,17,4,Tuesday,4.2,13.8,0.0
2025-04-15 18:00:00,17142.0,16471.492,15979.0,670.508,1163.0,0.039115,0.067845,18,4,Tuesday,3.3,14.7,0.0
2025-04-15 19:00:00,17432.0,16726.531,16376.0,705.469,1056.0,0.04047,0.060578,19,4,Tuesday,2.8,15.2,0.0
2025-04-15 20:00:00,16970.0,16496.656,16097.0,473.344,873.0,0.027893,0.051444,20,4,Tuesday,2.8,15.2,0.0
2025-04-15 21:00:00,16087.0,15577.649,15072.0,509.351,1015.0,0.031662,0.063094,21,4,Tuesday,2.5,15.5,0.0
2025-04-15 22:00:00,15174.0,14602.083,14204.0,571.917,970.0,0.037691,0.063925,22,4,Tuesday,2.2,15.8,0.0
2025-04-15 23:00:00,14382.0,13830.831,13445.0,551.169,937.0,0.038324,0.065151,23,4,Tuesday,1.9,16.1,0.0
2025-04-16 00:00:00,13926.0,13294.418,13086.0,631.582,840.0,0.045353,0.060319,0,4,Wednesday,1.7,16.3,0.0
2025-04-16 01:00:00,13822.0,13113.405,12797.0,708.595,1025.0,0.051266,0.074157,1,4,Wednesday,1.5,16.5,0.0
2025-04-16 02:00:00,13810.0,13119.94,12736.0,690.06,1074.0,0.049968,0.07777,2,4,Wednesday,1.4,16.6,0.0
2025-04-16 03:00:00,13918.0,13192.477,12955.0,725.523,963.0,0.052128,0.069191,3,4,Wednesday,1.5,16.5,0.0
2025-04-16 04:00:00,14483.0,13621.638,13417.0,861.362,1066.0,0.059474,0.073604,4,4,Wednesday,1.4,16.6,0.0
2025-04-16 05:00:00,15626.0,14768.197,14511.0,857.803,1115.0,0.054896,0.071355,5,4,Wednesday,1.1,16.9,0.0
2025-04-16 06:00:00,16921.0,15987.161,15641.0,933.839,1280.0,0.055188,0.075646,6,4,Wednesday,0.7,17.3,0.0
2025-04-16 07:00:00,17101.0,16288.741,15842.0,812.259,1259.0,0.047498,0.073621,7,4,Wednesday,1.1,16.9,0.0
2025-04-16 08:00:00,17022.0,16026.233,15641.0,995.767,1381.0,0.058499,0.08113,8,4,Wednesday,2.2,15.8,0.0
2025-04-16 09:00:00,16684.0,15937.703,15721.0,746.297,963.0,0.044731,0.05772,9,4,Wednesday,2.7,15.3,0.0
2025-04-16 10:00:00,16539.0,15854.277,15651.0,684.723,888.0,0.041401,0.053691,10,4,Wednesday,3.2,14.8,0.0
2025-04-16 11:00:00,16327.0,15513.046,15276.0,813.954,1051.0,0.049853,0.064372,11,4,Wednesday,4.1,13.9,0.0
2025-04-16 12:00:00,16215.0,15307.772,14917.0,907.228,1298.0,0.05595,0.080049,12,4,Wednesday,4.9,13.1,0.0
2025-04-16 13:00:00,15810.0,15367.128,15169.0,442.872,641.0,0.028012,0.040544,13,4,Wednesday,5.4,12.6,0.0
2025-04-16 14:00:00,15635.0,15705.941,15565.0,70.941,70.0,0.004537,0.004477,14,4,Wednesday,5.3,12.7,0.0
2025-04-16 15:00:00,15883.0,16084.588,16298.0,201.588,415.0,0.012692,0.026129,15,4,Wednesday,5.6,12.4,0.0
2025-04-16 16:00:00,16292.0,16488.041,16913.0,196.041,621.0,0.012033,0.038117,16,4,Wednesday,5.4,12.6,0.0
2025-04-16 17:00:00,16739.0,16679.645,16922.0,59.355,183.0,0.003546,0.010933,17,4,Wednesday,5.1,12.9,0.0
2025-04-16 18:00:00,17277.0,16880.883,17142.0,396.117,135.0,0.022927,0.007814,18,4,Wednesday,4.7,13.3,0.0
2025-04-16 19:00:00,17651.0,16916.205,17432.0,734.795,219.0,0.041629,0.012407,19,4,Wednesday,4.1,13.9,0.0
2025-04-16 20:00:00,17286.0,16599.494,16970.0,686.506,316.0,0.039715,0.018281,20,4,Wednesday,3.4,14.6,0.0
2025-04-16 21:00:00,16486.0,16109.362,16087.0,376.638,399.0,0.022846,0.024202,21,4,Wednesday,2.7,15.3,0.0
2025-04-16 22:00:00,15517.0,14972.041,15174.0,544.959,343.0,0.03512,0.022105,22,4,Wednesday,2.0,16.0,0.0
2025-04-16 23:00:00,14717.0,14198.727,14382.0,518.273,335.0,0.035216,0.022763,23,4,Wednesday,1.4,16.6,0.0
2025-04-17 00:00:00,14322.0,13864.517,13926.0,457.483,396.0,0.031943,0.02765,0,4,Thursday,1.0,17.0,0.0
2025-04-17 01:00:00,14248.0,13675.354,13822.0,572.646,426.0,0.040191,0.029899,1,4,Thursday,0.7,17.3,0.0
2025-04-17 02:00:00,14196.0,13694.578,13810.0,501.422,386.0,0.035321,0.027191,2,4,Thursday,0.4,17.6,0.0
2025-04-17 03:00:00,14248.0,13899.415,13918.0,348.585,330.0,0.024466,0.023161,3,4,Thursday,0.1,17.9,0.0
2025-04-17 04:00:00,14968.0,14295.669,14483.0,672.331,485.0,0.044918,0.032402,4,4,Thursday,-0.3,18.3,0.0
2025-04-17 05:00:00,16180.0,15620.058,15626.0,559.942,554.0,0.034607,0.03424,5,4,Thursday,-0.5,18.5,0.0
2025-04-17 06:00:00,17008.0,16656.2,16921.0,351.8,87.0,0.020684,0.005115,6,4,Thursday,-0.6,18.6,0.0
2025-04-17 07:00:00,16604.0,16939.31,17101.0,335.31,497.0,0.020195,0.029933,7,4,Thursday,0.7,17.3,0.0
2025-04-17 08:00:00,15778.0,16577.854,17022.0,799.854,1244.0,0.050694,0.078844,8,4,Thursday,2.8,15.2,0.0
2025-04-17 09:00:00,15061.0,16333.224,16684.0,1272.224,1623.0,0.084471,0.107762,9,4,Thursday,5.0,13.0,0.0
2025-04-17 10:00:00,14906.0,15936.374,16539.0,1030.374,1633.0,0.069125,0.109553,10,4,Thursday,6.7,11.3,0.0
2025-04-17 11:00:00,14607.0,15796.638,16327.0,1189.638,1720.0,0.081443,0.117752,11,4,Thursday,7.7,10.3,0.0
2025-04-17 12:00:00,14541.0,15604.078,16215.0,1063.078,1674.0,0.073109,0.115123,12,4,Thursday,8.5,9.5,0.0
2025-04-17 13:00:00,14385.0,15474.285,15810.0,1089.285,1425.0,0.075724,0.099062,13,4,Thursday,8.8,9.2,0.0
2025-04-17 14:00:00,14276.0,15354.284,15635.0,1078.284,1359.0,0.075531,0.095195,14,4,Thursday,9.0,9.0,0.0
2025-04-17 15:00:00,14438.0,15607.192,15883.0,1169.192,1445.0,0.08098,0.100083,15,4,Thursday,9.3,8.7,0.0
2025-04-17 16:00:00,14996.0,15916.257,16292.0,920.257,1296.0,0.061367,0.086423,16,4,Thursday,9.4,8.6,0.0
2025-04-17 17:00:00,15561.0,16157.42,16739.0,596.42,1178.0,0.038328,0.075702,17,4,Thursday,8.9,9.1,0.0
2025-04-17 18:00:00,16088.0,16500.434,17277.0,412.434,1189.0,0.025636,0.073906,18,4,Thursday,7.9,10.1,0.0
2025-04-17 19:00:00,16325.0,16856.01,17651.0,531.01,1326.0,0.032527,0.081225,19,4,Thursday,6.8,11.2,0.0
2025-04-17 20:00:00,15909.0,16518.219,17286.0,609.219,1377.0,0.038294,0.086555,20,4,Thursday,6.8,11.2,0.0
2025-04-17 21:00:00,15214.0,16116.703,16486.0,902.703,1272.0,0.059334,0.083607,21,4,Thursday,5.4,12.6,0.0
2025-04-17 22:00:00,14353.0,15256.607,15517.0,903.607,1164.0,0.062956,0.081098,22,4,Thursday,4.8,13.2,0.0
2025-04-17 23:00:00,13661.0,14371.02,14717.0,710.021,1056.0,0.051974,0.0773,23,4,Thursday,4.0,14.0,0.0
2025-04-18 00:00:00,13080.0,13562.413,14322.0,482.413,1242.0,0.036882,0.094954,0,4,Friday,3.7,14.3,0.0
2025-04-18 01:00:00,12810.0,13438.879,14248.0,628.879,1438.0,0.049093,0.112256,1,4,Friday,3.1,14.9,0.0
2025-04-18 02:00:00,12740.0,13363.309,14196.0,623.309,1456.0,0.048925,0.114286,2,4,Friday,3.6,14.4,0.0
2025-04-18 03:00:00,12786.0,13217.518,14248.0,431.518,1462.0,0.033749,0.114344,3,4,Friday,3.9,14.1,0.0
2025-04-18 04:00:00,12963.0,13489.396,14968.0,526.396,2005.0,0.040608,0.154671,4,4,Friday,4.4,13.6,0.0
2025-04-18 05:00:00,13238.0,14597.711,16180.0,1359.711,2942.0,0.102713,0.222239,5,4,Friday,4.1,13.9,0.0
2025-04-18 06:00:00,13496.0,15217.442,17008.0,1721.442,3512.0,0.127552,0.260225,6,4,Friday,4.5,13.5,0.0
2025-04-18 07:00:00,13916.0,14937.109,16604.0,1021.109,2688.0,0.073377,0.193159,7,4,Friday,5.8,12.2,0.0
2025-04-18 08:00:00,14218.0,14015.794,15778.0,202.206,1560.0,0.014222,0.10972,8,4,Friday,8.6,9.4,0.0
2025-04-18 09:00:00,14457.0,13583.976,15061.0,873.024,604.0,0.060388,0.041779,9,4,Friday,10.2,7.800000000000001,0.0
2025-04-18 10:00:00,14880.0,13612.827,14906.0,1267.173,26.0,0.085159,0.001747,10,4,Friday,11.5,6.5,0.0
2025-04-18 11:00:00,15372.0,13499.68,14607.0,1872.32,765.0,0.121801,0.049766,11,4,Friday,13.1,4.9,0.0
2025-04-18 12:00:00,14825.0,13469.431,14541.0,1355.569,284.0,0.091438,0.019157,12,4,Friday,13.2,4.800000000000001,0.0
2025-04-18 13:00:00,14480.0,13416.829,14385.0,1063.171,95.0,0.073423,0.006561,13,4,Friday,13.8,4.199999999999999,0.0
2025-04-18 14:00:00,14410.0,13406.062,14276.0,1003.938,134.0,0.06967,0.009299,14,4,Friday,14.6,3.4000000000000004,0.0
2025-04-18 15:00:00,14267.0,13601.257,14438.0,665.743,171.0,0.046663,0.011986,15,4,Friday,13.7,4.300000000000001,0.0
2025-04-18 16:00:00,14577.0,14215.522,14996.0,361.478,419.0,0.024798,0.028744,16,4,Friday,16.4,1.6000000000000014,0.0
2025-04-18 17:00:00,14881.0,14774.917,15561.0,106.083,680.0,0.007129,0.045696,17,4,Friday,17.2,0.8000000000000007,0.0
2025-04-18 18:00:00,14845.0,15176.234,16088.0,331.234,1243.0,0.022313,0.083732,18,4,Friday,16.2,1.8000000000000007,0.0
2025-04-18 19:00:00,15047.0,15362.023,16325.0,315.023,1278.0,0.020936,0.084934,19,4,Friday,14.7,3.3000000000000007,0.0
2025-04-18 20:00:00,14393.0,14985.247,15909.0,592.247,1516.0,0.041148,0.105329,20,4,Friday,15.0,3.0,0.0
2025-04-18 21:00:00,13875.0,14330.208,15214.0,455.208,1339.0,0.032808,0.096505,21,4,Friday,13.8,4.199999999999999,0.0
2025-04-18 22:00:00,13216.0,13604.686,14353.0,388.686,1137.0,0.02941,0.086032,22,4,Friday,11.8,6.199999999999999,0.0
2025-04-18 23:00:00,12579.0,13105.872,13661.0,526.872,1082.0,0.041885,0.086016,23,4,Friday,12.0,6.0,0.0
2025-04-19 00:00:00,12045.0,12738.856,13080.0,693.856,1035.0,0.057605,0.085928,0,4,Saturday,13.3,4.699999999999999,0.0
2025-04-19 01:00:00,11930.0,12482.94,12810.0,552.94,880.0,0.046349,0.073764,1,4,Saturday,13.9,4.1,0.0
2025-04-19 02:00:00,11786.0,12402.241,12740.0,616.241,954.0,0.052286,0.080943,2,4,Saturday,13.6,4.4,0.0
2025-04-19 03:00:00,11758.0,12370.009,12786.0,612.009,1028.0,0.05205,0.08743,3,4,Saturday,13.5,4.5,0.0
2025-04-19 04:00:00,12011.0,12502.008,12963.0,491.008,952.0,0.04088,0.079261,4,4,Saturday,13.8,4.199999999999999,0.0
2025-04-19 05:00:00,12443.0,12772.916,13238.0,329.916,795.0,0.026514,0.063891,5,4,Saturday,13.2,4.800000000000001,0.0
2025-04-19 06:00:00,12978.0,12890.358,13496.0,87.642,518.0,0.006753,0.039914,6,4,Saturday,13.2,4.800000000000001,0.0
2025-04-19 07:00:00,13692.0,13314.118,13916.0,377.882,224.0,0.027599,0.01636,7,4,Saturday,15.6,2.4000000000000004,0.0
2025-04-19 08:00:00,14204.0,13734.494,14218.0,469.506,14.0,0.033054,0.000986,8,4,Saturday,17.6,0.3999999999999986,0.0
2025-04-19 09:00:00,14841.0,13910.93,14457.0,930.07,384.0,0.062669,0.025874,9,4,Saturday,18.2,0.0,0.1999999999999993
2025-04-19 10:00:00,14845.0,14351.495,14880.0,493.505,35.0,0.033244,0.002358,10,4,Saturday,20.1,0.0,2.1000000000000014
2025-04-19 11:00:00,14811.0,14303.872,15372.0,507.128,561.0,0.03424,0.037877,11,4,Saturday,19.9,0.0,1.8999999999999986
2025-04-19 12:00:00,14836.0,13822.066,14825.0,1013.934,11.0,0.068343,0.000741,12,4,Saturday,18.0,0.0,0.0
2025-04-19 13:00:00,14654.0,13773.834,14480.0,880.166,174.0,0.060063,0.011874,13,4,Saturday,18.0,0.0,0.0
2025-04-19 14:00:00,14413.0,13568.499,14410.0,844.501,3.0,0.058593,0.000208,14,4,Saturday,17.2,0.8000000000000007,0.0
2025-04-19 15:00:00,14663.0,13503.921,14267.0,1159.079,396.0,0.079048,0.027007,15,4,Saturday,15.8,2.1999999999999993,0.0
2025-04-19 16:00:00,14791.0,13824.361,14577.0,966.639,214.0,0.065353,0.014468,16,4,Saturday,15.4,2.5999999999999996,0.0
2025-04-19 17:00:00,14628.0,14344.768,14881.0,283.232,253.0,0.019362,0.017296,17,4,Saturday,14.7,3.3000000000000007,0.0
2025-04-19 18:00:00,14505.0,14483.189,14845.0,21.811,340.0,0.001504,0.02344,18,4,Saturday,12.5,5.5,0.0
2025-04-19 19:00:00,14721.0,14584.662,15047.0,136.338,326.0,0.009261,0.022145,19,4,Saturday,10.5,7.5,0.0
2025-04-19 20:00:00,14359.0,14307.004,14393.0,51.996,34.0,0.003621,0.002368,20,4,Saturday,8.5,9.5,0.0
2025-04-19 21:00:00,13864.0,13871.187,13875.0,7.187,11.0,0.000518,0.000793,21,4,Saturday,7.4,10.6,0.0
2025-04-19 22:00:00,13441.0,13104.62,13216.0,336.38,225.0,0.025026,0.01674,22,4,Saturday,6.6,11.4,0.0
2025-04-19 23:00:00,13063.0,12571.686,12579.0,491.314,484.0,0.037611,0.037051,23,4,Saturday,5.9,12.1,0.0
2025-04-20 00:00:00,12648.0,12074.72,12045.0,573.28,603.0,0.045326,0.047676,0,4,Sunday,5.2,12.8,0.0
2025-04-20 01:00:00,12446.0,11968.074,11930.0,477.926,516.0,0.0384,0.041459,1,4,Sunday,4.5,13.5,0.0
2025-04-20 02:00:00,12249.0,11929.328,11786.0,319.672,463.0,0.026098,0.037799,2,4,Sunday,3.9,14.1,0.0
2025-04-20 03:00:00,12228.0,11878.308,11758.0,349.692,470.0,0.028598,0.038436,3,4,Sunday,3.5,14.5,0.0
2025-04-20 04:00:00,12570.0,12172.921,12011.0,397.079,559.0,0.031589,0.044471,4,4,Sunday,2.9,15.1,0.0
2025-04-20 05:00:00,12951.0,12665.643,12443.0,285.357,508.0,0.022034,0.039225,5,4,Sunday,2.0,16.0,0.0
2025-04-20 06:00:00,13357.0,12901.374,12978.0,455.626,379.0,0.034111,0.028375,6,4,Sunday,1.4,16.6,0.0
2025-04-20 07:00:00,13703.0,13393.26,13692.0,309.74,11.0,0.022604,0.000803,7,4,Sunday,2.0,16.0,0.0
2025-04-20 08:00:00,13417.0,13556.224,14204.0,139.224,787.0,0.010377,0.058657,8,4,Sunday,4.1,13.9,0.0
2025-04-20 09:00:00,13165.0,13812.35,14841.0,647.35,1676.0,0.049172,0.127307,9,4,Sunday,5.4,12.6,0.0
2025-04-20 10:00:00,13118.0,13911.32,14845.0,793.32,1727.0,0.060476,0.131651,10,4,Sunday,6.7,11.3,0.0
2025-04-20 11:00:00,13102.0,13885.405,14811.0,783.405,1709.0,0.059793,0.130438,11,4,Sunday,7.9,10.1,0.0
2025-04-20 12:00:00,12928.0,13641.034,14836.0,713.034,1908.0,0.055154,0.147587,12,4,Sunday,8.9,9.1,0.0
2025-04-20 13:00:00,12786.0,13683.681,14654.0,897.681,1868.0,0.070208,0.146097,13,4,Sunday,8.9,9.1,0.0
2025-04-20 14:00:00,12805.0,13789.973,14413.0,984.973,1608.0,0.076921,0.125576,14,4,Sunday,8.5,9.5,0.0
2025-04-20 15:00:00,13102.0,14200.466,14663.0,1098.466,1561.0,0.08384,0.119142,15,4,Sunday,8.2,9.8,0.0
2025-04-20 16:00:00,13500.0,14549.815,14791.0,1049.815,1291.0,0.077764,0.09563,16,4,Sunday,7.6,10.4,0.0
2025-04-20 17:00:00,13970.0,14660.742,14628.0,690.742,658.0,0.049445,0.047101,17,4,Sunday,6.9,11.1,0.0
2025-04-20 18:00:00,14313.0,14703.724,14505.0,390.724,192.0,0.027299,0.013414,18,4,Sunday,6.3,11.7,0.0
2025-04-20 19:00:00,14842.0,14869.598,14721.0,27.598,121.0,0.001859,0.008153,19,4,Sunday,5.5,12.5,0.0
2025-04-20 20:00:00,14747.0,14544.223,14359.0,202.777,388.0,0.01375,0.02631,20,4,Sunday,5.3,12.7,0.0
2025-04-20 21:00:00,14137.0,13946.705,13864.0,190.295,273.0,0.013461,0.019311,21,4,Sunday,5.0,13.0,0.0
2025-04-20 22:00:00,13442.0,13354.033,13441.0,87.967,1.0,0.006544,7.4e-05,22,4,Sunday,4.8,13.2,0.0
2025-04-20 23:00:00,12937.0,12841.824,13063.0,95.176,126.0,0.007357,0.00974,23,4,Sunday,5.1,12.9,0.0
2025-04-21 00:00:00,12464.0,12852.037,12648.0,388.037,184.0,0.031133,0.014763,0,4,Monday,4.6,13.4,0.0
2025-04-21 01:00:00,12287.0,12579.56,12446.0,292.56,159.0,0.023811,0.012941,1,4,Monday,4.4,13.6,0.0
2025-04-21 02:00:00,12230.0,12438.233,12249.0,208.233,19.0,0.017026,0.001554,2,4,Monday,4.7,13.3,0.0
2025-04-21 03:00:00,12380.0,12445.864,12228.0,65.864,152.0,0.00532,0.012278,3,4,Monday,5.0,13.0,0.0
2025-04-21 04:00:00,12823.0,12987.84,12570.0,164.84,253.0,0.012855,0.01973,4,4,Monday,4.8,13.2,0.0
2025-04-21 05:00:00,13714.0,13998.326,12951.0,284.326,763.0,0.020733,0.055637,5,4,Monday,4.3,13.7,0.0
2025-04-21 06:00:00,14566.0,15001.95,13357.0,435.95,1209.0,0.029929,0.083002,6,4,Monday,4.3,13.7,0.0
2025-04-21 07:00:00,15269.0,15492.335,13703.0,223.335,1566.0,0.014627,0.102561,7,4,Monday,4.9,13.1,0.0
2025-04-21 08:00:00,15706.0,15316.581,13417.0,389.419,2289.0,0.024794,0.14574,8,4,Monday,5.4,12.6,0.0
2025-04-21 09:00:00,15818.0,14880.392,13165.0,937.608,2653.0,0.059275,0.16772,9,4,Monday,6.4,11.6,0.0
2025-04-21 10:00:00,15849.0,14719.41,13118.0,1129.59,2731.0,0.071272,0.172314,10,4,Monday,7.2,10.8,0.0
2025-04-21 11:00:00,15985.0,14699.474,13102.0,1285.526,2883.0,0.080421,0.180357,11,4,Monday,7.6,10.4,0.0
2025-04-21 12:00:00,15945.0,14488.535,12928.0,1456.465,3017.0,0.091343,0.189213,12,4,Monday,10.2,7.800000000000001,0.0
2025-04-21 13:00:00,15964.0,14415.96,12786.0,1548.04,3178.0,0.096971,0.199073,13,4,Monday,8.9,9.1,0.0
2025-04-21 14:00:00,15779.0,14479.166,12805.0,1299.834,2974.0,0.082377,0.188478,14,4,Monday,8.6,9.4,0.0
2025-04-21 15:00:00,15930.0,14639.137,13102.0,1290.863,2828.0,0.081033,0.177527,15,4,Monday,11.4,6.6,0.0
2025-04-21 16:00:00,16154.0,15042.894,13500.0,1111.106,2654.0,0.068782,0.164294,16,4,Monday,12.2,5.800000000000001,0.0
2025-04-21 17:00:00,15870.0,15252.813,13970.0,617.187,1900.0,0.03889,0.119723,17,4,Monday,13.9,4.1,0.0
2025-04-21 18:00:00,15952.0,15378.81,14313.0,573.19,1639.0,0.035932,0.102746,18,4,Monday,15.1,2.9000000000000004,0.0
2025-04-21 19:00:00,16250.0,15681.68,14842.0,568.32,1408.0,0.034974,0.086646,19,4,Monday,15.4,2.5999999999999996,0.0
2025-04-21 20:00:00,15798.0,15388.892,14747.0,409.108,1051.0,0.025896,0.066527,20,4,Monday,12.4,5.6,0.0
2025-04-21 21:00:00,14843.0,14540.387,14137.0,302.613,706.0,0.020388,0.047565,21,4,Monday,14.2,3.8000000000000007,0.0
2025-04-21 22:00:00,13991.0,13687.713,13442.0,303.287,549.0,0.021677,0.03924,22,4,Monday,11.9,6.1,0.0
2025-04-21 23:00:00,13271.0,13126.537,12937.0,144.463,334.0,0.010886,0.025168,23,4,Monday,10.5,7.5,0.0
2025-04-22 00:00:00,12905.0,12456.933,12464.0,448.067,441.0,0.03472,0.034173,0,4,Tuesday,9.8,8.2,0.0
2025-04-22 01:00:00,12576.0,12358.056,12287.0,217.944,289.0,0.01733,0.02298,1,4,Tuesday,9.2,8.8,0.0
2025-04-22 02:00:00,12600.0,12324.926,12230.0,275.074,370.0,0.021831,0.029365,2,4,Tuesday,8.5,9.5,0.0
2025-04-22 03:00:00,12777.0,12429.433,12380.0,347.567,397.0,0.027203,0.031071,3,4,Tuesday,7.9,10.1,0.0
2025-04-22 04:00:00,13406.0,12828.34,12823.0,577.66,583.0,0.04309,0.043488,4,4,Tuesday,6.9,11.1,0.0
2025-04-22 05:00:00,14460.0,13817.229,13714.0,642.771,746.0,0.044452,0.051591,5,4,Tuesday,6.3,11.7,0.0
2025-04-22 06:00:00,15578.0,14731.479,14566.0,846.521,1012.0,0.054341,0.064963,6,4,Tuesday,6.1,11.9,0.0
2025-04-22 07:00:00,15815.0,15293.728,15269.0,521.272,546.0,0.032961,0.034524,7,4,Tuesday,6.6,11.4,0.0
2025-04-22 08:00:00,15425.0,15168.757,15706.0,256.243,281.0,0.016612,0.018217,8,4,Tuesday,8.5,9.5,0.0
2025-04-22 09:00:00,15039.0,15233.481,15818.0,194.481,779.0,0.012932,0.051799,9,4,Tuesday,8.7,9.3,0.0
2025-04-22 10:00:00,14922.0,15180.417,15849.0,258.417,927.0,0.017318,0.062123,10,4,Tuesday,9.6,8.4,0.0
2025-04-22 11:00:00,14757.0,15096.424,15985.0,339.424,1228.0,0.023001,0.083215,11,4,Tuesday,10.7,7.300000000000001,0.0
2025-04-22 12:00:00,14655.0,15074.353,15945.0,419.353,1290.0,0.028615,0.088025,12,4,Tuesday,11.6,6.4,0.0
2025-04-22 13:00:00,14459.0,15091.835,15964.0,632.835,1505.0,0.043768,0.104087,13,4,Tuesday,13.2,4.800000000000001,0.0
2025-04-22 14:00:00,14466.0,15093.863,15779.0,627.863,1313.0,0.043403,0.090765,14,4,Tuesday,13.7,4.300000000000001,0.0
2025-04-22 15:00:00,14684.0,15440.943,15930.0,756.943,1246.0,0.051549,0.084854,15,4,Tuesday,13.6,4.4,0.0
2025-04-22 16:00:00,15092.0,15779.387,16154.0,687.387,1062.0,0.045546,0.070368,16,4,Tuesday,13.4,4.6,0.0
2025-04-22 17:00:00,15532.0,15718.596,15870.0,186.596,338.0,0.012014,0.021762,17,4,Tuesday,13.1,4.9,0.0
2025-04-22 18:00:00,16093.0,15824.692,15952.0,268.308,141.0,0.016672,0.008762,18,4,Tuesday,12.3,5.699999999999999,0.0
2025-04-22 19:00:00,16409.0,15945.122,16250.0,463.878,159.0,0.02827,0.00969,19,4,Tuesday,10.7,7.300000000000001,0.0
2025-04-22 20:00:00,16227.0,15696.698,15798.0,530.302,429.0,0.03268,0.026437,20,4,Tuesday,10.0,8.0,0.0
2025-04-22 21:00:00,15316.0,14857.134,14843.0,458.866,473.0,0.02996,0.030883,21,4,Tuesday,8.7,9.3,0.0
2025-04-22 22:00:00,14357.0,13951.363,13991.0,405.637,366.0,0.028254,0.025493,22,4,Tuesday,7.7,10.3,0.0
2025-04-22 23:00:00,13602.0,13440.243,13271.0,161.757,331.0,0.011892,0.024335,23,4,Tuesday,6.3,11.7,0.0
2025-04-23 00:00:00,13134.0,12854.45,12905.0,279.55,229.0,0.021284,0.017436,0,4,Wednesday,5.6,12.4,0.0
2025-04-23 01:00:00,12831.0,12636.407,12576.0,194.593,255.0,0.015166,0.019874,1,4,Wednesday,4.6,13.4,0.0
2025-04-23 02:00:00,12888.0,12720.723,12600.0,167.277,288.0,0.012979,0.022346,2,4,Wednesday,4.2,13.8,0.0
2025-04-23 03:00:00,13005.0,12818.423,12777.0,186.577,228.0,0.014347,0.017532,3,4,Wednesday,4.0,14.0,0.0
2025-04-23 04:00:00,13586.0,13406.714,13406.0,179.286,180.0,0.013196,0.013249,4,4,Wednesday,3.6,14.4,0.0
2025-04-23 05:00:00,14615.0,14435.903,14460.0,179.097,155.0,0.012254,0.010606,5,4,Wednesday,3.9,14.1,0.0
2025-04-23 06:00:00,15528.0,15491.986,15578.0,36.014,50.0,0.002319,0.00322,6,4,Wednesday,4.5,13.5,0.0
2025-04-23 07:00:00,15502.0,15895.095,15815.0,393.095,313.0,0.025358,0.020191,7,4,Wednesday,5.2,12.8,0.0
2025-04-23 08:00:00,15009.0,15439.71,15425.0,430.71,416.0,0.028697,0.027717,8,4,Wednesday,7.1,10.9,0.0
2025-04-23 09:00:00,14480.0,15008.139,15039.0,528.139,559.0,0.036474,0.038605,9,4,Wednesday,8.7,9.3,0.0
2025-04-23 10:00:00,14321.0,14844.025,14922.0,523.025,601.0,0.036522,0.041966,10,4,Wednesday,10.4,7.6,0.0
2025-04-23 11:00:00,14282.0,14708.585,14757.0,426.585,475.0,0.029869,0.033259,11,4,Wednesday,11.5,6.5,0.0
2025-04-23 12:00:00,14286.0,14620.055,14655.0,334.055,369.0,0.023383,0.025829,12,4,Wednesday,12.4,5.6,0.0
2025-04-23 13:00:00,14244.0,14524.799,14459.0,280.799,215.0,0.019713,0.015094,13,4,Wednesday,12.8,5.199999999999999,0.0
2025-04-23 14:00:00,14362.0,14506.171,14466.0,144.171,104.0,0.010038,0.007241,14,4,Wednesday,13.0,5.0,0.0
2025-04-23 15:00:00,14867.0,14694.406,14684.0,172.594,183.0,0.011609,0.012309,15,4,Wednesday,12.9,5.1,0.0
2025-04-23 16:00:00,15441.0,15113.886,15092.0,327.114,349.0,0.021185,0.022602,16,4,Wednesday,13.6,4.4,0.0
2025-04-23 17:00:00,15788.0,15500.069,15532.0,287.931,256.0,0.018237,0.016215,17,4,Wednesday,13.3,4.699999999999999,0.0
2025-04-23 18:00:00,16015.0,15912.571,16093.0,102.429,78.0,0.006396,0.00487,18,4,Wednesday,12.1,5.9,0.0
2025-04-23 19:00:00,16385.0,16042.122,16409.0,342.878,24.0,0.020926,0.001465,19,4,Wednesday,9.9,8.1,0.0
2025-04-23 20:00:00,16108.0,15916.021,16227.0,191.979,119.0,0.011918,0.007388,20,4,Wednesday,9.5,8.5,0.0
2025-04-23 21:00:00,15215.0,15077.175,15316.0,137.825,101.0,0.009058,0.006638,21,4,Wednesday,9.2,8.8,0.0
2025-04-23 22:00:00,14345.0,14149.886,14357.0,195.114,12.0,0.013602,0.000837,22,4,Wednesday,8.9,9.1,0.0
2025-04-23 23:00:00,13562.0,13473.757,13602.0,88.243,40.0,0.006507,0.002949,23,4,Wednesday,8.6,9.4,0.0
2025-04-24 00:00:00,12986.0,13026.389,13134.0,40.389,148.0,0.00311,0.011397,0,4,Thursday,8.4,9.6,0.0
2025-04-24 01:00:00,12544.0,12734.06,12831.0,190.06,287.0,0.015151,0.022879,1,4,Thursday,7.7,10.3,0.0
2025-04-24 02:00:00,12468.0,12745.806,12888.0,277.806,420.0,0.022282,0.033686,2,4,Thursday,7.5,10.5,0.0
2025-04-24 03:00:00,12734.0,12951.13,13005.0,217.13,271.0,0.017051,0.021282,3,4,Thursday,7.5,10.5,0.0
2025-04-24 04:00:00,13359.0,13435.013,13586.0,76.013,227.0,0.00569,0.016992,4,4,Thursday,7.2,10.8,0.0
2025-04-24 05:00:00,14378.0,14501.894,14615.0,123.894,237.0,0.008617,0.016484,5,4,Thursday,6.8,11.2,0.0
2025-04-24 06:00:00,15246.0,15380.648,15528.0,134.648,282.0,0.008832,0.018497,6,4,Thursday,6.8,11.2,0.0
2025-04-24 07:00:00,15326.0,15326.712,15502.0,0.712,176.0,4.6e-05,0.011484,7,4,Thursday,8.1,9.9,0.0
2025-04-24 08:00:00,15194.0,14886.584,15009.0,307.416,185.0,0.020233,0.012176,8,4,Thursday,11.9,6.1,0.0
2025-04-24 09:00:00,15373.0,14426.271,14480.0,946.729,893.0,0.061584,0.058089,9,4,Thursday,13.6,4.4,0.0
2025-04-24 10:00:00,15154.0,14422.93,14321.0,731.07,833.0,0.048243,0.054969,10,4,Thursday,14.9,3.0999999999999996,0.0
2025-04-24 11:00:00,14936.0,14385.284,14282.0,550.716,654.0,0.036872,0.043787,11,4,Thursday,15.5,2.5,0.0
2025-04-24 12:00:00,15029.0,14403.854,14286.0,625.146,743.0,0.041596,0.049438,12,4,Thursday,16.3,1.6999999999999993,0.0
2025-04-24 13:00:00,14962.0,14460.607,14244.0,501.393,718.0,0.033511,0.047988,13,4,Thursday,17.6,0.3999999999999986,0.0
2025-04-24 14:00:00,15049.0,14727.488,14362.0,321.512,687.0,0.021364,0.045651,14,4,Thursday,18.9,0.0,0.8999999999999986
2025-04-24 15:00:00,15468.0,15281.406,14867.0,186.594,601.0,0.012063,0.038854,15,4,Thursday,20.0,0.0,2.0
2025-04-24 16:00:00,16038.0,15659.906,15441.0,378.094,597.0,0.023575,0.037224,16,4,Thursday,20.7,0.0,2.6999999999999993
2025-04-24 17:00:00,16137.0,15951.504,15788.0,185.496,349.0,0.011495,0.021627,17,4,Thursday,19.6,0.0,1.6000000000000014
2025-04-24 18:00:00,16268.0,15872.534,16015.0,395.466,253.0,0.024309,0.015552,18,4,Thursday,18.2,0.0,0.1999999999999993
2025-04-24 19:00:00,16312.0,16134.202,16385.0,177.798,73.0,0.0109,0.004475,19,4,Thursday,17.7,0.3000000000000007,0.0
2025-04-24 20:00:00,16069.0,15794.09,16108.0,274.91,39.0,0.017108,0.002427,20,4,Thursday,16.7,1.3000000000000007,0.0
2025-04-24 21:00:00,15128.0,14965.976,15215.0,162.024,87.0,0.01071,0.005751,21,4,Thursday,15.8,2.1999999999999993,0.0
2025-04-24 22:00:00,14195.0,14156.262,14345.0,38.738,150.0,0.002729,0.010567,22,4,Thursday,14.5,3.5,0.0
2025-04-24 23:00:00,13513.0,13392.965,13562.0,120.035,49.0,0.008883,0.003626,23,4,Thursday,13.4,4.6,0.0
2025-04-25 00:00:00,13031.0,12712.399,12986.0,318.601,45.0,0.024449,0.003453,0,4,Friday,12.7,5.300000000000001,0.0
2025-04-25 01:00:00,12557.0,12370.036,12544.0,186.964,13.0,0.014889,0.001035,1,4,Friday,12.1,5.9,0.0
2025-04-25 02:00:00,12451.0,12279.845,12468.0,171.155,17.0,0.013746,0.001365,2,4,Friday,11.7,6.300000000000001,0.0
2025-04-25 03:00:00,12485.0,12557.801,12734.0,72.801,249.0,0.005831,0.019944,3,4,Friday,11.4,6.6,0.0
2025-04-25 04:00:00,12987.0,13063.27,13359.0,76.271,372.0,0.005873,0.028644,4,4,Friday,11.3,6.699999999999999,0.0
2025-04-25 05:00:00,13875.0,13860.032,14378.0,14.968,503.0,0.001079,0.036252,5,4,Friday,11.1,6.9,0.0
2025-04-25 06:00:00,14905.0,14596.323,15246.0,308.677,341.0,0.02071,0.022878,6,4,Friday,10.9,7.1,0.0
2025-04-25 07:00:00,15285.0,14775.713,15326.0,509.287,41.0,0.033319,0.002682,7,4,Friday,10.9,7.1,0.0
2025-04-25 08:00:00,15282.0,14754.519,15194.0,527.481,88.0,0.034516,0.005758,8,4,Friday,11.9,6.1,0.0
2025-04-25 09:00:00,15260.0,14880.469,15373.0,379.531,113.0,0.024871,0.007405,9,4,Friday,12.0,6.0,0.0
2025-04-25 10:00:00,15247.0,14675.828,15154.0,571.172,93.0,0.037461,0.0061,10,4,Friday,12.4,5.6,0.0
2025-04-25 11:00:00,15191.0,14648.117,14936.0,542.883,255.0,0.035737,0.016786,11,4,Friday,12.3,5.699999999999999,0.0
2025-04-25 12:00:00,15075.0,14654.489,15029.0,420.511,46.0,0.027895,0.003051,12,4,Friday,11.6,6.4,0.0
2025-04-25 13:00:00,14926.0,14587.015,14962.0,338.985,36.0,0.022711,0.002412,13,4,Friday,10.4,7.6,0.0
2025-04-25 14:00:00,14845.0,14650.385,15049.0,194.615,204.0,0.01311,0.013742,14,4,Friday,12.6,5.4,0.0
2025-04-25 15:00:00,14908.0,14766.378,15468.0,141.622,560.0,0.0095,0.037564,15,4,Friday,11.9,6.1,0.0
2025-04-25 16:00:00,15430.0,15174.062,16038.0,255.938,608.0,0.016587,0.039404,16,4,Friday,13.3,4.699999999999999,0.0
2025-04-25 17:00:00,15812.0,15382.614,16137.0,429.386,325.0,0.027156,0.020554,17,4,Friday,13.0,5.0,0.0
2025-04-25 18:00:00,15886.0,15464.638,16268.0,421.362,382.0,0.026524,0.024046,18,4,Friday,11.6,6.4,0.0
2025-04-25 19:00:00,16237.0,15489.886,16312.0,747.114,75.0,0.046013,0.004619,19,4,Friday,11.3,6.699999999999999,0.0
2025-04-25 20:00:00,15934.0,15246.658,16069.0,687.342,135.0,0.043137,0.008472,20,4,Friday,10.5,7.5,0.0
2025-04-25 21:00:00,14986.0,14509.623,15128.0,476.377,142.0,0.031788,0.009476,21,4,Friday,10.5,7.5,0.0
2025-04-25 22:00:00,14001.0,13678.426,14195.0,322.574,194.0,0.023039,0.013856,22,4,Friday,10.5,7.5,0.0
2025-04-25 23:00:00,13305.0,13076.137,13513.0,228.863,208.0,0.017201,0.015633,23,4,Friday,10.6,7.4,0.0
2025-04-26 00:00:00,12572.0,12210.847,13031.0,361.153,459.0,0.028727,0.03651,0,4,Saturday,10.4,7.6,0.0
2025-04-26 01:00:00,12255.0,11943.412,12557.0,311.588,302.0,0.025425,0.024643,1,4,Saturday,9.9,8.1,0.0
2025-04-26 02:00:00,12113.0,11791.339,12451.0,321.661,338.0,0.026555,0.027904,2,4,Saturday,9.9,8.1,0.0
2025-04-26 03:00:00,12024.0,11778.542,12485.0,245.458,461.0,0.020414,0.03834,3,4,Saturday,10.2,7.800000000000001,0.0
2025-04-26 04:00:00,12085.0,11985.818,12987.0,99.182,902.0,0.008207,0.074638,4,4,Saturday,10.2,7.800000000000001,0.0
2025-04-26 05:00:00,12378.0,12560.435,13875.0,182.435,1497.0,0.014739,0.12094,5,4,Saturday,11.0,7.0,0.0
2025-04-26 06:00:00,13107.0,13027.167,14905.0,79.833,1798.0,0.006091,0.137179,6,4,Saturday,11.7,6.300000000000001,0.0
2025-04-26 07:00:00,14065.0,13462.847,15285.0,602.153,1220.0,0.042812,0.08674,7,4,Saturday,10.1,7.9,0.0
2025-04-26 08:00:00,14487.0,13709.286,15282.0,777.714,795.0,0.053684,0.054877,8,4,Saturday,9.3,8.7,0.0
2025-04-26 09:00:00,14879.0,13993.747,15260.0,885.253,381.0,0.059497,0.025607,9,4,Saturday,8.7,9.3,0.0
2025-04-26 10:00:00,14921.0,14103.499,15247.0,817.501,326.0,0.054789,0.021848,10,4,Saturday,8.4,9.6,0.0
2025-04-26 11:00:00,14921.0,14068.146,15191.0,852.854,270.0,0.057158,0.018095,11,4,Saturday,8.7,9.3,0.0
2025-04-26 12:00:00,14824.0,13959.009,15075.0,864.991,251.0,0.058351,0.016932,12,4,Saturday,9.4,8.6,0.0
2025-04-26 13:00:00,14667.0,14007.846,14926.0,659.154,259.0,0.044941,0.017659,13,4,Saturday,9.3,8.7,0.0
2025-04-26 14:00:00,14614.0,14265.158,14845.0,348.842,231.0,0.02387,0.015807,14,4,Saturday,8.1,9.9,0.0
2025-04-26 15:00:00,14932.0,14432.591,14908.0,499.409,24.0,0.033446,0.001607,15,4,Saturday,7.4,10.6,0.0
2025-04-26 16:00:00,15388.0,14706.401,15430.0,681.599,42.0,0.044294,0.002729,16,4,Saturday,6.8,11.2,0.0
2025-04-26 17:00:00,15416.0,15020.756,15812.0,395.244,396.0,0.025639,0.025688,17,4,Saturday,6.5,11.5,0.0
2025-04-26 18:00:00,15467.0,15060.967,15886.0,406.033,419.0,0.026252,0.02709,18,4,Saturday,5.6,12.4,0.0
2025-04-26 19:00:00,15742.0,15279.993,16237.0,462.007,495.0,0.029349,0.031445,19,4,Saturday,5.2,12.8,0.0
2025-04-26 20:00:00,15395.0,14988.892,15934.0,406.108,539.0,0.026379,0.035011,20,4,Saturday,6.0,12.0,0.0
2025-04-26 21:00:00,14724.0,14166.081,14986.0,557.919,262.0,0.037892,0.017794,21,4,Saturday,6.5,11.5,0.0
2025-04-26 22:00:00,14070.0,13431.414,14001.0,638.586,69.0,0.045386,0.004904,22,4,Saturday,7.2,10.8,0.0
2025-04-26 23:00:00,13338.0,12945.714,13305.0,392.286,33.0,0.029411,0.002474,23,4,Saturday,7.5,10.5,0.0
2025-04-27 00:00:00,12883.0,12257.9,12572.0,625.1,311.0,0.048521,0.02414,0,4,Sunday,7.3,10.7,0.0
2025-04-27 01:00:00,12528.0,11932.01,12255.0,595.99,273.0,0.047573,0.021791,1,4,Sunday,7.3,10.7,0.0
2025-04-27 02:00:00,12347.0,11743.702,12113.0,603.298,234.0,0.048862,0.018952,2,4,Sunday,6.9,11.1,0.0
2025-04-27 03:00:00,12389.0,11658.83,12024.0,730.17,365.0,0.058937,0.029462,3,4,Sunday,6.2,11.8,0.0
2025-04-27 04:00:00,12579.0,11754.549,12085.0,824.451,494.0,0.065542,0.039272,4,4,Sunday,5.5,12.5,0.0
2025-04-27 05:00:00,12878.0,12018.685,12378.0,859.315,500.0,0.066727,0.038826,5,4,Sunday,5.0,13.0,0.0
2025-04-27 06:00:00,13078.0,12622.77,13107.0,455.23,29.0,0.034809,0.002217,6,4,Sunday,4.8,13.2,0.0
2025-04-27 07:00:00,13528.0,13347.302,14065.0,180.698,537.0,0.013357,0.039695,7,4,Sunday,5.8,12.2,0.0
2025-04-27 08:00:00,13399.0,13307.385,14487.0,91.615,1088.0,0.006837,0.0812,8,4,Sunday,7.9,10.1,0.0
2025-04-27 09:00:00,13026.0,13426.778,14879.0,400.778,1853.0,0.030768,0.142254,9,4,Sunday,9.9,8.1,0.0
2025-04-27 10:00:00,13028.0,13504.189,14921.0,476.189,1893.0,0.036551,0.145302,10,4,Sunday,11.9,6.1,0.0
2025-04-27 11:00:00,12948.0,13550.327,14921.0,602.327,1973.0,0.046519,0.152379,11,4,Sunday,13.4,4.6,0.0
2025-04-27 12:00:00,12731.0,13530.486,14824.0,799.486,2093.0,0.062798,0.164402,12,4,Sunday,14.7,3.3000000000000007,0.0
2025-04-27 13:00:00,12683.0,13626.478,14667.0,943.478,1984.0,0.074389,0.15643,13,4,Sunday,15.8,2.1999999999999993,0.0
2025-04-27 14:00:00,12710.0,13723.117,14614.0,1013.117,1904.0,0.07971,0.149803,14,4,Sunday,16.4,1.6000000000000014,0.0
2025-04-27 15:00:00,13087.0,14042.112,14932.0,955.112,1845.0,0.072982,0.14098,15,4,Sunday,16.7,1.3000000000000007,0.0
2025-04-27 16:00:00,13819.0,14681.745,15388.0,862.745,1569.0,0.062432,0.113539,16,4,Sunday,16.6,1.3999999999999986,0.0
2025-04-27 17:00:00,14506.0,14858.927,15416.0,352.927,910.0,0.02433,0.062733,17,4,Sunday,16.1,1.8999999999999986,0.0
2025-04-27 18:00:00,14872.0,14905.42,15467.0,33.42,595.0,0.002247,0.040008,18,4,Sunday,15.1,2.9000000000000004,0.0
2025-04-27 19:00:00,15295.0,15035.124,15742.0,259.876,447.0,0.016991,0.029225,19,4,Sunday,13.4,4.6,0.0
2025-04-27 20:00:00,15185.0,14937.151,15395.0,247.849,210.0,0.016322,0.013829,20,4,Sunday,12.4,5.6,0.0
2025-04-27 21:00:00,14580.0,14266.156,14724.0,313.844,144.0,0.021526,0.009877,21,4,Sunday,11.4,6.6,0.0
2025-04-27 22:00:00,13693.0,13546.565,14070.0,146.435,377.0,0.010694,0.027532,22,4,Sunday,10.3,7.699999999999999,0.0
2025-04-27 23:00:00,13167.0,13027.381,13338.0,139.619,171.0,0.010604,0.012987,23,4,Sunday,9.1,8.9,0.0
2025-04-28 00:00:00,12776.0,12875.195,12883.0,99.195,107.0,0.007764,0.008375,0,4,Monday,8.1,9.9,0.0
2025-04-28 01:00:00,12615.0,12632.637,12528.0,17.637,87.0,0.001398,0.006897,1,4,Monday,7.5,10.5,0.0
2025-04-28 02:00:00,12580.0,12503.039,12347.0,76.961,233.0,0.006118,0.018521,2,4,Monday,6.2,11.8,0.0
2025-04-28 03:00:00,12703.0,12531.809,12389.0,171.191,314.0,0.013476,0.024719,3,4,Monday,5.4,12.6,0.0
2025-04-28 04:00:00,13264.0,12878.066,12579.0,385.934,685.0,0.029096,0.051644,4,4,Monday,4.9,13.1,0.0
2025-04-28 05:00:00,14288.0,13822.676,12878.0,465.324,1410.0,0.032567,0.098684,5,4,Monday,4.4,13.6,0.0
2025-04-28 06:00:00,15316.0,14749.633,13078.0,566.367,2238.0,0.036979,0.146122,6,4,Monday,4.9,13.1,0.0
2025-04-28 07:00:00,15387.0,15233.59,13528.0,153.41,1859.0,0.00997,0.120816,7,4,Monday,6.9,11.1,0.0
2025-04-28 08:00:00,14886.0,15096.113,13399.0,210.113,1487.0,0.014115,0.099893,8,4,Monday,10.3,7.699999999999999,0.0
2025-04-28 09:00:00,14430.0,14869.231,13026.0,439.231,1404.0,0.030439,0.097297,9,4,Monday,12.4,5.6,0.0
2025-04-28 10:00:00,14330.0,14830.555,13028.0,500.555,1302.0,0.034931,0.090858,10,4,Monday,13.3,4.699999999999999,0.0
2025-04-28 11:00:00,14309.0,14738.941,12948.0,429.941,1361.0,0.030047,0.095115,11,4,Monday,14.6,3.4000000000000004,0.0
2025-04-28 12:00:00,14335.0,14631.069,12731.0,296.069,1604.0,0.020654,0.111894,12,4,Monday,15.8,2.1999999999999993,0.0
2025-04-28 13:00:00,14353.0,14697.594,12683.0,344.594,1670.0,0.024008,0.116352,13,4,Monday,17.1,0.8999999999999986,0.0
2025-04-28 14:00:00,14386.0,14826.32,12710.0,440.32,1676.0,0.030608,0.116502,14,4,Monday,17.5,0.5,0.0
2025-04-28 15:00:00,14770.0,14943.334,13087.0,173.334,1683.0,0.011736,0.113947,15,4,Monday,17.4,0.6000000000000014,0.0
2025-04-28 16:00:00,15192.0,15438.994,13819.0,246.994,1373.0,0.016258,0.090377,16,4,Monday,16.9,1.1000000000000014,0.0
2025-04-28 17:00:00,15517.0,15568.957,14506.0,51.957,1011.0,0.003348,0.065154,17,4,Monday,15.8,2.1999999999999993,0.0
2025-04-28 18:00:00,15705.0,15694.953,14872.0,10.047,833.0,0.00064,0.05304,18,4,Monday,13.8,4.199999999999999,0.0
2025-04-28 19:00:00,15860.0,15961.41,15295.0,101.41,565.0,0.006394,0.035624,19,4,Monday,11.3,6.699999999999999,0.0
2025-04-28 20:00:00,15500.0,15630.142,15185.0,130.142,315.0,0.008396,0.020323,20,4,Monday,11.1,6.9,0.0
2025-04-28 21:00:00,14484.0,14823.496,14580.0,339.496,96.0,0.023439,0.006628,21,4,Monday,10.3,7.699999999999999,0.0
2025-04-28 22:00:00,13356.0,13965.804,13693.0,609.804,337.0,0.045658,0.025232,22,4,Monday,10.1,7.9,0.0
2025-04-28 23:00:00,12540.0,13293.717,13167.0,753.717,627.0,0.060105,0.05,23,4,Monday,10.0,8.0,0.0
2025-04-29 00:00:00,12077.0,12817.146,12776.0,740.146,699.0,0.061286,0.057879,0,4,Tuesday,10.3,7.699999999999999,0.0
2025-04-29 01:00:00,11826.0,12633.475,12615.0,807.475,789.0,0.06828,0.066717,1,4,Tuesday,11.7,6.300000000000001,0.0
2025-04-29 02:00:00,11772.0,12581.064,12580.0,809.064,808.0,0.068728,0.068637,2,4,Tuesday,12.5,5.5,0.0
2025-04-29 03:00:00,11883.0,12703.311,12703.0,820.311,820.0,0.069032,0.069006,3,4,Tuesday,12.4,5.6,0.0
2025-04-29 04:00:00,12398.0,13147.157,13264.0,749.157,866.0,0.060426,0.06985,4,4,Tuesday,12.3,5.699999999999999,0.0
2025-04-29 05:00:00,13418.0,14133.489,14288.0,715.489,870.0,0.053323,0.064838,5,4,Tuesday,12.5,5.5,0.0
2025-04-29 06:00:00,14535.0,14957.677,15316.0,422.677,781.0,0.02908,0.053732,6,4,Tuesday,13.3,4.699999999999999,0.0
2025-04-29 07:00:00,14926.0,15063.901,15387.0,137.901,461.0,0.009239,0.030886,7,4,Tuesday,15.1,2.9000000000000004,0.0
2025-04-29 08:00:00,14746.0,15206.474,14886.0,460.474,140.0,0.031227,0.009494,8,4,Tuesday,18.3,0.0,0.3000000000000007
2025-04-29 09:00:00,15058.0,15408.87,14430.0,350.87,628.0,0.023301,0.041705,9,4,Tuesday,20.6,0.0,2.6000000000000014
2025-04-29 10:00:00,15093.0,15134.649,14330.0,41.649,763.0,0.002759,0.050553,10,4,Tuesday,19.7,0.0,1.6999999999999993
2025-04-29 11:00:00,14906.0,14795.733,14309.0,110.267,597.0,0.007397,0.040051,11,4,Tuesday,18.6,0.0,0.6000000000000014
2025-04-29 12:00:00,15217.0,15736.031,14335.0,519.031,882.0,0.034109,0.057961,12,4,Tuesday,22.8,0.0,4.800000000000001
2025-04-29 13:00:00,15285.0,15935.444,14353.0,650.444,932.0,0.042554,0.060975,13,4,Tuesday,24.0,0.0,6.0
2025-04-29 14:00:00,15630.0,15779.452,14386.0,149.452,1244.0,0.009562,0.079591,14,4,Tuesday,23.2,0.0,5.199999999999999
2025-04-29 15:00:00,16041.0,16312.731,14770.0,271.731,1271.0,0.01694,0.079234,15,4,Tuesday,23.8,0.0,5.800000000000001
2025-04-29 16:00:00,16481.0,16630.492,15192.0,149.492,1289.0,0.009071,0.078211,16,4,Tuesday,23.6,0.0,5.600000000000001
2025-04-29 17:00:00,16296.0,17031.766,15517.0,735.766,779.0,0.04515,0.047803,17,4,Tuesday,23.3,0.0,5.300000000000001
2025-04-29 18:00:00,15928.0,16762.193,15705.0,834.193,223.0,0.052373,0.014001,18,4,Tuesday,22.0,0.0,4.0
2025-04-29 19:00:00,15806.0,15842.855,15860.0,36.855,54.0,0.002332,0.003416,19,4,Tuesday,16.0,2.0,0.0
2025-04-29 20:00:00,15524.0,15513.573,15500.0,10.427,24.0,0.000672,0.001546,20,4,Tuesday,12.2,5.800000000000001,0.0
2025-04-29 21:00:00,14701.0,14602.054,14484.0,98.946,217.0,0.006731,0.014761,21,4,Tuesday,8.8,9.2,0.0
2025-04-29 22:00:00,13780.0,13612.595,13356.0,167.405,424.0,0.012148,0.030769,22,4,Tuesday,7.4,10.6,0.0
2025-04-29 23:00:00,13106.0,12905.814,12540.0,200.186,566.0,0.015274,0.043186,23,4,Tuesday,6.3,11.7,0.0
2025-04-30 00:00:00,12721.0,12233.662,12077.0,487.338,644.0,0.03831,0.050625,0,4,Wednesday,5.2,12.8,0.0
2025-04-30 01:00:00,12550.0,12142.321,11826.0,407.679,724.0,0.032484,0.057689,1,4,Wednesday,3.9,14.1,0.0
2025-04-30 02:00:00,12561.0,12278.303,11772.0,282.697,789.0,0.022506,0.062813,2,4,Wednesday,2.8,15.2,0.0
2025-04-30 03:00:00,12713.0,12358.95,11883.0,354.05,830.0,0.027849,0.065288,3,4,Wednesday,2.1,15.9,0.0
2025-04-30 04:00:00,13483.0,12922.173,12398.0,560.827,1085.0,0.041595,0.080472,4,4,Wednesday,1.6,16.4,0.0
2025-04-30 05:00:00,14570.0,13722.877,13418.0,847.123,1152.0,0.058142,0.079067,5,4,Wednesday,1.2,16.8,0.0
2025-04-30 06:00:00,15661.0,14737.8,14535.0,923.2,1126.0,0.058949,0.071898,6,4,Wednesday,1.2,16.8,0.0
2025-04-30 07:00:00,15914.0,15224.793,14926.0,689.207,988.0,0.043308,0.062084,7,4,Wednesday,2.1,15.9,0.0
2025-04-30 08:00:00,15425.0,14929.306,14746.0,495.694,679.0,0.032136,0.044019,8,4,Wednesday,3.7,14.3,0.0
2025-04-30 09:00:00,14668.0,15047.233,15058.0,379.233,390.0,0.025854,0.026588,9,4,Wednesday,5.2,12.8,0.0
2025-04-30 10:00:00,14432.0,14875.152,15093.0,443.152,661.0,0.030706,0.045801,10,4,Wednesday,6.8,11.2,0.0
2025-04-30 11:00:00,14256.0,14694.699,14906.0,438.699,650.0,0.030773,0.045595,11,4,Wednesday,8.6,9.4,0.0
2025-04-30 12:00:00,14285.0,14806.527,15217.0,521.527,932.0,0.036509,0.065243,12,4,Wednesday,9.5,8.5,0.0
2025-04-30 13:00:00,14194.0,14816.323,15285.0,622.323,1091.0,0.043844,0.076863,13,4,Wednesday,9.8,8.2,0.0
2025-04-30 14:00:00,14198.0,15007.837,15630.0,809.837,1432.0,0.057039,0.100859,14,4,Wednesday,9.6,8.4,0.0
2025-04-30 15:00:00,14720.0,15419.648,16041.0,699.648,1321.0,0.04753,0.089742,15,4,Wednesday,9.6,8.4,0.0
2025-04-30 16:00:00,15579.0,15787.318,16481.0,208.318,902.0,0.013372,0.057898,16,4,Wednesday,10.0,8.0,0.0
2025-04-30 17:00:00,15910.0,15805.903,16296.0,104.097,386.0,0.006543,0.024261,17,4,Wednesday,9.9,8.1,0.0
2025-04-30 18:00:00,15826.0,15782.775,15928.0,43.225,102.0,0.002731,0.006445,18,4,Wednesday,9.3,8.7,0.0
2025-04-30 19:00:00,16264.0,15855.079,15806.0,408.921,458.0,0.025143,0.02816,19,4,Wednesday,8.1,9.9,0.0
2025-04-30 20:00:00,16183.0,15512.713,15524.0,670.287,659.0,0.041419,0.040722,20,4,Wednesday,8.3,9.7,0.0
2025-04-30 21:00:00,15351.0,14604.0,14701.0,747.0,650.0,0.048661,0.042343,21,4,Wednesday,8.1,9.9,0.0
2025-04-30 22:00:00,14459.0,13723.051,13780.0,735.949,679.0,0.050899,0.04696,22,4,Wednesday,7.3,10.7,0.0
2025-04-30 23:00:00,13795.0,13082.815,13106.0,712.185,689.0,0.051626,0.049946,23,4,Wednesday,7.5,10.5,0.0
2025-05-01 01:00:00,12352.0,12367.17,12550.0,15.17,198.0,0.001228,0.01603,1,5,Thursday,6.6,11.4,0.0
2025-05-01 02:00:00,12249.0,12396.531,12561.0,147.531,312.0,0.012044,0.025471,2,5,Thursday,6.0,12.0,0.0
2025-05-01 03:00:00,12354.0,12543.25,12713.0,189.25,359.0,0.015319,0.029059,3,5,Thursday,5.4,12.6,0.0
2025-05-01 04:00:00,13195.0,13220.357,13483.0,25.357,288.0,0.001922,0.021826,4,5,Thursday,5.4,12.6,0.0
2025-05-01 05:00:00,14021.0,14334.086,14570.0,313.086,549.0,0.02233,0.039156,5,5,Thursday,5.2,12.8,0.0
2025-05-01 06:00:00,14965.0,15389.98,15661.0,424.979,696.0,0.028398,0.046509,6,5,Thursday,5.5,12.5,0.0
2025-05-01 07:00:00,15359.0,15547.129,15914.0,188.129,555.0,0.012249,0.036135,7,5,Thursday,6.5,11.5,0.0
2025-05-01 08:00:00,15317.0,15066.205,15425.0,250.795,108.0,0.016374,0.007051,8,5,Thursday,8.5,9.5,0.0
2025-05-01 09:00:00,15132.0,14666.311,14668.0,465.689,464.0,0.030775,0.030663,9,5,Thursday,8.6,9.4,0.0
2025-05-01 10:00:00,15043.0,14606.586,14432.0,436.414,611.0,0.029011,0.040617,10,5,Thursday,7.5,10.5,0.0
2025-05-01 11:00:00,15227.0,14495.128,14256.0,731.872,971.0,0.048064,0.063768,11,5,Thursday,6.7,11.3,0.0
2025-05-01 12:00:00,15651.0,14500.724,14285.0,1150.276,1366.0,0.073495,0.087279,12,5,Thursday,7.5,10.5,0.0
2025-05-01 13:00:00,15806.0,14377.885,14194.0,1428.115,1612.0,0.090353,0.101987,13,5,Thursday,8.9,9.1,0.0
2025-05-01 14:00:00,16010.0,14434.727,14198.0,1575.273,1812.0,0.098393,0.113179,14,5,Thursday,8.8,9.2,0.0
2025-05-01 15:00:00,16291.0,14894.022,14720.0,1396.978,1571.0,0.085752,0.096434,15,5,Thursday,8.3,9.7,0.0
2025-05-01 16:00:00,16202.0,15537.854,15579.0,664.146,623.0,0.040992,0.038452,16,5,Thursday,9.2,8.8,0.0
2025-05-01 17:00:00,16221.0,15803.871,15910.0,417.129,311.0,0.025715,0.019173,17,5,Thursday,8.6,9.4,0.0
2025-05-01 18:00:00,16051.0,15879.882,15826.0,171.118,225.0,0.010661,0.014018,18,5,Thursday,8.0,10.0,0.0
2025-05-01 19:00:00,16172.0,16076.736,16264.0,95.264,92.0,0.005891,0.005689,19,5,Thursday,7.8,10.2,0.0
2025-05-01 20:00:00,15812.0,15937.374,16183.0,125.374,371.0,0.007929,0.023463,20,5,Thursday,7.8,10.2,0.0
2025-05-01 21:00:00,14845.0,15178.232,15351.0,333.232,506.0,0.022447,0.034086,21,5,Thursday,6.8,11.2,0.0
2025-05-01 22:00:00,14051.0,14221.827,14459.0,170.827,408.0,0.012158,0.029037,22,5,Thursday,6.8,11.2,0.0
2025-05-01 23:00:00,13399.0,13517.846,13795.0,118.846,396.0,0.00887,0.029554,23,5,Thursday,6.9,11.1,0.0
2025-05-02 01:00:00,12706.0,12236.802,12352.0,469.198,354.0,0.036927,0.027861,1,5,Friday,9.0,9.0,0.0
2025-05-02 02:00:00,12522.0,12155.379,12249.0,366.621,273.0,0.029278,0.021802,2,5,Friday,9.6,8.4,0.0
2025-05-02 03:00:00,12550.0,12221.702,12354.0,328.298,196.0,0.026159,0.015618,3,5,Friday,11.9,6.1,0.0
2025-05-02 04:00:00,12988.0,12874.719,13195.0,113.281,207.0,0.008722,0.015938,4,5,Friday,12.8,5.199999999999999,0.0
2025-05-02 05:00:00,13921.0,13872.526,14021.0,48.474,100.0,0.003482,0.007183,5,5,Friday,13.2,4.800000000000001,0.0
2025-05-02 06:00:00,14996.0,14616.604,14965.0,379.396,31.0,0.0253,0.002067,6,5,Friday,13.5,4.5,0.0
2025-05-02 07:00:00,15445.0,14997.336,15359.0,447.664,86.0,0.028984,0.005568,7,5,Friday,14.1,3.9000000000000004,0.0
2025-05-02 08:00:00,15455.0,14994.535,15317.0,460.465,138.0,0.029794,0.008929,8,5,Friday,15.3,2.6999999999999993,0.0
2025-05-02 09:00:00,15323.0,14836.359,15132.0,486.641,191.0,0.031759,0.012465,9,5,Friday,15.8,2.1999999999999993,0.0
2025-05-02 10:00:00,15344.0,14773.451,15043.0,570.549,301.0,0.037184,0.019617,10,5,Friday,16.3,1.6999999999999993,0.0
2025-05-02 11:00:00,15353.0,14909.925,15227.0,443.075,126.0,0.028859,0.008207,11,5,Friday,17.6,0.3999999999999986,0.0
2025-05-02 12:00:00,14981.0,15017.054,15651.0,36.054,670.0,0.002407,0.044723,12,5,Friday,18.0,0.0,0.0
2025-05-02 13:00:00,14640.0,15301.802,15806.0,661.802,1166.0,0.045205,0.079645,13,5,Friday,19.0,0.0,1.0
2025-05-02 14:00:00,14780.0,15562.472,16010.0,782.472,1230.0,0.052941,0.083221,14,5,Friday,19.8,0.0,1.8000000000000007
2025-05-02 15:00:00,14973.0,15620.742,16291.0,647.742,1318.0,0.043261,0.088025,15,5,Friday,19.0,0.0,1.0
2025-05-02 16:00:00,15524.0,15410.784,16202.0,113.216,678.0,0.007293,0.043674,16,5,Friday,18.2,0.0,0.1999999999999993
2025-05-02 17:00:00,15614.0,15525.985,16221.0,88.015,607.0,0.005637,0.038875,17,5,Friday,17.2,0.8000000000000007,0.0
2025-05-02 18:00:00,15308.0,15488.24,16051.0,180.24,743.0,0.011774,0.048537,18,5,Friday,15.9,2.0999999999999996,0.0
2025-05-02 19:00:00,15399.0,15627.165,16172.0,228.165,773.0,0.014817,0.050198,19,5,Friday,13.6,4.4,0.0
2025-05-02 20:00:00,15670.0,15369.236,15812.0,300.764,142.0,0.019194,0.009062,20,5,Friday,12.9,5.1,0.0
2025-05-02 21:00:00,14756.0,14548.021,14845.0,207.979,89.0,0.014095,0.006031,21,5,Friday,10.5,7.5,0.0
2025-05-02 22:00:00,13877.0,13849.818,14051.0,27.182,174.0,0.001959,0.012539,22,5,Friday,9.5,8.5,0.0
2025-05-02 23:00:00,13290.0,13141.366,13399.0,148.634,109.0,0.011184,0.008202,23,5,Friday,8.9,9.1,0.0
2025-05-03 01:00:00,12256.0,12159.843,12706.0,96.157,450.0,0.007846,0.036717,1,5,Saturday,7.5,10.5,0.0
2025-05-03 02:00:00,12251.0,11942.699,12522.0,308.301,271.0,0.025165,0.022121,2,5,Saturday,7.2,10.8,0.0
2025-05-03 03:00:00,12156.0,11957.509,12550.0,198.491,394.0,0.016329,0.032412,3,5,Saturday,6.8,11.2,0.0
2025-05-03 04:00:00,12492.0,12082.352,12988.0,409.648,496.0,0.032793,0.039705,4,5,Saturday,6.7,11.3,0.0
2025-05-03 05:00:00,12853.0,12611.719,13921.0,241.281,1068.0,0.018772,0.083093,5,5,Saturday,6.6,11.4,0.0
2025-05-03 06:00:00,13462.0,13217.041,14996.0,244.959,1534.0,0.018196,0.11395,6,5,Saturday,6.6,11.4,0.0
2025-05-03 07:00:00,14105.0,13807.808,15445.0,297.192,1340.0,0.02107,0.095002,7,5,Saturday,7.0,11.0,0.0
2025-05-03 08:00:00,14655.0,14094.148,15455.0,560.852,800.0,0.03827,0.054589,8,5,Saturday,7.7,10.3,0.0
2025-05-03 09:00:00,14819.0,14012.533,15323.0,806.467,504.0,0.054421,0.03401,9,5,Saturday,8.6,9.4,0.0
2025-05-03 10:00:00,14912.0,13976.131,15344.0,935.869,432.0,0.062759,0.02897,10,5,Saturday,9.3,8.7,0.0
2025-05-03 11:00:00,14534.0,13917.069,15353.0,616.931,819.0,0.042447,0.056351,11,5,Saturday,10.2,7.800000000000001,0.0
2025-05-03 12:00:00,14134.0,13783.944,14981.0,350.056,847.0,0.024767,0.059926,12,5,Saturday,11.6,6.4,0.0
2025-05-03 13:00:00,13783.0,13819.899,14640.0,36.899,857.0,0.002677,0.062178,13,5,Saturday,11.0,7.0,0.0
2025-05-03 14:00:00,13809.0,13892.814,14780.0,83.814,971.0,0.00607,0.070316,14,5,Saturday,9.8,8.2,0.0
2025-05-03 15:00:00,14132.0,14210.353,14973.0,78.353,841.0,0.005544,0.05951,15,5,Saturday,9.6,8.4,0.0
2025-05-03 16:00:00,14635.0,14768.918,15524.0,133.918,889.0,0.009151,0.060745,16,5,Saturday,9.9,8.1,0.0
2025-05-03 17:00:00,14838.0,14853.66,15614.0,15.66,776.0,0.001055,0.052298,17,5,Saturday,9.9,8.1,0.0
2025-05-03 18:00:00,14933.0,14856.698,15308.0,76.302,375.0,0.00511,0.025112,18,5,Saturday,9.0,9.0,0.0
2025-05-03 19:00:00,15138.0,15017.245,15399.0,120.755,261.0,0.007977,0.017241,19,5,Saturday,7.8,10.2,0.0
2025-05-03 20:00:00,14934.0,14938.732,15670.0,4.732,736.0,0.000317,0.049284,20,5,Saturday,8.0,10.0,0.0
2025-05-03 21:00:00,14282.0,14130.837,14756.0,151.163,474.0,0.010584,0.033189,21,5,Saturday,8.7,9.3,0.0
2025-05-03 22:00:00,13538.0,13459.561,13877.0,78.439,339.0,0.005794,0.025041,22,5,Saturday,8.2,9.8,0.0
2025-05-03 23:00:00,13025.0,12978.249,13290.0,46.751,265.0,0.003589,0.020345,23,5,Saturday,7.2,10.8,0.0
2025-05-04 00:00:00,12318.0,12144.197,12389.0,173.803,71.0,0.01411,0.005764,0,5,Sunday,6.8,11.2,0.0
2025-05-04 01:00:00,12096.0,11946.138,12256.0,149.862,160.0,0.012389,0.013228,1,5,Sunday,6.4,11.6,0.0
2025-05-04 02:00:00,12026.0,11847.049,12251.0,178.951,225.0,0.01488,0.018709,2,5,Sunday,6.2,11.8,0.0
2025-05-04 03:00:00,11874.0,11834.888,12156.0,39.112,282.0,0.003294,0.023749,3,5,Sunday,6.7,11.3,0.0
2025-05-04 04:00:00,11782.0,11984.11,12492.0,202.11,710.0,0.017154,0.060261,4,5,Sunday,7.2,10.8,0.0
2025-05-04 05:00:00,12110.0,12249.297,12853.0,139.297,743.0,0.011503,0.061354,5,5,Sunday,7.5,10.5,0.0
2025-05-04 06:00:00,12444.0,12652.89,13462.0,208.89,1018.0,0.016786,0.081806,6,5,Sunday,7.9,10.1,0.0
2025-05-04 07:00:00,12829.0,13151.122,14105.0,322.122,1276.0,0.025109,0.099462,7,5,Sunday,8.9,9.1,0.0
2025-05-04 08:00:00,13047.0,13295.088,14655.0,248.088,1608.0,0.019015,0.123247,8,5,Sunday,9.9,8.1,0.0
2025-05-04 09:00:00,13108.0,13349.019,14819.0,241.019,1711.0,0.018387,0.130531,9,5,Sunday,11.2,6.800000000000001,0.0
2025-05-04 10:00:00,13181.0,13504.189,14912.0,323.189,1731.0,0.024519,0.131325,10,5,Sunday,13.1,4.9,0.0
2025-05-04 11:00:00,13094.0,13292.766,14534.0,198.766,1440.0,0.01518,0.109974,11,5,Sunday,14.3,3.6999999999999993,0.0
2025-05-04 12:00:00,13105.0,13142.142,14134.0,37.142,1029.0,0.002834,0.07852,12,5,Sunday,13.8,4.199999999999999,0.0
2025-05-04 13:00:00,13118.0,13092.441,13783.0,25.559,665.0,0.001948,0.050694,13,5,Sunday,13.3,4.699999999999999,0.0
2025-05-04 14:00:00,13242.0,13197.12,13809.0,44.88,567.0,0.003389,0.042818,14,5,Sunday,12.1,5.9,0.0
2025-05-04 15:00:00,13826.0,13598.063,14132.0,227.937,306.0,0.016486,0.022132,15,5,Sunday,11.1,6.9,0.0
2025-05-04 16:00:00,14622.0,14212.871,14635.0,409.129,13.0,0.02798,0.000889,16,5,Sunday,10.8,7.199999999999999,0.0
2025-05-04 17:00:00,15147.0,14588.654,14838.0,558.346,309.0,0.036862,0.0204,17,5,Sunday,10.8,7.199999999999999,0.0
2025-05-04 18:00:00,15218.0,14597.893,14933.0,620.107,285.0,0.040748,0.018728,18,5,Sunday,10.0,8.0,0.0
2025-05-04 19:00:00,15502.0,14849.913,15138.0,652.087,364.0,0.042065,0.023481,19,5,Sunday,9.7,8.3,0.0
2025-05-04 20:00:00,15367.0,14712.367,14934.0,654.633,433.0,0.0426,0.028177,20,5,Sunday,10.6,7.4,0.0
2025-05-04 21:00:00,14623.0,14089.454,14282.0,533.546,341.0,0.036487,0.023319,21,5,Sunday,10.4,7.6,0.0
2025-05-04 22:00:00,13705.0,13321.752,13538.0,383.248,167.0,0.027964,0.012185,22,5,Sunday,10.2,7.800000000000001,0.0
2025-05-04 23:00:00,12955.0,12801.034,13025.0,153.966,70.0,0.011885,0.005403,23,5,Sunday,10.0,8.0,0.0
2025-05-05 00:00:00,12278.0,12499.608,12318.0,221.608,40.0,0.018049,0.003258,0,5,Monday,10.2,7.800000000000001,0.0
2025-05-05 01:00:00,12012.0,12363.836,12096.0,351.836,84.0,0.02929,0.006993,1,5,Monday,10.3,7.699999999999999,0.0
2025-05-05 02:00:00,12062.0,12270.338,12026.0,208.338,36.0,0.017272,0.002985,2,5,Monday,10.5,7.5,0.0
2025-05-05 03:00:00,12003.0,12180.394,11874.0,177.394,129.0,0.014779,0.010747,3,5,Monday,11.1,6.9,0.0
2025-05-05 04:00:00,12572.0,12432.878,11782.0,139.122,790.0,0.011066,0.062838,4,5,Monday,10.8,7.199999999999999,0.0
2025-05-05 05:00:00,13907.0,13482.071,12110.0,424.929,1797.0,0.030555,0.129216,5,5,Monday,10.7,7.300000000000001,0.0
2025-05-05 06:00:00,15007.0,14388.804,12444.0,618.196,2563.0,0.041194,0.170787,6,5,Monday,11.1,6.9,0.0
2025-05-05 07:00:00,15343.0,14795.405,12829.0,547.595,2514.0,0.03569,0.163853,7,5,Monday,11.6,6.4,0.0
2025-05-05 08:00:00,15241.0,14808.306,13047.0,432.694,2194.0,0.02839,0.143954,8,5,Monday,11.4,6.6,0.0
2025-05-05 09:00:00,15238.0,14722.44,13108.0,515.56,2130.0,0.033834,0.139782,9,5,Monday,11.9,6.1,0.0
2025-05-05 10:00:00,15322.0,14656.204,13181.0,665.796,2141.0,0.043454,0.139734,10,5,Monday,11.4,6.6,0.0
2025-05-05 11:00:00,14965.0,14624.804,13094.0,340.196,1871.0,0.022733,0.125025,11,5,Monday,12.4,5.6,0.0
2025-05-05 12:00:00,14986.0,14624.069,13105.0,361.931,1881.0,0.024151,0.125517,12,5,Monday,13.3,4.699999999999999,0.0
2025-05-05 13:00:00,14805.0,14625.588,13118.0,179.412,1687.0,0.012118,0.113948,13,5,Monday,12.6,5.4,0.0
2025-05-05 14:00:00,15288.0,14747.444,13242.0,540.556,2046.0,0.035358,0.13383,14,5,Monday,13.5,4.5,0.0
2025-05-05 15:00:00,15384.0,14975.198,13826.0,408.802,1558.0,0.026573,0.101274,15,5,Monday,15.2,2.8000000000000007,0.0
2025-05-05 16:00:00,15882.0,15392.232,14622.0,489.768,1260.0,0.030838,0.079335,16,5,Monday,14.9,3.0999999999999996,0.0
2025-05-05 17:00:00,15902.0,15821.316,15147.0,80.684,755.0,0.005074,0.047478,17,5,Monday,14.9,3.0999999999999996,0.0
2025-05-05 18:00:00,15959.0,15932.115,15218.0,26.885,741.0,0.001685,0.046431,18,5,Monday,13.3,4.699999999999999,0.0
2025-05-05 19:00:00,16084.0,16026.543,15502.0,57.457,582.0,0.003572,0.036185,19,5,Monday,11.8,6.199999999999999,0.0
2025-05-05 20:00:00,15711.0,15849.77,15367.0,138.771,344.0,0.008833,0.021895,20,5,Monday,12.4,5.6,0.0
2025-05-05 21:00:00,14894.0,14926.353,14623.0,32.353,271.0,0.002172,0.018195,21,5,Monday,11.2,6.800000000000001,0.0
2025-05-05 22:00:00,13918.0,13852.866,13705.0,65.134,213.0,0.00468,0.015304,22,5,Monday,11.1,6.9,0.0
2025-05-05 23:00:00,13261.0,13128.885,12955.0,132.115,306.0,0.009963,0.023075,23,5,Monday,10.5,7.5,0.0
2025-05-06 00:00:00,12749.0,12325.688,12278.0,423.312,471.0,0.033204,0.036944,0,5,Tuesday,9.6,8.4,0.0
2025-05-06 01:00:00,12717.0,12120.983,12012.0,596.017,705.0,0.046868,0.055438,1,5,Tuesday,9.3,8.7,0.0
2025-05-06 02:00:00,12402.0,12114.537,12062.0,287.463,340.0,0.023179,0.027415,2,5,Tuesday,9.3,8.7,0.0
2025-05-06 03:00:00,12523.0,12074.606,12003.0,448.394,520.0,0.035806,0.041524,3,5,Tuesday,9.4,8.6,0.0
2025-05-06 04:00:00,13085.0,12654.377,12572.0,430.623,513.0,0.03291,0.039205,4,5,Tuesday,8.8,9.2,0.0
2025-05-06 05:00:00,14003.0,13733.693,13907.0,269.307,96.0,0.019232,0.006856,5,5,Tuesday,9.3,8.7,0.0
2025-05-06 06:00:00,15031.0,14821.329,15007.0,209.671,24.0,0.013949,0.001597,6,5,Tuesday,9.3,8.7,0.0
2025-05-06 07:00:00,15260.0,14991.656,15343.0,268.344,83.0,0.017585,0.005439,7,5,Tuesday,10.0,8.0,0.0
2025-05-06 08:00:00,15117.0,14975.722,15241.0,141.278,124.0,0.009346,0.008203,8,5,Tuesday,10.5,7.5,0.0
2025-05-06 09:00:00,15048.0,14991.533,15238.0,56.467,190.0,0.003752,0.012626,9,5,Tuesday,12.6,5.4,0.0
2025-05-06 10:00:00,15145.0,14992.596,15322.0,152.404,177.0,0.010063,0.011687,10,5,Tuesday,14.3,3.6999999999999993,0.0
2025-05-06 11:00:00,15096.0,14814.341,14965.0,281.659,131.0,0.018658,0.008678,11,5,Tuesday,15.0,3.0,0.0
2025-05-06 12:00:00,15198.0,14908.152,14986.0,289.848,212.0,0.019071,0.013949,12,5,Tuesday,15.7,2.3000000000000007,0.0
2025-05-06 13:00:00,15238.0,14835.494,14805.0,402.506,433.0,0.026415,0.028416,13,5,Tuesday,16.6,1.3999999999999986,0.0
2025-05-06 14:00:00,15270.0,15136.981,15288.0,133.019,18.0,0.008711,0.001179,14,5,Tuesday,17.2,0.8000000000000007,0.0
2025-05-06 15:00:00,15368.0,15254.144,15384.0,113.856,16.0,0.007409,0.001041,15,5,Tuesday,17.1,0.8999999999999986,0.0
2025-05-06 16:00:00,15871.0,15809.882,15882.0,61.118,11.0,0.003851,0.000693,16,5,Tuesday,17.1,0.8999999999999986,0.0
2025-05-06 17:00:00,16063.0,15849.163,15902.0,213.837,161.0,0.013312,0.010023,17,5,Tuesday,15.8,2.1999999999999993,0.0
2025-05-06 18:00:00,16122.0,15815.997,15959.0,306.003,163.0,0.01898,0.01011,18,5,Tuesday,13.8,4.199999999999999,0.0
2025-05-06 19:00:00,16262.0,15797.601,16084.0,464.399,178.0,0.028557,0.010946,19,5,Tuesday,12.3,5.699999999999999,0.0
2025-05-06 20:00:00,16055.0,15521.793,15711.0,533.207,344.0,0.033211,0.021426,20,5,Tuesday,13.8,4.199999999999999,0.0
2025-05-06 21:00:00,15090.0,14889.117,14894.0,200.883,196.0,0.013312,0.012989,21,5,Tuesday,12.8,5.199999999999999,0.0
2025-05-06 22:00:00,14125.0,13860.5,13918.0,264.5,207.0,0.018726,0.014655,22,5,Tuesday,14.0,4.0,0.0
2025-05-06 23:00:00,13307.0,13226.984,13261.0,80.016,46.0,0.006013,0.003457,23,5,Tuesday,13.6,4.4,0.0
2025-05-07 00:00:00,12729.0,12531.464,12749.0,197.536,20.0,0.015519,0.001571,0,5,Wednesday,13.1,4.9,0.0
2025-05-07 01:00:00,12315.0,12463.749,12717.0,148.749,402.0,0.012079,0.032643,1,5,Wednesday,12.8,5.199999999999999,0.0
2025-05-07 02:00:00,12273.0,12272.271,12402.0,0.729,129.0,5.9e-05,0.010511,2,5,Wednesday,12.2,5.800000000000001,0.0
2025-05-07 03:00:00,12348.0,12377.564,12523.0,29.564,175.0,0.002394,0.014172,3,5,Wednesday,12.2,5.800000000000001,0.0
2025-05-07 04:00:00,12868.0,13018.37,13085.0,150.37,217.0,0.011686,0.016864,4,5,Wednesday,11.9,6.1,0.0
2025-05-07 05:00:00,13740.0,13953.901,14003.0,213.901,263.0,0.015568,0.019141,5,5,Wednesday,11.7,6.300000000000001,0.0
2025-05-07 06:00:00,14943.0,14855.062,15031.0,87.938,88.0,0.005885,0.005889,6,5,Wednesday,12.2,5.800000000000001,0.0
2025-05-07 07:00:00,15353.0,15092.901,15260.0,260.099,93.0,0.016941,0.006057,7,5,Wednesday,13.7,4.300000000000001,0.0
2025-05-07 08:00:00,15269.0,14953.79,15117.0,315.21,152.0,0.020644,0.009955,8,5,Wednesday,15.7,2.3000000000000007,0.0
2025-05-07 09:00:00,15095.0,14878.525,15048.0,216.475,47.0,0.014341,0.003114,9,5,Wednesday,17.4,0.6000000000000014,0.0
2025-05-07 10:00:00,15075.0,15182.613,15145.0,107.613,70.0,0.007139,0.004643,10,5,Wednesday,19.3,0.0,1.3000000000000007
2025-05-07 11:00:00,15090.0,15263.729,15096.0,173.729,6.0,0.011513,0.000398,11,5,Wednesday,20.3,0.0,2.3000000000000007
2025-05-07 12:00:00,15053.0,15584.894,15198.0,531.894,145.0,0.035335,0.009633,12,5,Wednesday,21.2,0.0,3.1999999999999993
2025-05-07 13:00:00,15119.0,15377.346,15238.0,258.346,119.0,0.017088,0.007871,13,5,Wednesday,20.8,0.0,2.8000000000000007
2025-05-07 14:00:00,15190.0,15351.518,15270.0,161.518,80.0,0.010633,0.005267,14,5,Wednesday,20.4,0.0,2.3999999999999986
2025-05-07 15:00:00,15474.0,15587.87,15368.0,113.87,106.0,0.007359,0.00685,15,5,Wednesday,20.1,0.0,2.1000000000000014
2025-05-07 16:00:00,15837.0,15921.766,15871.0,84.766,34.0,0.005352,0.002147,16,5,Wednesday,19.0,0.0,1.0
2025-05-07 17:00:00,15990.0,15850.029,16063.0,139.971,73.0,0.008754,0.004565,17,5,Wednesday,17.2,0.8000000000000007,0.0
2025-05-07 18:00:00,16279.0,15757.473,16122.0,521.527,157.0,0.032037,0.009644,18,5,Wednesday,14.9,3.0999999999999996,0.0
2025-05-07 19:00:00,16311.0,15998.131,16262.0,312.869,49.0,0.019181,0.003004,19,5,Wednesday,12.8,5.199999999999999,0.0
2025-05-07 20:00:00,16092.0,15836.452,16055.0,255.548,37.0,0.01588,0.002299,20,5,Wednesday,11.7,6.300000000000001,0.0
2025-05-07 21:00:00,15017.0,14938.014,15090.0,78.986,73.0,0.00526,0.004861,21,5,Wednesday,10.8,7.199999999999999,0.0
2025-05-07 22:00:00,13810.0,14023.04,14125.0,213.04,315.0,0.015427,0.02281,22,5,Wednesday,10.3,7.699999999999999,0.0
2025-05-07 23:00:00,13034.0,13337.835,13307.0,303.835,273.0,0.023311,0.020945,23,5,Wednesday,9.7,8.3,0.0
2025-05-08 01:00:00,12616.0,12137.261,12315.0,478.739,301.0,0.037947,0.023859,1,5,Thursday,8.1,9.9,0.0
2025-05-08 02:00:00,12339.0,12120.793,12273.0,218.207,66.0,0.017684,0.005349,2,5,Thursday,7.7,10.3,0.0
2025-05-08 03:00:00,12573.0,12198.43,12348.0,374.57,225.0,0.029792,0.017895,3,5,Thursday,7.4,10.6,0.0
2025-05-08 04:00:00,13107.0,12663.029,12868.0,443.971,239.0,0.033873,0.018235,4,5,Thursday,7.0,11.0,0.0
2025-05-08 05:00:00,14120.0,13753.019,13740.0,366.981,380.0,0.02599,0.026912,5,5,Thursday,6.7,11.3,0.0
2025-05-08 06:00:00,15284.0,14744.286,14943.0,539.714,341.0,0.035312,0.022311,6,5,Thursday,6.7,11.3,0.0
2025-05-08 07:00:00,15535.0,15255.855,15353.0,279.145,182.0,0.017969,0.011715,7,5,Thursday,6.9,11.1,0.0
2025-05-08 08:00:00,15467.0,15194.063,15269.0,272.937,198.0,0.017646,0.012801,8,5,Thursday,7.7,10.3,0.0
2025-05-08 09:00:00,15503.0,14959.279,15095.0,543.721,408.0,0.035072,0.026317,9,5,Thursday,8.0,10.0,0.0
2025-05-08 10:00:00,15470.0,14841.782,15075.0,628.218,395.0,0.040609,0.025533,10,5,Thursday,8.9,9.1,0.0
2025-05-08 11:00:00,14820.0,14870.194,15090.0,50.194,270.0,0.003387,0.018219,11,5,Thursday,10.2,7.800000000000001,0.0
2025-05-08 12:00:00,14649.0,14913.648,15053.0,264.648,404.0,0.018066,0.027579,12,5,Thursday,10.0,8.0,0.0
2025-05-08 13:00:00,14322.0,14964.093,15119.0,642.093,797.0,0.044833,0.055649,13,5,Thursday,10.0,8.0,0.0
2025-05-08 14:00:00,14578.0,14953.617,15190.0,375.617,612.0,0.025766,0.041981,14,5,Thursday,10.0,8.0,0.0
2025-05-08 15:00:00,14809.0,15287.926,15474.0,478.926,665.0,0.03234,0.044905,15,5,Thursday,10.0,8.0,0.0
2025-05-08 16:00:00,15298.0,15749.493,15837.0,451.493,539.0,0.029513,0.035233,16,5,Thursday,10.0,8.0,0.0
2025-05-08 17:00:00,15528.0,15851.193,15990.0,323.193,462.0,0.020814,0.029753,17,5,Thursday,10.7,7.300000000000001,0.0
2025-05-08 18:00:00,15686.0,15939.492,16279.0,253.492,593.0,0.01616,0.037804,18,5,Thursday,10.5,7.5,0.0
2025-05-08 19:00:00,16107.0,16011.78,16311.0,95.22,204.0,0.005912,0.012665,19,5,Thursday,9.0,9.0,0.0
2025-05-08 20:00:00,16028.0,15850.402,16092.0,177.598,64.0,0.01108,0.003993,20,5,Thursday,7.7,10.3,0.0
2025-05-08 21:00:00,15227.0,14860.422,15017.0,366.578,210.0,0.024074,0.013791,21,5,Thursday,7.6,10.4,0.0
2025-05-08 22:00:00,14230.0,13699.707,13810.0,530.293,420.0,0.037266,0.029515,22,5,Thursday,7.3,10.7,0.0
2025-05-08 23:00:00,13586.0,12974.593,13034.0,611.407,552.0,0.045003,0.04063,23,5,Thursday,6.3,11.7,0.0
2025-05-09 00:00:00,13233.0,12579.108,12685.0,653.892,548.0,0.049414,0.041412,0,5,Friday,5.2,12.8,0.0
2025-05-09 01:00:00,13041.0,12500.565,12616.0,540.435,425.0,0.041441,0.03259,1,5,Friday,4.7,13.3,0.0
2025-05-09 02:00:00,13043.0,12235.865,12339.0,807.135,704.0,0.061883,0.053975,2,5,Friday,4.5,13.5,0.0
2025-05-09 03:00:00,13169.0,12409.226,12573.0,759.774,596.0,0.057694,0.045258,3,5,Friday,4.7,13.3,0.0
2025-05-09 04:00:00,13578.0,12900.823,13107.0,677.177,471.0,0.049873,0.034688,4,5,Friday,5.3,12.7,0.0
2025-05-09 05:00:00,14471.0,14050.882,14120.0,420.118,351.0,0.029032,0.024255,5,5,Friday,5.4,12.6,0.0
2025-05-09 06:00:00,15451.0,14986.228,15284.0,464.772,167.0,0.03008,0.010808,6,5,Friday,5.8,12.2,0.0
2025-05-09 07:00:00,15508.0,15324.64,15535.0,183.36,27.0,0.011824,0.001741,7,5,Friday,7.3,10.7,0.0
2025-05-09 08:00:00,15131.0,15086.928,15467.0,44.072,336.0,0.002913,0.022206,8,5,Friday,9.6,8.4,0.0
2025-05-09 09:00:00,14706.0,15025.241,15503.0,319.241,797.0,0.021708,0.054196,9,5,Friday,11.8,6.199999999999999,0.0
2025-05-09 10:00:00,14469.0,15016.537,15470.0,547.537,1001.0,0.037842,0.069182,10,5,Friday,12.8,5.199999999999999,0.0
2025-05-09 11:00:00,14225.0,14660.482,14820.0,435.482,595.0,0.030614,0.041828,11,5,Friday,12.6,5.4,0.0
2025-05-09 12:00:00,14038.0,14516.504,14649.0,478.504,611.0,0.034086,0.043525,12,5,Friday,12.4,5.6,0.0
2025-05-09 13:00:00,14025.0,14375.193,14322.0,350.193,297.0,0.024969,0.021176,13,5,Friday,12.2,5.800000000000001,0.0
2025-05-09 14:00:00,14098.0,14434.794,14578.0,336.794,480.0,0.023889,0.034047,14,5,Friday,12.3,5.699999999999999,0.0
2025-05-09 15:00:00,14461.0,14578.956,14809.0,117.956,348.0,0.008157,0.024065,15,5,Friday,12.3,5.699999999999999,0.0
2025-05-09 16:00:00,14942.0,15131.775,15298.0,189.775,356.0,0.012701,0.023825,16,5,Friday,12.2,5.800000000000001,0.0
2025-05-09 17:00:00,15116.0,15228.894,15528.0,112.894,412.0,0.007469,0.027256,17,5,Friday,13.3,4.699999999999999,0.0
2025-05-09 18:00:00,15465.0,15238.86,15686.0,226.14,221.0,0.014623,0.01429,18,5,Friday,13.8,4.199999999999999,0.0
2025-05-09 19:00:00,15901.0,15499.226,16107.0,401.774,206.0,0.025267,0.012955,19,5,Friday,12.6,5.4,0.0
2025-05-09 20:00:00,15793.0,15478.649,16028.0,314.351,235.0,0.019904,0.01488,20,5,Friday,12.2,5.800000000000001,0.0
2025-05-09 21:00:00,14941.0,14876.828,15227.0,64.172,286.0,0.004295,0.019142,21,5,Friday,10.8,7.199999999999999,0.0
2025-05-09 22:00:00,14023.0,13937.774,14230.0,85.226,207.0,0.006078,0.014761,22,5,Friday,9.5,8.5,0.0
2025-05-09 23:00:00,13207.0,13276.909,13586.0,69.909,379.0,0.005293,0.028697,23,5,Friday,8.4,9.6,0.0
2025-05-10 00:00:00,12658.0,12457.849,13233.0,200.151,575.0,0.015812,0.045426,0,5,Saturday,7.9,10.1,0.0
2025-05-10 01:00:00,12435.0,12358.433,13041.0,76.567,606.0,0.006157,0.048733,1,5,Saturday,7.4,10.6,0.0
2025-05-10 02:00:00,12460.0,12279.414,13043.0,180.586,583.0,0.014493,0.04679,2,5,Saturday,7.0,11.0,0.0
2025-05-10 03:00:00,12366.0,12250.362,13169.0,115.638,803.0,0.009351,0.064936,3,5,Saturday,6.6,11.4,0.0
2025-05-10 04:00:00,12556.0,12577.84,13578.0,21.84,1022.0,0.001739,0.081395,4,5,Saturday,6.1,11.9,0.0
2025-05-10 05:00:00,12936.0,12962.795,14471.0,26.795,1535.0,0.002071,0.118661,5,5,Saturday,5.5,12.5,0.0
2025-05-10 06:00:00,13390.0,13680.514,15451.0,290.514,2061.0,0.021696,0.153921,6,5,Saturday,6.1,11.9,0.0
2025-05-10 07:00:00,13601.0,13805.439,15508.0,204.439,1907.0,0.015031,0.14021,7,5,Saturday,8.0,10.0,0.0
2025-05-10 08:00:00,13646.0,13732.478,15131.0,86.478,1485.0,0.006337,0.108823,8,5,Saturday,11.1,6.9,0.0
2025-05-10 09:00:00,13418.0,13595.424,14706.0,177.424,1288.0,0.013223,0.09599,9,5,Saturday,14.3,3.6999999999999993,0.0
2025-05-10 10:00:00,13368.0,13619.681,14469.0,251.681,1101.0,0.018827,0.082361,10,5,Saturday,16.1,1.8999999999999986,0.0
2025-05-10 11:00:00,13308.0,13528.343,14225.0,220.343,917.0,0.016557,0.068906,11,5,Saturday,16.6,1.3999999999999986,0.0
2025-05-10 12:00:00,13270.0,13428.766,14038.0,158.766,768.0,0.011964,0.057875,12,5,Saturday,17.6,0.3999999999999986,0.0
2025-05-10 13:00:00,13120.0,13471.191,14025.0,351.191,905.0,0.026768,0.068979,13,5,Saturday,18.5,0.0,0.5
2025-05-10 14:00:00,13080.0,13622.818,14098.0,542.818,1018.0,0.0415,0.077829,14,5,Saturday,19.3,0.0,1.3000000000000007
2025-05-10 15:00:00,13484.0,14021.284,14461.0,537.284,977.0,0.039846,0.072456,15,5,Saturday,19.9,0.0,1.8999999999999986
2025-05-10 16:00:00,14021.0,14474.308,14942.0,453.308,921.0,0.032331,0.065687,16,5,Saturday,19.3,0.0,1.3000000000000007
2025-05-10 17:00:00,14282.0,14460.127,15116.0,178.127,834.0,0.012472,0.058395,17,5,Saturday,17.9,0.10000000000000142,0.0
2025-05-10 18:00:00,14391.0,14534.305,15465.0,143.305,1074.0,0.009958,0.07463,18,5,Saturday,17.1,0.8999999999999986,0.0
2025-05-10 19:00:00,14622.0,14753.398,15901.0,131.398,1279.0,0.008986,0.087471,19,5,Saturday,14.7,3.3000000000000007,0.0
2025-05-10 20:00:00,14623.0,14649.131,15793.0,26.131,1170.0,0.001787,0.080011,20,5,Saturday,14.7,3.3000000000000007,0.0
2025-05-10 21:00:00,13985.0,14030.451,14941.0,45.451,956.0,0.00325,0.068359,21,5,Saturday,13.4,4.6,0.0
2025-05-10 22:00:00,13280.0,13303.066,14023.0,23.066,743.0,0.001737,0.055949,22,5,Saturday,12.6,5.4,0.0
2025-05-10 23:00:00,12501.0,12685.089,13207.0,184.089,706.0,0.014726,0.056475,23,5,Saturday,12.0,6.0,0.0
2025-05-11 00:00:00,12127.0,12138.272,12658.0,11.272,531.0,0.000929,0.043787,0,5,Sunday,10.9,7.1,0.0
2025-05-11 01:00:00,11827.0,11884.802,12435.0,57.802,608.0,0.004887,0.051408,1,5,Sunday,9.7,8.3,0.0
2025-05-11 02:00:00,11699.0,11840.74,12460.0,141.74,761.0,0.012116,0.065048,2,5,Sunday,8.6,9.4,0.0
2025-05-11 03:00:00,11772.0,11800.772,12366.0,28.772,594.0,0.002444,0.050459,3,5,Sunday,7.7,10.3,0.0
2025-05-11 04:00:00,12011.0,11908.057,12556.0,102.943,545.0,0.008571,0.045375,4,5,Sunday,6.8,11.2,0.0
2025-05-11 05:00:00,12175.0,12105.377,12936.0,69.623,761.0,0.005719,0.062505,5,5,Sunday,5.9,12.1,0.0
2025-05-11 06:00:00,12590.0,12553.48,13390.0,36.521,800.0,0.002901,0.063542,6,5,Sunday,5.8,12.2,0.0
2025-05-11 07:00:00,12905.0,12832.657,13601.0,72.343,696.0,0.005606,0.053933,7,5,Sunday,6.7,11.3,0.0
2025-05-11 08:00:00,12826.0,12731.506,13646.0,94.494,820.0,0.007367,0.063933,8,5,Sunday,9.3,8.7,0.0
2025-05-11 09:00:00,12794.0,12740.849,13418.0,53.151,624.0,0.004154,0.048773,9,5,Sunday,10.3,7.699999999999999,0.0
2025-05-11 10:00:00,12897.0,12867.986,13368.0,29.014,471.0,0.00225,0.03652,10,5,Sunday,11.1,6.9,0.0
2025-05-11 11:00:00,12845.0,12851.404,13308.0,6.404,463.0,0.000499,0.036045,11,5,Sunday,11.3,6.699999999999999,0.0
2025-05-11 12:00:00,12775.0,12848.282,13270.0,73.282,495.0,0.005736,0.038748,12,5,Sunday,11.5,6.5,0.0
2025-05-11 13:00:00,12677.0,12870.91,13120.0,193.91,443.0,0.015296,0.034945,13,5,Sunday,11.8,6.199999999999999,0.0
2025-05-11 14:00:00,12924.0,12949.938,13080.0,25.938,156.0,0.002007,0.012071,14,5,Sunday,12.2,5.800000000000001,0.0
2025-05-11 15:00:00,13277.0,13384.266,13484.0,107.266,207.0,0.008079,0.015591,15,5,Sunday,12.7,5.300000000000001,0.0
2025-05-11 16:00:00,13943.0,14039.762,14021.0,96.762,78.0,0.00694,0.005594,16,5,Sunday,12.7,5.300000000000001,0.0
2025-05-11 17:00:00,14392.0,14358.33,14282.0,33.67,110.0,0.002339,0.007643,17,5,Sunday,12.5,5.5,0.0
2025-05-11 18:00:00,14648.0,14515.447,14391.0,132.553,257.0,0.009049,0.017545,18,5,Sunday,11.7,6.300000000000001,0.0
2025-05-11 19:00:00,15042.0,14585.133,14622.0,456.867,420.0,0.030373,0.027922,19,5,Sunday,10.3,7.699999999999999,0.0
2025-05-11 20:00:00,15090.0,14533.621,14623.0,556.379,467.0,0.036871,0.030948,20,5,Sunday,10.5,7.5,0.0
2025-05-11 21:00:00,14284.0,13951.146,13985.0,332.854,299.0,0.023303,0.020933,21,5,Sunday,9.6,8.4,0.0
2025-05-11 22:00:00,13388.0,13214.374,13280.0,173.626,108.0,0.012969,0.008067,22,5,Sunday,9.0,9.0,0.0
2025-05-11 23:00:00,12576.0,12324.916,12501.0,251.084,75.0,0.019965,0.005964,23,5,Sunday,8.6,9.4,0.0
2025-05-12 00:00:00,12152.0,12373.859,12127.0,221.859,25.0,0.018257,0.002057,0,5,Monday,8.1,9.9,0.0
2025-05-12 01:00:00,12026.0,12043.889,11827.0,17.889,199.0,0.001488,0.016547,1,5,Monday,7.8,10.2,0.0
2025-05-12 02:00:00,12031.0,12050.309,11699.0,19.309,332.0,0.001605,0.027595,2,5,Monday,7.4,10.6,0.0
2025-05-12 03:00:00,12251.0,12046.791,11772.0,204.209,479.0,0.016669,0.039099,3,5,Monday,7.2,10.8,0.0
2025-05-12 04:00:00,12813.0,12467.923,12011.0,345.077,802.0,0.026932,0.062593,4,5,Monday,7.2,10.8,0.0
2025-05-12 05:00:00,13817.0,13466.405,12175.0,350.595,1642.0,0.025374,0.118839,5,5,Monday,6.6,11.4,0.0
2025-05-12 06:00:00,14895.0,14638.608,12590.0,256.392,2305.0,0.017213,0.15475,6,5,Monday,7.8,10.2,0.0
2025-05-12 07:00:00,15074.0,14834.28,12905.0,239.72,2169.0,0.015903,0.14389,7,5,Monday,9.7,8.3,0.0
2025-05-12 08:00:00,14808.0,14635.829,12826.0,172.171,1982.0,0.011627,0.133847,8,5,Monday,13.3,4.699999999999999,0.0
2025-05-12 09:00:00,14626.0,14580.664,12794.0,45.336,1832.0,0.0031,0.125256,9,5,Monday,15.6,2.4000000000000004,0.0
2025-05-12 10:00:00,14786.0,14810.197,12897.0,24.197,1889.0,0.001636,0.127756,10,5,Monday,17.9,0.10000000000000142,0.0
2025-05-12 11:00:00,14973.0,14971.571,12845.0,1.429,2128.0,9.5e-05,0.142122,11,5,Monday,19.3,0.0,1.3000000000000007
2025-05-12 12:00:00,15028.0,14759.562,12775.0,268.438,2253.0,0.017863,0.14992,12,5,Monday,18.2,0.0,0.1999999999999993
2025-05-12 13:00:00,14957.0,14923.158,12677.0,33.842,2280.0,0.002263,0.152437,13,5,Monday,19.5,0.0,1.5
2025-05-12 14:00:00,15182.0,15265.747,12924.0,83.747,2258.0,0.005516,0.148729,14,5,Monday,22.0,0.0,4.0
2025-05-12 15:00:00,15672.0,15521.903,13277.0,150.097,2395.0,0.009577,0.15282,15,5,Monday,21.8,0.0,3.8000000000000007
2025-05-12 16:00:00,16377.0,16047.62,13943.0,329.38,2434.0,0.020112,0.148623,16,5,Monday,22.6,0.0,4.600000000000001
2025-05-12 17:00:00,16740.0,16482.328,14392.0,257.672,2348.0,0.015393,0.140263,17,5,Monday,22.2,0.0,4.199999999999999
2025-05-12 18:00:00,16866.0,16418.3,14648.0,447.7,2218.0,0.026545,0.131507,18,5,Monday,21.3,0.0,3.3000000000000007
2025-05-12 19:00:00,16688.0,16253.292,15042.0,434.708,1646.0,0.026049,0.098634,19,5,Monday,18.7,0.0,0.6999999999999993
2025-05-12 20:00:00,16571.0,15831.504,15090.0,739.496,1481.0,0.044626,0.089373,20,5,Monday,17.7,0.3000000000000007,0.0
2025-05-12 21:00:00,15405.0,14870.344,14284.0,534.656,1121.0,0.034707,0.072769,21,5,Monday,16.6,1.3999999999999986,0.0
2025-05-12 22:00:00,14368.0,13827.353,13388.0,540.647,980.0,0.037629,0.068207,22,5,Monday,15.0,3.0,0.0
2025-05-12 23:00:00,13350.0,12969.846,12576.0,380.154,774.0,0.028476,0.057978,23,5,Monday,14.8,3.1999999999999993,0.0
2025-05-13 00:00:00,12817.0,12463.746,12152.0,353.254,665.0,0.027561,0.051884,0,5,Tuesday,15.5,2.5,0.0
2025-05-13 01:00:00,12446.0,12282.62,12026.0,163.38,420.0,0.013127,0.033746,1,5,Tuesday,15.3,2.6999999999999993,0.0
2025-05-13 02:00:00,12311.0,12235.298,12031.0,75.702,280.0,0.006149,0.022744,2,5,Tuesday,13.6,4.4,0.0
2025-05-13 03:00:00,12404.0,12405.241,12251.0,1.241,153.0,0.0001,0.012335,3,5,Tuesday,12.2,5.800000000000001,0.0
2025-05-13 04:00:00,12657.0,12833.726,12813.0,176.726,156.0,0.013963,0.012325,4,5,Tuesday,11.8,6.199999999999999,0.0
2025-05-13 05:00:00,13812.0,13835.196,13817.0,23.196,5.0,0.001679,0.000362,5,5,Tuesday,11.6,6.4,0.0
2025-05-13 06:00:00,14722.0,14823.459,14895.0,101.459,173.0,0.006892,0.011751,6,5,Tuesday,12.4,5.6,0.0
2025-05-13 07:00:00,15163.0,14989.61,15074.0,173.39,89.0,0.011435,0.00587,7,5,Tuesday,13.9,4.1,0.0
2025-05-13 08:00:00,15147.0,14912.141,14808.0,234.859,339.0,0.015505,0.022381,8,5,Tuesday,16.4,1.6000000000000014,0.0
2025-05-13 09:00:00,15330.0,14900.772,14626.0,429.228,704.0,0.027999,0.045923,9,5,Tuesday,17.5,0.5,0.0
2025-05-13 10:00:00,15441.0,15457.394,14786.0,16.394,655.0,0.001062,0.04242,10,5,Tuesday,20.0,0.0,2.0
2025-05-13 11:00:00,15433.0,15571.62,14973.0,138.62,460.0,0.008982,0.029806,11,5,Tuesday,20.8,0.0,2.8000000000000007
2025-05-13 12:00:00,15523.0,15499.307,15028.0,23.693,495.0,0.001526,0.031888,12,5,Tuesday,20.3,0.0,2.3000000000000007
2025-05-13 13:00:00,15432.0,15545.346,14957.0,113.346,475.0,0.007345,0.03078,13,5,Tuesday,20.8,0.0,2.8000000000000007
2025-05-13 14:00:00,15642.0,15560.015,15182.0,81.985,460.0,0.005241,0.029408,14,5,Tuesday,20.5,0.0,2.5
2025-05-13 15:00:00,15993.0,15328.406,15672.0,664.594,321.0,0.041555,0.020071,15,5,Tuesday,15.8,2.1999999999999993,0.0
2025-05-13 16:00:00,16401.0,15922.472,16377.0,478.528,24.0,0.029177,0.001463,16,5,Tuesday,15.7,2.3000000000000007,0.0
2025-05-13 17:00:00,16574.0,16238.815,16740.0,335.185,166.0,0.020224,0.010016,17,5,Tuesday,16.1,1.8999999999999986,0.0
2025-05-13 18:00:00,16736.0,16223.594,16866.0,512.406,130.0,0.030617,0.007768,18,5,Tuesday,15.2,2.8000000000000007,0.0
2025-05-13 19:00:00,16839.0,16294.134,16688.0,544.866,151.0,0.032357,0.008967,19,5,Tuesday,14.1,3.9000000000000004,0.0
2025-05-13 20:00:00,16515.0,16160.642,16571.0,354.358,56.0,0.021457,0.003391,20,5,Tuesday,14.2,3.8000000000000007,0.0
2025-05-13 21:00:00,15168.0,15107.313,15405.0,60.687,237.0,0.004001,0.015625,21,5,Tuesday,13.8,4.199999999999999,0.0
2025-05-13 22:00:00,14270.0,14208.14,14368.0,61.86,98.0,0.004335,0.006868,22,5,Tuesday,13.7,4.300000000000001,0.0
2025-05-13 23:00:00,13305.0,13311.005,13350.0,6.005,45.0,0.000451,0.003382,23,5,Tuesday,13.5,4.5,0.0
2025-05-14 00:00:00,12848.0,12553.231,12817.0,294.769,31.0,0.022943,0.002413,0,5,Wednesday,13.5,4.5,0.0
2025-05-14 01:00:00,12590.0,12209.615,12446.0,380.385,144.0,0.030213,0.011438,1,5,Wednesday,13.4,4.6,0.0
2025-05-14 02:00:00,12580.0,12185.146,12311.0,394.854,269.0,0.031387,0.021383,2,5,Wednesday,13.0,5.0,0.0
2025-05-14 03:00:00,12634.0,12209.615,12404.0,424.385,230.0,0.033591,0.018205,3,5,Wednesday,12.4,5.6,0.0
2025-05-14 04:00:00,12989.0,12585.638,12657.0,403.362,332.0,0.031054,0.02556,4,5,Wednesday,11.8,6.199999999999999,0.0
2025-05-14 05:00:00,13844.0,13648.174,13812.0,195.826,32.0,0.014145,0.002311,5,5,Wednesday,11.5,6.5,0.0
2025-05-14 06:00:00,14905.0,14596.171,14722.0,308.829,183.0,0.02072,0.012278,6,5,Wednesday,11.2,6.800000000000001,0.0
2025-05-14 07:00:00,15209.0,14947.461,15163.0,261.539,46.0,0.017196,0.003025,7,5,Wednesday,11.3,6.699999999999999,0.0
2025-05-14 08:00:00,15358.0,14917.647,15147.0,440.353,211.0,0.028673,0.013739,8,5,Wednesday,12.0,6.0,0.0
2025-05-14 09:00:00,15669.0,14980.093,15330.0,688.907,339.0,0.043966,0.021635,9,5,Wednesday,12.4,5.6,0.0
2025-05-14 10:00:00,15835.0,14980.634,15441.0,854.366,394.0,0.053954,0.024882,10,5,Wednesday,13.8,4.199999999999999,0.0
2025-05-14 11:00:00,15912.0,14970.558,15433.0,941.442,479.0,0.059166,0.030103,11,5,Wednesday,14.1,3.9000000000000004,0.0
2025-05-14 12:00:00,15994.0,14992.23,15523.0,1001.771,471.0,0.062634,0.029449,12,5,Wednesday,14.4,3.5999999999999996,0.0
2025-05-14 13:00:00,16123.0,14967.451,15432.0,1155.549,691.0,0.071671,0.042858,13,5,Wednesday,15.1,2.9000000000000004,0.0
2025-05-14 14:00:00,16251.0,15183.131,15642.0,1067.869,609.0,0.065711,0.037475,14,5,Wednesday,16.5,1.5,0.0
2025-05-14 15:00:00,16574.0,15473.794,15993.0,1100.206,581.0,0.066381,0.035055,15,5,Wednesday,16.4,1.6000000000000014,0.0
2025-05-14 16:00:00,16902.0,15888.009,16401.0,1013.991,501.0,0.059992,0.029641,16,5,Wednesday,16.5,1.5,0.0
2025-05-14 17:00:00,16676.0,16107.072,16574.0,568.928,102.0,0.034117,0.006117,17,5,Wednesday,15.6,2.4000000000000004,0.0
2025-05-14 18:00:00,16641.0,16265.282,16736.0,375.718,95.0,0.022578,0.005709,18,5,Wednesday,14.8,3.1999999999999993,0.0
2025-05-14 19:00:00,16808.0,16224.124,16839.0,583.876,31.0,0.034738,0.001844,19,5,Wednesday,13.8,4.199999999999999,0.0
2025-05-14 20:00:00,16619.0,16098.721,16515.0,520.279,104.0,0.031306,0.006258,20,5,Wednesday,13.7,4.300000000000001,0.0
2025-05-14 21:00:00,15582.0,14929.512,15168.0,652.488,414.0,0.041874,0.026569,21,5,Wednesday,13.3,4.699999999999999,0.0
2025-05-14 22:00:00,14397.0,13980.954,14270.0,416.046,127.0,0.028898,0.008821,22,5,Wednesday,12.9,5.1,0.0
2025-05-14 23:00:00,13517.0,13188.955,13305.0,328.045,212.0,0.024269,0.015684,23,5,Wednesday,12.9,5.1,0.0
2025-05-15 00:00:00,12965.0,12541.166,12848.0,423.834,117.0,0.032691,0.009024,0,5,Thursday,12.5,5.5,0.0
2025-05-15 01:00:00,12742.0,12429.532,12590.0,312.468,152.0,0.024523,0.011929,1,5,Thursday,12.1,5.9,0.0
2025-05-15 02:00:00,12747.0,12297.888,12580.0,449.112,167.0,0.035233,0.013101,2,5,Thursday,11.9,6.1,0.0
2025-05-15 03:00:00,12679.0,12442.29,12634.0,236.71,45.0,0.018669,0.003549,3,5,Thursday,11.9,6.1,0.0
2025-05-15 04:00:00,13054.0,12766.417,12989.0,287.583,65.0,0.02203,0.004979,4,5,Thursday,12.1,5.9,0.0
2025-05-15 05:00:00,13973.0,13731.134,13844.0,241.866,129.0,0.01731,0.009232,5,5,Thursday,12.0,6.0,0.0
2025-05-15 06:00:00,15268.0,14748.957,14905.0,519.043,363.0,0.033995,0.023775,6,5,Thursday,12.0,6.0,0.0
2025-05-15 07:00:00,15692.0,15021.381,15209.0,670.619,483.0,0.042736,0.03078,7,5,Thursday,12.5,5.5,0.0
2025-05-15 08:00:00,15738.0,15093.336,15358.0,644.664,380.0,0.040962,0.024145,8,5,Thursday,14.4,3.5999999999999996,0.0
2025-05-15 09:00:00,15893.0,15259.369,15669.0,633.631,224.0,0.039869,0.014094,9,5,Thursday,16.2,1.8000000000000007,0.0
2025-05-15 10:00:00,15984.0,15421.59,15835.0,562.41,149.0,0.035186,0.009322,10,5,Thursday,18.1,0.0,0.10000000000000142
2025-05-15 11:00:00,16018.0,15341.558,15912.0,676.442,106.0,0.04223,0.006618,11,5,Thursday,18.1,0.0,0.10000000000000142
2025-05-15 12:00:00,16389.0,15372.504,15994.0,1016.496,395.0,0.062023,0.024102,12,5,Thursday,18.2,0.0,0.1999999999999993
2025-05-15 13:00:00,16511.0,15687.466,16123.0,823.534,388.0,0.049878,0.023499,13,5,Thursday,19.4,0.0,1.3999999999999986
2025-05-15 14:00:00,16743.0,15933.104,16251.0,809.896,492.0,0.048372,0.029385,14,5,Thursday,20.5,0.0,2.5
2025-05-15 15:00:00,16827.0,16137.528,16574.0,689.472,253.0,0.040974,0.015035,15,5,Thursday,20.1,0.0,2.1000000000000014
2025-05-15 16:00:00,17437.0,16472.23,16902.0,964.77,535.0,0.055329,0.030682,16,5,Thursday,19.6,0.0,1.6000000000000014
2025-05-15 17:00:00,17630.0,16247.382,16676.0,1382.618,954.0,0.078424,0.054112,17,5,Thursday,18.5,0.0,0.5
2025-05-15 18:00:00,17674.0,15971.234,16641.0,1702.766,1033.0,0.096343,0.058447,18,5,Thursday,16.9,1.1000000000000014,0.0
2025-05-15 19:00:00,17511.0,16042.997,16808.0,1468.003,703.0,0.083833,0.040146,19,5,Thursday,15.5,2.5,0.0
2025-05-15 20:00:00,17129.0,15967.524,16619.0,1161.476,510.0,0.067808,0.029774,20,5,Thursday,14.0,4.0,0.0
2025-05-15 21:00:00,15998.0,15147.909,15582.0,850.091,416.0,0.053137,0.026003,21,5,Thursday,13.3,4.699999999999999,0.0
2025-05-15 22:00:00,14901.0,14124.73,14397.0,776.271,504.0,0.052095,0.033823,22,5,Thursday,13.1,4.9,0.0
2025-05-15 23:00:00,13973.0,13319.546,13517.0,653.454,456.0,0.046765,0.032634,23,5,Thursday,13.1,4.9,0.0
2025-05-16 00:00:00,13286.0,12679.227,12965.0,606.773,321.0,0.04567,0.024161,0,5,Friday,13.2,4.800000000000001,0.0
2025-05-16 01:00:00,13045.0,12461.396,12742.0,583.604,303.0,0.044738,0.023227,1,5,Friday,13.1,4.9,0.0
2025-05-16 02:00:00,12896.0,12461.396,12747.0,434.604,149.0,0.033701,0.011554,2,5,Friday,12.7,5.300000000000001,0.0
2025-05-16 03:00:00,13009.0,12432.865,12679.0,576.135,330.0,0.044287,0.025367,3,5,Friday,12.3,5.699999999999999,0.0
2025-05-16 04:00:00,13369.0,12841.423,13054.0,527.577,315.0,0.039463,0.023562,4,5,Friday,11.9,6.1,0.0
2025-05-16 05:00:00,14167.0,13788.828,13973.0,378.172,194.0,0.026694,0.013694,5,5,Friday,11.7,6.300000000000001,0.0
2025-05-16 06:00:00,14890.0,14896.34,15268.0,6.34,378.0,0.000426,0.025386,6,5,Friday,11.7,6.300000000000001,0.0
2025-05-16 07:00:00,15710.0,15096.61,15692.0,613.39,18.0,0.039045,0.001146,7,5,Friday,13.4,4.6,0.0
2025-05-16 08:00:00,15975.0,15010.225,15738.0,964.775,237.0,0.060393,0.014836,8,5,Friday,15.6,2.4000000000000004,0.0
2025-05-16 09:00:00,16169.0,15398.876,15893.0,770.124,276.0,0.04763,0.01707,9,5,Friday,19.1,0.0,1.1000000000000014
2025-05-16 10:00:00,16534.0,15869.08,15984.0,664.92,550.0,0.040215,0.033265,10,5,Friday,21.7,0.0,3.6999999999999993
2025-05-16 11:00:00,16525.0,16152.227,16018.0,372.773,507.0,0.022558,0.030681,11,5,Friday,22.7,0.0,4.699999999999999
2025-05-16 12:00:00,16723.0,17289.998,16389.0,566.998,334.0,0.033905,0.019972,12,5,Friday,25.0,0.0,7.0
2025-05-16 13:00:00,16779.0,17903.402,16511.0,1124.402,268.0,0.067012,0.015972,13,5,Friday,26.4,0.0,8.399999999999999
2025-05-16 14:00:00,16868.0,18300.914,16743.0,1432.914,125.0,0.084949,0.00741,14,5,Friday,27.1,0.0,9.100000000000001
2025-05-16 15:00:00,17397.0,18393.05,16827.0,996.05,570.0,0.057254,0.032764,15,5,Friday,28.2,0.0,10.2
2025-05-16 16:00:00,17948.0,18929.996,17437.0,981.996,511.0,0.054713,0.028471,16,5,Friday,27.7,0.0,9.7
2025-05-16 17:00:00,18091.0,19139.209,17630.0,1048.209,461.0,0.057941,0.025482,17,5,Friday,27.3,0.0,9.3
2025-05-16 18:00:00,18153.0,18934.59,17674.0,781.59,479.0,0.043056,0.026387,18,5,Friday,26.3,0.0,8.3
2025-05-16 19:00:00,17897.0,18600.855,17511.0,703.855,386.0,0.039328,0.021568,19,5,Friday,24.5,0.0,6.5
2025-05-16 20:00:00,17518.0,16917.865,17129.0,600.135,389.0,0.034258,0.022206,20,5,Friday,21.4,0.0,3.3999999999999986
2025-05-16 21:00:00,16464.0,15764.045,15998.0,699.955,466.0,0.042514,0.028304,21,5,Friday,19.6,0.0,1.6000000000000014
2025-05-16 22:00:00,15189.0,14628.428,14901.0,560.572,288.0,0.036906,0.018961,22,5,Friday,18.4,0.0,0.3999999999999986
2025-05-16 23:00:00,14102.0,13496.447,13973.0,605.553,129.0,0.042941,0.009148,23,5,Friday,16.3,1.6999999999999993,0.0
2025-05-17 00:00:00,13360.0,12476.645,13286.0,883.355,74.0,0.066119,0.005539,0,5,Saturday,15.9,2.0999999999999996,0.0
2025-05-17 01:00:00,12811.0,12206.764,13045.0,604.236,234.0,0.047165,0.018266,1,5,Saturday,15.7,2.3000000000000007,0.0
2025-05-17 02:00:00,12532.0,12042.565,12896.0,489.435,364.0,0.039055,0.029046,2,5,Saturday,14.3,3.6999999999999993,0.0
2025-05-17 03:00:00,12423.0,11974.468,13009.0,448.532,586.0,0.036105,0.047171,3,5,Saturday,14.0,4.0,0.0
2025-05-17 04:00:00,12432.0,12230.618,13369.0,201.382,937.0,0.016199,0.07537,4,5,Saturday,14.1,3.9000000000000004,0.0
2025-05-17 05:00:00,12637.0,12506.501,14167.0,130.499,1530.0,0.010327,0.121073,5,5,Saturday,13.5,4.5,0.0
2025-05-17 06:00:00,13145.0,12960.59,14890.0,184.41,1745.0,0.014029,0.13275,6,5,Saturday,13.8,4.199999999999999,0.0
2025-05-17 07:00:00,13822.0,13516.363,15710.0,305.637,1888.0,0.022112,0.136594,7,5,Saturday,15.5,2.5,0.0
2025-05-17 08:00:00,14378.0,14108.535,15975.0,269.465,1597.0,0.018741,0.111072,8,5,Saturday,18.3,0.0,0.3000000000000007
2025-05-17 09:00:00,14838.0,14138.473,16169.0,699.527,1331.0,0.047144,0.089702,9,5,Saturday,18.0,0.0,0.0
2025-05-17 10:00:00,15065.0,14193.731,16534.0,871.269,1469.0,0.057834,0.097511,10,5,Saturday,17.7,0.3000000000000007,0.0
2025-05-17 11:00:00,15230.0,14252.387,16525.0,977.613,1295.0,0.06419,0.08503,11,5,Saturday,18.2,0.0,0.1999999999999993
2025-05-17 12:00:00,15085.0,14100.828,16723.0,984.172,1638.0,0.065242,0.108585,12,5,Saturday,16.8,1.1999999999999993,0.0
2025-05-17 13:00:00,14748.0,14117.344,16779.0,630.656,2031.0,0.042762,0.137714,13,5,Saturday,17.1,0.8999999999999986,0.0
2025-05-17 14:00:00,14653.0,14505.299,16868.0,147.701,2215.0,0.01008,0.151164,14,5,Saturday,18.5,0.0,0.5
2025-05-17 15:00:00,14944.0,15024.316,17397.0,80.316,2453.0,0.005374,0.164146,15,5,Saturday,18.0,0.0,0.0
2025-05-17 16:00:00,15272.0,15397.952,17948.0,125.952,2676.0,0.008247,0.175223,16,5,Saturday,17.2,0.8000000000000007,0.0
2025-05-17 17:00:00,15215.0,15737.271,18091.0,522.271,2876.0,0.034326,0.189024,17,5,Saturday,17.1,0.8999999999999986,0.0
2025-05-17 18:00:00,15032.0,15712.328,18153.0,680.328,3121.0,0.045259,0.207624,18,5,Saturday,15.5,2.5,0.0
2025-05-17 19:00:00,14965.0,15527.152,17897.0,562.152,2932.0,0.037564,0.195924,19,5,Saturday,14.7,3.3000000000000007,0.0
2025-05-17 20:00:00,14858.0,15228.792,17518.0,370.792,2660.0,0.024956,0.179028,20,5,Saturday,14.6,3.4000000000000004,0.0
2025-05-17 21:00:00,14178.0,14497.267,16464.0,319.267,2286.0,0.022518,0.161236,21,5,Saturday,14.4,3.5999999999999996,0.0
2025-05-17 22:00:00,13388.0,13545.487,15189.0,157.487,1801.0,0.011763,0.134523,22,5,Saturday,14.2,3.8000000000000007,0.0
2025-05-17 23:00:00,12660.0,12911.388,14102.0,251.388,1442.0,0.019857,0.113902,23,5,Saturday,14.2,3.8000000000000007,0.0
2025-05-18 00:00:00,12103.0,12250.07,13360.0,147.07,1257.0,0.012152,0.103859,0,5,Sunday,13.9,4.1,0.0
2025-05-18 01:00:00,12075.0,11840.54,12811.0,234.46,736.0,0.019417,0.060952,1,5,Sunday,13.8,4.199999999999999,0.0
2025-05-18 02:00:00,11743.0,11640.503,12532.0,102.497,789.0,0.008728,0.067189,2,5,Sunday,13.5,4.5,0.0
2025-05-18 03:00:00,11635.0,11552.781,12423.0,82.219,788.0,0.007067,0.067727,3,5,Sunday,13.4,4.6,0.0
2025-05-18 04:00:00,11664.0,11510.562,12432.0,153.438,768.0,0.013155,0.065844,4,5,Sunday,13.0,5.0,0.0
2025-05-18 05:00:00,11836.0,11693.971,12637.0,142.029,801.0,0.012,0.067675,5,5,Sunday,12.5,5.5,0.0
2025-05-18 06:00:00,12495.0,12040.124,13145.0,454.876,650.0,0.036405,0.052021,6,5,Sunday,12.9,5.1,0.0
2025-05-18 07:00:00,13261.0,12457.81,13822.0,803.19,561.0,0.060568,0.042305,7,5,Sunday,13.3,4.699999999999999,0.0
2025-05-18 08:00:00,13774.0,12823.049,14378.0,950.951,604.0,0.06904,0.043851,8,5,Sunday,14.9,3.0999999999999996,0.0
2025-05-18 09:00:00,14068.0,13144.083,14838.0,923.917,770.0,0.065675,0.054734,9,5,Sunday,14.9,3.0999999999999996,0.0
2025-05-18 10:00:00,14193.0,13365.737,15065.0,827.263,872.0,0.058287,0.061439,10,5,Sunday,14.1,3.9000000000000004,0.0
2025-05-18 11:00:00,14082.0,13468.439,15230.0,613.561,1148.0,0.043571,0.081523,11,5,Sunday,15.8,2.1999999999999993,0.0
2025-05-18 12:00:00,13836.0,13421.724,15085.0,414.276,1249.0,0.029942,0.090272,12,5,Sunday,15.5,2.5,0.0
2025-05-18 13:00:00,13853.0,13483.061,14748.0,369.939,895.0,0.026705,0.064607,13,5,Sunday,15.3,2.6999999999999993,0.0
2025-05-18 14:00:00,13808.0,13538.428,14653.0,269.572,845.0,0.019523,0.061196,14,5,Sunday,15.9,2.0999999999999996,0.0
2025-05-18 15:00:00,14124.0,13969.413,14944.0,154.587,820.0,0.010945,0.058057,15,5,Sunday,15.4,2.5999999999999996,0.0
2025-05-18 16:00:00,14433.0,14545.83,15272.0,112.83,839.0,0.007818,0.058131,16,5,Sunday,15.0,3.0,0.0
2025-05-18 17:00:00,14668.0,14730.828,15215.0,62.828,547.0,0.004283,0.037292,17,5,Sunday,14.8,3.1999999999999993,0.0
2025-05-18 18:00:00,14717.0,14619.933,15032.0,97.067,315.0,0.006596,0.021404,18,5,Sunday,13.7,4.300000000000001,0.0
2025-05-18 19:00:00,14654.0,14540.047,14965.0,113.953,311.0,0.007776,0.021223,19,5,Sunday,12.5,5.5,0.0
2025-05-18 20:00:00,14557.0,14581.507,14858.0,24.507,301.0,0.001684,0.020677,20,5,Sunday,11.1,6.9,0.0
2025-05-18 21:00:00,13818.0,13933.867,14178.0,115.867,360.0,0.008385,0.026053,21,5,Sunday,10.9,7.1,0.0
2025-05-18 22:00:00,13344.0,13045.176,13388.0,298.824,44.0,0.022394,0.003297,22,5,Sunday,10.8,7.199999999999999,0.0
2025-05-18 23:00:00,12659.0,12400.197,12660.0,258.803,1.0,0.020444,7.9e-05,23,5,Sunday,10.6,7.4,0.0
2025-05-19 00:00:00,12243.0,11855.517,12103.0,387.483,140.0,0.031649,0.011435,0,5,Monday,10.1,7.9,0.0
2025-05-19 01:00:00,11941.0,11719.704,12075.0,221.296,134.0,0.018532,0.011222,1,5,Monday,9.7,8.3,0.0
2025-05-19 02:00:00,11856.0,11519.032,11743.0,336.968,113.0,0.028422,0.009531,2,5,Monday,9.4,8.6,0.0
2025-05-19 03:00:00,11839.0,11401.504,11635.0,437.496,204.0,0.036954,0.017231,3,5,Monday,9.2,8.8,0.0
2025-05-19 04:00:00,11917.0,11498.167,11664.0,418.833,253.0,0.035146,0.02123,4,5,Monday,8.9,9.1,0.0
2025-05-19 05:00:00,12243.0,11703.308,11836.0,539.692,407.0,0.044082,0.033243,5,5,Monday,8.7,9.3,0.0
2025-05-19 06:00:00,12636.0,12513.575,12495.0,122.425,141.0,0.009689,0.011159,6,5,Monday,8.1,9.9,0.0
2025-05-19 07:00:00,12881.0,13034.524,13261.0,153.524,380.0,0.011919,0.029501,7,5,Monday,7.3,10.7,0.0
2025-05-19 08:00:00,13077.0,13282.011,13774.0,205.011,697.0,0.015677,0.0533,8,5,Monday,8.8,9.2,0.0
2025-05-19 09:00:00,13058.0,13499.453,14068.0,441.453,1010.0,0.033807,0.077347,9,5,Monday,8.8,9.2,0.0
2025-05-19 10:00:00,13001.0,13527.267,14193.0,526.267,1192.0,0.040479,0.091685,10,5,Monday,10.9,7.1,0.0
2025-05-19 11:00:00,12972.0,13533.784,14082.0,561.784,1110.0,0.043307,0.085569,11,5,Monday,12.9,5.1,0.0
2025-05-19 12:00:00,13132.0,13413.749,13836.0,281.749,704.0,0.021455,0.05361,12,5,Monday,14.2,3.8000000000000007,0.0
2025-05-19 13:00:00,12805.0,13488.342,13853.0,683.342,1048.0,0.053365,0.081843,13,5,Monday,14.9,3.0999999999999996,0.0
2025-05-19 14:00:00,12895.0,13621.662,13808.0,726.662,913.0,0.056352,0.070803,14,5,Monday,15.1,2.9000000000000004,0.0
2025-05-19 15:00:00,13469.0,14088.923,14124.0,619.923,655.0,0.046026,0.04863,15,5,Monday,15.0,3.0,0.0
2025-05-19 16:00:00,14145.0,14714.396,14433.0,569.396,288.0,0.040254,0.020361,16,5,Monday,14.2,3.8000000000000007,0.0
2025-05-19 17:00:00,14476.0,14918.15,14668.0,442.15,192.0,0.030544,0.013263,17,5,Monday,13.0,5.0,0.0
2025-05-19 18:00:00,15002.0,14965.355,14717.0,36.645,285.0,0.002443,0.018997,18,5,Monday,11.7,6.300000000000001,0.0
2025-05-19 19:00:00,15236.0,14955.326,14654.0,280.674,582.0,0.018422,0.038199,19,5,Monday,10.5,7.5,0.0
2025-05-19 20:00:00,15267.0,14833.545,14557.0,433.455,710.0,0.028392,0.046506,20,5,Monday,9.5,8.5,0.0
2025-05-19 21:00:00,14045.0,13952.434,13818.0,92.566,227.0,0.006591,0.016162,21,5,Monday,8.5,9.5,0.0
2025-05-19 22:00:00,13338.0,13337.346,13344.0,0.654,6.0,4.9e-05,0.00045,22,5,Monday,8.1,9.9,0.0
2025-05-19 23:00:00,12652.0,12577.246,12659.0,74.754,7.0,0.005908,0.000553,23,5,Monday,8.1,9.9,0.0
2025-05-20 00:00:00,12262.0,12392.318,12243.0,130.318,19.0,0.010628,0.00155,0,5,Tuesday,8.1,9.9,0.0
2025-05-20 01:00:00,12197.0,12081.492,11941.0,115.508,256.0,0.00947,0.020989,1,5,Tuesday,7.5,10.5,0.0
2025-05-20 02:00:00,11900.0,11973.725,11856.0,73.725,44.0,0.006195,0.003697,2,5,Tuesday,6.7,11.3,0.0
2025-05-20 03:00:00,12086.0,12083.958,11839.0,2.042,247.0,0.000169,0.020437,3,5,Tuesday,6.0,12.0,0.0
2025-05-20 04:00:00,12626.0,12283.463,11917.0,342.537,709.0,0.027129,0.056154,4,5,Tuesday,5.5,12.5,0.0
2025-05-20 05:00:00,13642.0,13168.531,12243.0,473.469,1399.0,0.034707,0.102551,5,5,Tuesday,5.2,12.8,0.0
2025-05-20 06:00:00,14997.0,14172.119,12636.0,824.881,2361.0,0.055003,0.157431,6,5,Tuesday,5.8,12.2,0.0
2025-05-20 07:00:00,14855.0,14304.309,12881.0,550.691,1974.0,0.037071,0.132885,7,5,Tuesday,7.4,10.6,0.0
2025-05-20 08:00:00,14379.0,14207.731,13077.0,171.269,1302.0,0.011911,0.090549,8,5,Tuesday,9.8,8.2,0.0
2025-05-20 09:00:00,14460.0,14180.861,13058.0,279.139,1402.0,0.019304,0.096957,9,5,Tuesday,11.4,6.6,0.0
2025-05-20 10:00:00,14551.0,14234.123,13001.0,316.877,1550.0,0.021777,0.106522,10,5,Tuesday,12.5,5.5,0.0
2025-05-20 11:00:00,14388.0,14177.354,12972.0,210.646,1416.0,0.01464,0.098415,11,5,Tuesday,13.2,4.800000000000001,0.0
2025-05-20 12:00:00,14425.0,14165.152,13132.0,259.848,1293.0,0.018014,0.089636,12,5,Tuesday,13.1,4.9,0.0
2025-05-20 13:00:00,14432.0,14086.291,12805.0,345.709,1627.0,0.023954,0.112736,13,5,Tuesday,12.1,5.9,0.0
2025-05-20 14:00:00,14415.0,14116.227,12895.0,298.773,1520.0,0.020727,0.105446,14,5,Tuesday,11.9,6.1,0.0
2025-05-20 15:00:00,14732.0,14448.261,13469.0,283.739,1263.0,0.01926,0.085732,15,5,Tuesday,12.2,5.800000000000001,0.0
2025-05-20 16:00:00,15277.0,14929.845,14145.0,347.155,1132.0,0.022724,0.074098,16,5,Tuesday,12.9,5.1,0.0
2025-05-20 17:00:00,15377.0,15145.679,14476.0,231.321,901.0,0.015043,0.058594,17,5,Tuesday,12.5,5.5,0.0
2025-05-20 18:00:00,15610.0,15396.531,15002.0,213.469,608.0,0.013675,0.038949,18,5,Tuesday,12.5,5.5,0.0
2025-05-20 19:00:00,15683.0,15551.921,15236.0,131.079,447.0,0.008358,0.028502,19,5,Tuesday,11.7,6.300000000000001,0.0
2025-05-20 20:00:00,15707.0,15493.648,15267.0,213.352,440.0,0.013583,0.028013,20,5,Tuesday,10.3,7.699999999999999,0.0
2025-05-20 21:00:00,14909.0,14358.506,14045.0,550.494,864.0,0.036924,0.057952,21,5,Tuesday,9.3,8.7,0.0
2025-05-20 22:00:00,13934.0,13514.431,13338.0,419.569,596.0,0.030111,0.042773,22,5,Tuesday,8.7,9.3,0.0
2025-05-20 23:00:00,13038.0,12834.365,12652.0,203.635,386.0,0.015619,0.029606,23,5,Tuesday,8.3,9.7,0.0
2025-05-21 00:00:00,12505.0,12208.733,12262.0,296.267,243.0,0.023692,0.019432,0,5,Wednesday,8.2,9.8,0.0
2025-05-21 01:00:00,12192.0,12170.752,12197.0,21.248,5.0,0.001743,0.00041,1,5,Wednesday,8.4,9.6,0.0
2025-05-21 02:00:00,12062.0,11959.77,11900.0,102.229,162.0,0.008475,0.013431,2,5,Wednesday,8.6,9.4,0.0
2025-05-21 03:00:00,12116.0,12086.924,12086.0,29.076,30.0,0.0024,0.002476,3,5,Wednesday,8.6,9.4,0.0
2025-05-21 04:00:00,12565.0,12474.155,12626.0,90.845,61.0,0.00723,0.004855,4,5,Wednesday,8.4,9.6,0.0
2025-05-21 05:00:00,13649.0,13415.635,13642.0,233.365,7.0,0.017098,0.000513,5,5,Wednesday,8.5,9.5,0.0
2025-05-21 06:00:00,14952.0,14624.986,14997.0,327.014,45.0,0.021871,0.00301,6,5,Wednesday,8.8,9.2,0.0
2025-05-21 07:00:00,15427.0,14706.861,14855.0,720.139,572.0,0.04668,0.037078,7,5,Wednesday,9.0,9.0,0.0
2025-05-21 08:00:00,15470.0,14458.534,14379.0,1011.466,1091.0,0.065382,0.070524,8,5,Wednesday,9.2,8.8,0.0
2025-05-21 09:00:00,15489.0,14512.465,14460.0,976.535,1029.0,0.063047,0.066434,9,5,Wednesday,9.0,9.0,0.0
2025-05-21 10:00:00,15662.0,14549.084,14551.0,1112.916,1111.0,0.071058,0.070936,10,5,Wednesday,10.5,7.5,0.0
2025-05-21 11:00:00,15779.0,14502.895,14388.0,1276.105,1391.0,0.080874,0.088155,11,5,Wednesday,10.1,7.9,0.0
2025-05-21 12:00:00,15902.0,14545.887,14425.0,1356.113,1477.0,0.085279,0.092881,12,5,Wednesday,9.6,8.4,0.0
2025-05-21 13:00:00,15843.0,14564.253,14432.0,1278.747,1411.0,0.080714,0.089061,13,5,Wednesday,9.4,8.6,0.0
2025-05-21 14:00:00,15943.0,14576.834,14415.0,1366.166,1528.0,0.085691,0.095841,14,5,Wednesday,9.2,8.8,0.0
2025-05-21 15:00:00,16186.0,14823.4,14732.0,1362.6,1454.0,0.084184,0.089831,15,5,Wednesday,9.0,9.0,0.0
2025-05-21 16:00:00,16551.0,15405.646,15277.0,1145.354,1274.0,0.069202,0.076974,16,5,Wednesday,9.0,9.0,0.0
2025-05-21 17:00:00,16468.0,15473.515,15377.0,994.485,1091.0,0.060389,0.06625,17,5,Wednesday,8.9,9.1,0.0
2025-05-21 18:00:00,16630.0,15643.942,15610.0,986.058,1020.0,0.059294,0.061335,18,5,Wednesday,8.9,9.1,0.0
2025-05-21 19:00:00,16768.0,15765.823,15683.0,1002.177,1085.0,0.059767,0.064707,19,5,Wednesday,8.6,9.4,0.0
2025-05-21 20:00:00,16332.0,15738.834,15707.0,593.166,625.0,0.036319,0.038268,20,5,Wednesday,8.4,9.6,0.0
2025-05-21 21:00:00,15019.0,14813.38,14909.0,205.62,110.0,0.013691,0.007324,21,5,Wednesday,8.2,9.8,0.0
2025-05-21 22:00:00,14231.0,13829.209,13934.0,401.791,297.0,0.028234,0.02087,22,5,Wednesday,8.2,9.8,0.0
2025-05-21 23:00:00,13564.0,12947.867,13038.0,616.133,526.0,0.045424,0.038779,23,5,Wednesday,8.0,10.0,0.0
2025-05-22 00:00:00,13074.0,12228.76,12505.0,845.24,569.0,0.06465,0.043521,0,5,Thursday,7.9,10.1,0.0
2025-05-22 01:00:00,12887.0,12104.087,12192.0,782.913,695.0,0.060752,0.05393,1,5,Thursday,7.7,10.3,0.0
2025-05-22 02:00:00,12682.0,11998.104,12062.0,683.896,620.0,0.053927,0.048888,2,5,Thursday,7.4,10.6,0.0
2025-05-22 03:00:00,12792.0,12040.075,12116.0,751.925,676.0,0.058781,0.052846,3,5,Thursday,7.5,10.5,0.0
2025-05-22 04:00:00,13282.0,12415.247,12565.0,866.753,717.0,0.065258,0.053983,4,5,Thursday,7.4,10.6,0.0
2025-05-22 05:00:00,14347.0,13569.09,13649.0,777.91,698.0,0.054221,0.048651,5,5,Thursday,7.4,10.6,0.0
2025-05-22 06:00:00,15388.0,14808.386,14952.0,579.614,436.0,0.037667,0.028334,6,5,Thursday,7.6,10.4,0.0
2025-05-22 07:00:00,15875.0,15312.381,15427.0,562.619,448.0,0.035441,0.02822,7,5,Thursday,7.5,10.5,0.0
2025-05-22 08:00:00,16064.0,15308.081,15470.0,755.919,594.0,0.047057,0.036977,8,5,Thursday,7.4,10.6,0.0
2025-05-22 09:00:00,16234.0,15071.022,15489.0,1162.978,745.0,0.071638,0.045891,9,5,Thursday,8.5,9.5,0.0
2025-05-22 10:00:00,16215.0,15184.055,15662.0,1030.945,553.0,0.06358,0.034104,10,5,Thursday,9.8,8.2,0.0
2025-05-22 11:00:00,16184.0,15249.201,15779.0,934.799,405.0,0.057761,0.025025,11,5,Thursday,10.6,7.4,0.0
2025-05-22 12:00:00,16265.0,15396.134,15902.0,868.866,363.0,0.053419,0.022318,12,5,Thursday,9.9,8.1,0.0
2025-05-22 13:00:00,16022.0,15407.796,15843.0,614.204,179.0,0.038335,0.011172,13,5,Thursday,9.2,8.8,0.0
2025-05-22 14:00:00,16073.0,15623.916,15943.0,449.084,130.0,0.02794,0.008088,14,5,Thursday,8.4,9.6,0.0
2025-05-22 15:00:00,16320.0,15806.383,16186.0,513.617,134.0,0.031472,0.008211,15,5,Thursday,8.1,9.9,0.0
2025-05-22 16:00:00,16587.0,16213.668,16551.0,373.332,36.0,0.022508,0.00217,16,5,Thursday,8.1,9.9,0.0
2025-05-22 17:00:00,16491.0,16251.347,16468.0,239.653,23.0,0.014532,0.001395,17,5,Thursday,8.2,9.8,0.0
2025-05-22 18:00:00,16520.0,16321.211,16630.0,198.789,110.0,0.012033,0.006659,18,5,Thursday,8.4,9.6,0.0
2025-05-22 19:00:00,16630.0,16330.453,16768.0,299.547,138.0,0.018012,0.008298,19,5,Thursday,8.4,9.6,0.0
2025-05-22 20:00:00,16535.0,16145.604,16332.0,389.396,203.0,0.02355,0.012277,20,5,Thursday,8.2,9.8,0.0
2025-05-22 21:00:00,15380.0,14945.205,15019.0,434.795,361.0,0.02827,0.023472,21,5,Thursday,8.4,9.6,0.0
2025-05-22 22:00:00,14328.0,14012.184,14231.0,315.816,97.0,0.022042,0.00677,22,5,Thursday,8.6,9.4,0.0
2025-05-22 23:00:00,13493.0,13397.849,13564.0,95.151,71.0,0.007052,0.005262,23,5,Thursday,8.8,9.2,0.0
2025-05-23 00:00:00,13156.0,12781.637,13074.0,374.363,82.0,0.028456,0.006233,0,5,Friday,9.0,9.0,0.0
2025-05-23 01:00:00,12869.0,12462.504,12887.0,406.496,18.0,0.031587,0.001399,1,5,Friday,9.2,8.8,0.0
2025-05-23 02:00:00,12849.0,12406.217,12682.0,442.783,167.0,0.034461,0.012997,2,5,Friday,9.4,8.6,0.0
2025-05-23 03:00:00,12896.0,12434.284,12792.0,461.716,104.0,0.035803,0.008065,3,5,Friday,9.1,8.9,0.0
2025-05-23 04:00:00,13324.0,12920.646,13282.0,403.354,42.0,0.030273,0.003152,4,5,Friday,8.6,9.4,0.0
2025-05-23 05:00:00,14281.0,14020.627,14347.0,260.373,66.0,0.018232,0.004622,5,5,Friday,8.4,9.6,0.0
2025-05-23 06:00:00,15332.0,14839.16,15388.0,492.84,56.0,0.032145,0.003652,6,5,Friday,8.4,9.6,0.0
2025-05-23 07:00:00,15748.0,15213.476,15875.0,534.524,127.0,0.033942,0.008065,7,5,Friday,8.6,9.4,0.0
2025-05-23 08:00:00,15758.0,15347.85,16064.0,410.15,306.0,0.026028,0.019419,8,5,Friday,9.6,8.4,0.0
2025-05-23 09:00:00,15550.0,15411.933,16234.0,138.067,684.0,0.008879,0.043987,9,5,Friday,10.5,7.5,0.0
2025-05-23 10:00:00,15484.0,15439.571,16215.0,44.429,731.0,0.002869,0.04721,10,5,Friday,11.0,7.0,0.0
2025-05-23 11:00:00,15470.0,15419.547,16184.0,50.453,714.0,0.003261,0.046154,11,5,Friday,11.2,6.800000000000001,0.0
2025-05-23 12:00:00,15410.0,15510.099,16265.0,100.099,855.0,0.006496,0.055483,12,5,Friday,11.4,6.6,0.0
2025-05-23 13:00:00,15364.0,15378.504,16022.0,14.504,658.0,0.000944,0.042827,13,5,Friday,11.1,6.9,0.0
2025-05-23 14:00:00,15415.0,15397.299,16073.0,17.701,658.0,0.001148,0.042686,14,5,Friday,11.2,6.800000000000001,0.0
2025-05-23 15:00:00,15657.0,15541.095,16320.0,115.905,663.0,0.007403,0.042345,15,5,Friday,10.7,7.300000000000001,0.0
2025-05-23 16:00:00,16062.0,15745.65,16587.0,316.35,525.0,0.019696,0.032686,16,5,Friday,11.1,6.9,0.0
2025-05-23 17:00:00,16037.0,15814.85,16491.0,222.15,454.0,0.013852,0.02831,17,5,Friday,10.9,7.1,0.0
2025-05-23 18:00:00,16106.0,15818.874,16520.0,287.126,414.0,0.017827,0.025705,18,5,Friday,10.6,7.4,0.0
2025-05-23 19:00:00,16188.0,15909.558,16630.0,278.442,442.0,0.017201,0.027304,19,5,Friday,10.5,7.5,0.0
2025-05-23 20:00:00,16039.0,15833.993,16535.0,205.007,496.0,0.012782,0.030925,20,5,Friday,10.6,7.4,0.0
2025-05-23 21:00:00,15254.0,14939.344,15380.0,314.656,126.0,0.020628,0.00826,21,5,Friday,10.1,7.9,0.0
2025-05-23 22:00:00,14278.0,13982.554,14328.0,295.446,50.0,0.020692,0.003502,22,5,Friday,9.6,8.4,0.0
2025-05-23 23:00:00,13489.0,13215.375,13493.0,273.625,4.0,0.020285,0.000297,23,5,Friday,9.2,8.8,0.0
2025-05-24 00:00:00,12983.0,12573.887,13156.0,409.113,173.0,0.031511,0.013325,0,5,Saturday,8.9,9.1,0.0
2025-05-24 01:00:00,12712.0,12266.986,12869.0,445.014,157.0,0.035007,0.012351,1,5,Saturday,8.7,9.3,0.0
2025-05-24 02:00:00,12593.0,12106.907,12849.0,486.093,256.0,0.0386,0.020329,2,5,Saturday,8.7,9.3,0.0
2025-05-24 03:00:00,12593.0,12085.877,12896.0,507.123,303.0,0.04027,0.024061,3,5,Saturday,8.7,9.3,0.0
2025-05-24 04:00:00,12669.0,12273.342,13324.0,395.658,655.0,0.03123,0.051701,4,5,Saturday,8.7,9.3,0.0
2025-05-24 05:00:00,13023.0,12665.27,14281.0,357.73,1258.0,0.027469,0.096598,5,5,Saturday,8.5,9.5,0.0
2025-05-24 06:00:00,13554.0,13225.241,15332.0,328.759,1778.0,0.024255,0.131179,6,5,Saturday,9.0,9.0,0.0
2025-05-24 07:00:00,14088.0,13641.417,15748.0,446.583,1660.0,0.0317,0.117831,7,5,Saturday,9.5,8.5,0.0
2025-05-24 08:00:00,14337.0,13909.129,15758.0,427.871,1421.0,0.029844,0.099114,8,5,Saturday,10.7,7.300000000000001,0.0
2025-05-24 09:00:00,14483.0,13763.45,15550.0,719.55,1067.0,0.049682,0.073673,9,5,Saturday,12.1,5.9,0.0
2025-05-24 10:00:00,14569.0,13852.591,15484.0,716.409,915.0,0.049174,0.062805,10,5,Saturday,12.8,5.199999999999999,0.0
2025-05-24 11:00:00,14616.0,14065.042,15470.0,550.958,854.0,0.037696,0.058429,11,5,Saturday,13.1,4.9,0.0
2025-05-24 12:00:00,14245.0,13880.494,15410.0,364.506,1165.0,0.025588,0.081783,12,5,Saturday,13.9,4.1,0.0
2025-05-24 13:00:00,14107.0,13908.845,15364.0,198.155,1257.0,0.014047,0.089105,13,5,Saturday,14.4,3.5999999999999996,0.0
2025-05-24 14:00:00,14095.0,13957.169,15415.0,137.831,1320.0,0.009779,0.09365,14,5,Saturday,14.7,3.3000000000000007,0.0
2025-05-24 15:00:00,14211.0,14199.766,15657.0,11.234,1446.0,0.000791,0.101752,15,5,Saturday,14.2,3.8000000000000007,0.0
2025-05-24 16:00:00,14707.0,14697.105,16062.0,9.895,1355.0,0.000673,0.092133,16,5,Saturday,13.7,4.300000000000001,0.0
2025-05-24 17:00:00,14932.0,14735.402,16037.0,196.598,1105.0,0.013166,0.074002,17,5,Saturday,13.0,5.0,0.0
2025-05-24 18:00:00,14980.0,14792.531,16106.0,187.469,1126.0,0.012515,0.075167,18,5,Saturday,12.9,5.1,0.0
2025-05-24 19:00:00,14926.0,14796.297,16188.0,129.703,1262.0,0.00869,0.08455,19,5,Saturday,12.3,5.699999999999999,0.0
2025-05-24 20:00:00,14971.0,14708.461,16039.0,262.539,1068.0,0.017537,0.071338,20,5,Saturday,11.4,6.6,0.0
2025-05-24 21:00:00,14415.0,14091.269,15254.0,323.731,839.0,0.022458,0.058203,21,5,Saturday,10.6,7.4,0.0
2025-05-24 22:00:00,13627.0,13314.288,14278.0,312.712,651.0,0.022948,0.047773,22,5,Saturday,10.1,7.9,0.0
2025-05-24 23:00:00,13023.0,12805.204,13489.0,217.796,466.0,0.016724,0.035783,23,5,Saturday,9.4,8.6,0.0
2025-05-25 00:00:00,12573.0,12285.671,12983.0,287.329,410.0,0.022853,0.03261,0,5,Sunday,8.8,9.2,0.0
2025-05-25 01:00:00,12447.0,12126.81,12712.0,320.19,265.0,0.025724,0.02129,1,5,Sunday,8.5,9.5,0.0
2025-05-25 02:00:00,12186.0,11988.878,12593.0,197.122,407.0,0.016176,0.033399,2,5,Sunday,8.2,9.8,0.0
2025-05-25 03:00:00,12131.0,11946.938,12593.0,184.062,462.0,0.015173,0.038084,3,5,Sunday,8.1,9.9,0.0
2025-05-25 04:00:00,12277.0,11894.663,12669.0,382.337,392.0,0.031143,0.03193,4,5,Sunday,7.8,10.2,0.0
2025-05-25 05:00:00,12541.0,12049.307,13023.0,491.693,482.0,0.039207,0.038434,5,5,Sunday,7.5,10.5,0.0
2025-05-25 06:00:00,12967.0,12562.466,13554.0,404.534,587.0,0.031197,0.045269,6,5,Sunday,8.2,9.8,0.0
2025-05-25 07:00:00,13110.0,12961.229,14088.0,148.771,978.0,0.011348,0.0746,7,5,Sunday,9.5,8.5,0.0
2025-05-25 08:00:00,13276.0,13284.261,14337.0,8.261,1061.0,0.000622,0.079919,8,5,Sunday,12.3,5.699999999999999,0.0
2025-05-25 09:00:00,13244.0,13522.315,14483.0,278.315,1239.0,0.021014,0.093552,9,5,Sunday,14.3,3.6999999999999993,0.0
2025-05-25 10:00:00,13436.0,13645.988,14569.0,209.988,1133.0,0.015629,0.084326,10,5,Sunday,15.6,2.4000000000000004,0.0
2025-05-25 11:00:00,13610.0,13780.175,14616.0,170.175,1006.0,0.012504,0.073916,11,5,Sunday,16.2,1.8000000000000007,0.0
2025-05-25 12:00:00,13678.0,13429.819,14245.0,248.181,567.0,0.018145,0.041453,12,5,Sunday,14.9,3.0999999999999996,0.0
2025-05-25 13:00:00,13480.0,13526.032,14107.0,46.032,627.0,0.003415,0.046513,13,5,Sunday,13.0,5.0,0.0
2025-05-25 14:00:00,13617.0,13623.068,14095.0,6.068,478.0,0.000446,0.035103,14,5,Sunday,13.5,4.5,0.0
2025-05-25 15:00:00,14094.0,13946.51,14211.0,147.49,117.0,0.010465,0.008301,15,5,Sunday,15.0,3.0,0.0
2025-05-25 16:00:00,14804.0,14557.052,14707.0,246.948,97.0,0.016681,0.006552,16,5,Sunday,15.0,3.0,0.0
2025-05-25 17:00:00,14814.0,14713.051,14932.0,100.949,118.0,0.006814,0.007965,17,5,Sunday,14.9,3.0999999999999996,0.0
2025-05-25 18:00:00,15004.0,14713.051,14980.0,290.949,24.0,0.019391,0.0016,18,5,Sunday,14.5,3.5,0.0
2025-05-25 19:00:00,15097.0,14707.817,14926.0,389.183,171.0,0.025779,0.011327,19,5,Sunday,13.7,4.300000000000001,0.0
2025-05-25 20:00:00,15234.0,14702.492,14971.0,531.508,263.0,0.03489,0.017264,20,5,Sunday,12.3,5.699999999999999,0.0
2025-05-25 21:00:00,14589.0,14109.275,14415.0,479.725,174.0,0.032883,0.011927,21,5,Sunday,11.7,6.300000000000001,0.0
2025-05-25 22:00:00,13660.0,13258.108,13627.0,401.892,33.0,0.029421,0.002416,22,5,Sunday,10.8,7.199999999999999,0.0
2025-05-25 23:00:00,12891.0,12682.974,13023.0,208.026,132.0,0.016137,0.01024,23,5,Sunday,9.9,8.1,0.0
2025-05-26 00:00:00,12491.0,12782.31,12573.0,291.31,82.0,0.023322,0.006565,0,5,Monday,9.4,8.6,0.0
2025-05-26 01:00:00,12423.0,12523.965,12447.0,100.965,24.0,0.008127,0.001932,1,5,Monday,9.1,8.9,0.0
2025-05-26 02:00:00,12368.0,12405.517,12186.0,37.517,182.0,0.003033,0.014715,2,5,Monday,9.0,9.0,0.0
2025-05-26 03:00:00,12538.0,12385.424,12131.0,152.576,407.0,0.012169,0.032461,3,5,Monday,8.8,9.2,0.0
2025-05-26 04:00:00,13038.0,12521.352,12277.0,516.648,761.0,0.039626,0.058368,4,5,Monday,8.6,9.4,0.0
2025-05-26 05:00:00,14000.0,13407.502,12541.0,592.498,1459.0,0.042321,0.104214,5,5,Monday,8.6,9.4,0.0
2025-05-26 06:00:00,15042.0,14316.755,12967.0,725.245,2075.0,0.048215,0.137947,6,5,Monday,9.6,8.4,0.0
2025-05-26 07:00:00,15107.0,14530.734,13110.0,576.266,1997.0,0.038146,0.13219,7,5,Monday,11.2,6.800000000000001,0.0
2025-05-26 08:00:00,14688.0,14489.342,13276.0,198.658,1412.0,0.013525,0.096133,8,5,Monday,12.8,5.199999999999999,0.0
2025-05-26 09:00:00,14423.0,14458.179,13244.0,35.179,1179.0,0.002439,0.081744,9,5,Monday,14.7,3.3000000000000007,0.0
2025-05-26 10:00:00,14352.0,14541.863,13436.0,189.863,916.0,0.013229,0.063824,10,5,Monday,16.3,1.6999999999999993,0.0
2025-05-26 11:00:00,14437.0,14640.371,13610.0,203.371,827.0,0.014087,0.057283,11,5,Monday,17.0,1.0,0.0
2025-05-26 12:00:00,14610.0,14702.326,13678.0,92.326,932.0,0.006319,0.063792,12,5,Monday,17.5,0.5,0.0
2025-05-26 13:00:00,14811.0,14684.063,13480.0,126.937,1331.0,0.00857,0.089866,13,5,Monday,17.7,0.3000000000000007,0.0
2025-05-26 14:00:00,15068.0,14795.699,13617.0,272.301,1451.0,0.018071,0.096297,14,5,Monday,18.1,0.0,0.10000000000000142
2025-05-26 15:00:00,15684.0,15145.446,14094.0,538.554,1590.0,0.034338,0.101377,15,5,Monday,18.3,0.0,0.3000000000000007
2025-05-26 16:00:00,16074.0,15472.077,14804.0,601.923,1270.0,0.037447,0.07901,16,5,Monday,18.2,0.0,0.1999999999999993
2025-05-26 17:00:00,16182.0,15705.436,14814.0,476.564,1368.0,0.02945,0.084538,17,5,Monday,17.9,0.10000000000000142,0.0
2025-05-26 18:00:00,16213.0,15714.996,15004.0,498.004,1209.0,0.030716,0.07457,18,5,Monday,17.2,0.8000000000000007,0.0
2025-05-26 19:00:00,16252.0,15888.495,15097.0,363.505,1155.0,0.022367,0.071068,19,5,Monday,16.9,1.1000000000000014,0.0
2025-05-26 20:00:00,16154.0,15841.353,15234.0,312.647,920.0,0.019354,0.056952,20,5,Monday,15.8,2.1999999999999993,0.0
2025-05-26 21:00:00,15171.0,14869.911,14589.0,301.089,582.0,0.019846,0.038363,21,5,Monday,15.8,2.1999999999999993,0.0
2025-05-26 22:00:00,14099.0,13817.122,13660.0,281.878,439.0,0.019993,0.031137,22,5,Monday,15.1,2.9000000000000004,0.0
2025-05-26 23:00:00,13293.0,13135.146,12891.0,157.854,402.0,0.011875,0.030241,23,5,Monday,14.3,3.6999999999999993,0.0
2025-05-27 00:00:00,12671.0,12511.776,12491.0,159.224,180.0,0.012566,0.014206,0,5,Tuesday,13.1,4.9,0.0
2025-05-27 01:00:00,12450.0,12457.174,12423.0,7.174,27.0,0.000576,0.002169,1,5,Tuesday,12.2,5.800000000000001,0.0
2025-05-27 02:00:00,12287.0,12371.828,12368.0,84.828,81.0,0.006904,0.006592,2,5,Tuesday,11.6,6.4,0.0
2025-05-27 03:00:00,12411.0,12522.385,12538.0,111.385,127.0,0.008975,0.010233,3,5,Tuesday,11.2,6.800000000000001,0.0
2025-05-27 04:00:00,12572.0,12934.738,13038.0,362.738,466.0,0.028853,0.037066,4,5,Tuesday,10.3,7.699999999999999,0.0
2025-05-27 05:00:00,13239.0,13964.297,14000.0,725.297,761.0,0.054785,0.057482,5,5,Tuesday,10.5,7.5,0.0
2025-05-27 06:00:00,14310.0,14880.068,15042.0,570.068,732.0,0.039837,0.051153,6,5,Tuesday,11.3,6.699999999999999,0.0
2025-05-27 07:00:00,14585.0,14948.263,15107.0,363.263,522.0,0.024907,0.03579,7,5,Tuesday,13.1,4.9,0.0
2025-05-27 08:00:00,14593.0,14929.844,14688.0,336.844,95.0,0.023083,0.00651,8,5,Tuesday,16.0,2.0,0.0
2025-05-27 09:00:00,14816.0,14840.968,14423.0,24.968,393.0,0.001685,0.026525,9,5,Tuesday,17.5,0.5,0.0
2025-05-27 10:00:00,15095.0,14753.974,14352.0,341.026,743.0,0.022592,0.049222,10,5,Tuesday,17.4,0.6000000000000014,0.0
2025-05-27 11:00:00,15136.0,14813.068,14437.0,322.932,699.0,0.021335,0.046181,11,5,Tuesday,17.4,0.6000000000000014,0.0
2025-05-27 12:00:00,15368.0,15182.048,14610.0,185.952,758.0,0.0121,0.049323,12,5,Tuesday,18.5,0.0,0.5
2025-05-27 13:00:00,15350.0,15445.859,14811.0,95.859,539.0,0.006245,0.035114,13,5,Tuesday,19.4,0.0,1.3999999999999986
2025-05-27 14:00:00,15367.0,15503.409,15068.0,136.409,299.0,0.008877,0.019457,14,5,Tuesday,19.8,0.0,1.8000000000000007
2025-05-27 15:00:00,15850.0,15811.892,15684.0,38.108,166.0,0.002404,0.010473,15,5,Tuesday,19.7,0.0,1.6999999999999993
2025-05-27 16:00:00,16151.0,16169.013,16074.0,18.013,77.0,0.001115,0.004768,16,5,Tuesday,19.3,0.0,1.3000000000000007
2025-05-27 17:00:00,16198.0,15942.647,16182.0,255.353,16.0,0.015764,0.000988,17,5,Tuesday,18.5,0.0,0.5
2025-05-27 18:00:00,16319.0,15822.16,16213.0,496.84,106.0,0.030445,0.006495,18,5,Tuesday,17.7,0.3000000000000007,0.0
2025-05-27 19:00:00,16398.0,15807.134,16252.0,590.866,146.0,0.036033,0.008904,19,5,Tuesday,16.2,1.8000000000000007,0.0
2025-05-27 20:00:00,16263.0,15744.175,16154.0,518.825,109.0,0.031902,0.006702,20,5,Tuesday,15.9,2.0999999999999996,0.0
2025-05-27 21:00:00,15390.0,14857.245,15171.0,532.755,219.0,0.034617,0.01423,21,5,Tuesday,14.1,3.9000000000000004,0.0
2025-05-27 22:00:00,14236.0,14008.198,14099.0,227.802,137.0,0.016002,0.009623,22,5,Tuesday,13.0,5.0,0.0
2025-05-27 23:00:00,13171.0,13149.95,13293.0,21.05,122.0,0.001598,0.009263,23,5,Tuesday,12.2,5.800000000000001,0.0
2025-05-28 00:00:00,12769.0,12396.613,12671.0,372.387,98.0,0.029163,0.007675,0,5,Wednesday,11.5,6.5,0.0
2025-05-28 01:00:00,12290.0,12144.015,12450.0,145.985,160.0,0.011878,0.013019,1,5,Wednesday,11.0,7.0,0.0
2025-05-28 02:00:00,12001.0,12081.204,12287.0,80.204,286.0,0.006683,0.023831,2,5,Wednesday,10.7,7.300000000000001,0.0
2025-05-28 03:00:00,12084.0,12132.51,12411.0,48.51,327.0,0.004014,0.027061,3,5,Wednesday,10.7,7.300000000000001,0.0
2025-05-28 04:00:00,12566.0,12430.621,12572.0,135.379,6.0,0.010773,0.000477,4,5,Wednesday,10.8,7.199999999999999,0.0
2025-05-28 05:00:00,13461.0,13300.742,13239.0,160.258,222.0,0.011905,0.016492,5,5,Wednesday,10.9,7.1,0.0
2025-05-28 06:00:00,14628.0,14272.952,14310.0,355.048,318.0,0.024272,0.021739,6,5,Wednesday,11.7,6.300000000000001,0.0
2025-05-28 07:00:00,14925.0,14592.228,14585.0,332.772,340.0,0.022296,0.022781,7,5,Wednesday,12.7,5.300000000000001,0.0
2025-05-28 08:00:00,14784.0,14648.096,14593.0,135.904,191.0,0.009193,0.012919,8,5,Wednesday,13.9,4.1,0.0
2025-05-28 09:00:00,14834.0,14735.996,14816.0,98.004,18.0,0.006607,0.001213,9,5,Wednesday,14.0,4.0,0.0
2025-05-28 10:00:00,14893.0,14894.824,15095.0,1.824,202.0,0.000122,0.013563,10,5,Wednesday,14.8,3.1999999999999993,0.0
2025-05-28 11:00:00,15172.0,14925.414,15136.0,246.586,36.0,0.016253,0.002373,11,5,Wednesday,15.4,2.5999999999999996,0.0
2025-05-28 12:00:00,15481.0,15019.733,15368.0,461.267,113.0,0.029796,0.007299,12,5,Wednesday,14.3,3.6999999999999993,0.0
2025-05-28 13:00:00,15598.0,15027.255,15350.0,570.745,248.0,0.036591,0.015899,13,5,Wednesday,13.7,4.300000000000001,0.0
2025-05-28 14:00:00,15648.0,15046.985,15367.0,601.015,281.0,0.038408,0.017958,14,5,Wednesday,13.8,4.199999999999999,0.0
2025-05-28 15:00:00,16040.0,15530.659,15850.0,509.341,190.0,0.031754,0.011845,15,5,Wednesday,13.0,5.0,0.0
2025-05-28 16:00:00,16517.0,15896.613,16151.0,620.387,366.0,0.037561,0.022159,16,5,Wednesday,12.5,5.5,0.0
2025-05-28 17:00:00,16588.0,15949.96,16198.0,638.04,390.0,0.038464,0.023511,17,5,Wednesday,11.7,6.300000000000001,0.0
2025-05-28 18:00:00,16659.0,16050.637,16319.0,608.363,340.0,0.036519,0.020409,18,5,Wednesday,11.2,6.800000000000001,0.0
2025-05-28 19:00:00,16660.0,16096.631,16398.0,563.369,262.0,0.033816,0.015726,19,5,Wednesday,10.8,7.199999999999999,0.0
2025-05-28 20:00:00,16368.0,15988.763,16263.0,379.237,105.0,0.023169,0.006415,20,5,Wednesday,11.3,6.699999999999999,0.0
2025-05-28 21:00:00,15325.0,14972.396,15390.0,352.604,65.0,0.023008,0.004241,21,5,Wednesday,11.1,6.9,0.0
2025-05-28 22:00:00,14226.0,13954.457,14236.0,271.543,10.0,0.019088,0.000703,22,5,Wednesday,11.2,6.800000000000001,0.0
2025-05-28 23:00:00,13467.0,13007.49,13171.0,459.51,296.0,0.034121,0.02198,23,5,Wednesday,11.3,6.699999999999999,0.0
2025-05-29 00:00:00,12934.0,12482.95,12769.0,451.05,165.0,0.034873,0.012757,0,5,Thursday,11.2,6.800000000000001,0.0
2025-05-29 01:00:00,12731.0,12099.561,12290.0,631.439,441.0,0.049599,0.03464,1,5,Thursday,10.9,7.1,0.0
2025-05-29 02:00:00,12697.0,11933.758,12001.0,763.242,696.0,0.060112,0.054816,2,5,Thursday,11.0,7.0,0.0
2025-05-29 03:00:00,12647.0,11971.803,12084.0,675.197,563.0,0.053388,0.044516,3,5,Thursday,11.1,6.9,0.0
2025-05-29 04:00:00,12944.0,12435.754,12566.0,508.246,378.0,0.039265,0.029203,4,5,Thursday,11.2,6.800000000000001,0.0
2025-05-29 05:00:00,13909.0,13488.145,13461.0,420.855,448.0,0.030258,0.032209,5,5,Thursday,11.3,6.699999999999999,0.0
2025-05-29 06:00:00,15116.0,14442.571,14628.0,673.429,488.0,0.044551,0.032284,6,5,Thursday,11.7,6.300000000000001,0.0
2025-05-29 07:00:00,15463.0,14834.012,14925.0,628.988,538.0,0.040677,0.034793,7,5,Thursday,12.8,5.199999999999999,0.0
2025-05-29 08:00:00,15534.0,14727.828,14784.0,806.172,750.0,0.051897,0.048281,8,5,Thursday,14.0,4.0,0.0
2025-05-29 09:00:00,15732.0,14787.688,14834.0,944.312,898.0,0.060025,0.057081,9,5,Thursday,15.2,2.8000000000000007,0.0
2025-05-29 10:00:00,15777.0,14948.942,14893.0,828.058,884.0,0.052485,0.056031,10,5,Thursday,16.9,1.1000000000000014,0.0
2025-05-29 11:00:00,15583.0,15023.544,15172.0,559.456,411.0,0.035902,0.026375,11,5,Thursday,16.9,1.1000000000000014,0.0
2025-05-29 12:00:00,15687.0,15182.906,15481.0,504.094,206.0,0.032135,0.013132,12,5,Thursday,17.1,0.8999999999999986,0.0
2025-05-29 13:00:00,15582.0,15235.795,15598.0,346.205,16.0,0.022218,0.001027,13,5,Thursday,17.8,0.1999999999999993,0.0
2025-05-29 14:00:00,15518.0,15378.272,15648.0,139.728,130.0,0.009004,0.008377,14,5,Thursday,18.3,0.0,0.3000000000000007
2025-05-29 15:00:00,15763.0,15773.717,16040.0,10.717,277.0,0.00068,0.017573,15,5,Thursday,18.2,0.0,0.1999999999999993
2025-05-29 16:00:00,16174.0,16166.309,16517.0,7.691,343.0,0.000476,0.021207,16,5,Thursday,18.4,0.0,0.3999999999999986
2025-05-29 17:00:00,16176.0,16414.422,16588.0,238.422,412.0,0.014739,0.02547,17,5,Thursday,18.8,0.0,0.8000000000000007
2025-05-29 18:00:00,16296.0,16401.684,16659.0,105.684,363.0,0.006485,0.022275,18,5,Thursday,18.5,0.0,0.5
2025-05-29 19:00:00,16301.0,16260.156,16660.0,40.844,359.0,0.002506,0.022023,19,5,Thursday,17.5,0.5,0.0
2025-05-29 20:00:00,16199.0,15988.154,16368.0,210.846,169.0,0.013016,0.010433,20,5,Thursday,15.6,2.4000000000000004,0.0
2025-05-29 21:00:00,15351.0,15069.574,15325.0,281.426,26.0,0.018333,0.001694,21,5,Thursday,15.2,2.8000000000000007,0.0
2025-05-29 22:00:00,14150.0,13947.792,14226.0,202.208,76.0,0.01429,0.005371,22,5,Thursday,14.7,3.3000000000000007,0.0
2025-05-29 23:00:00,13185.0,13247.257,13467.0,62.257,282.0,0.004722,0.021388,23,5,Thursday,14.1,3.9000000000000004,0.0
2025-05-30 00:00:00,12694.0,12601.806,12934.0,92.194,240.0,0.007263,0.018907,0,5,Friday,13.6,4.4,0.0
2025-05-30 01:00:00,12339.0,12432.487,12731.0,93.487,392.0,0.007577,0.031769,1,5,Friday,13.0,5.0,0.0
2025-05-30 02:00:00,12313.0,12393.166,12697.0,80.166,384.0,0.006511,0.031187,2,5,Friday,12.7,5.300000000000001,0.0
2025-05-30 03:00:00,12134.0,12393.166,12647.0,259.166,513.0,0.021359,0.042278,3,5,Friday,12.5,5.5,0.0
2025-05-30 04:00:00,12606.0,12647.016,12944.0,41.016,338.0,0.003254,0.026813,4,5,Friday,12.4,5.6,0.0
2025-05-30 05:00:00,13603.0,13697.613,13909.0,94.613,306.0,0.006955,0.022495,5,5,Friday,12.6,5.4,0.0
2025-05-30 06:00:00,14779.0,14732.797,15116.0,46.203,337.0,0.003126,0.022803,6,5,Friday,13.4,4.6,0.0
2025-05-30 07:00:00,15237.0,15003.971,15463.0,233.029,226.0,0.015294,0.014832,7,5,Friday,14.4,3.5999999999999996,0.0
2025-05-30 08:00:00,15316.0,15071.867,15534.0,244.133,218.0,0.01594,0.014233,8,5,Friday,16.1,1.8999999999999986,0.0
2025-05-30 09:00:00,15329.0,15110.237,15732.0,218.763,403.0,0.014271,0.02629,9,5,Friday,16.7,1.3000000000000007,0.0
2025-05-30 10:00:00,15372.0,15282.36,15777.0,89.64,405.0,0.005831,0.026347,10,5,Friday,18.6,0.0,0.6000000000000014
2025-05-30 11:00:00,15323.0,15437.121,15583.0,114.121,260.0,0.007448,0.016968,11,5,Friday,20.0,0.0,2.0
2025-05-30 12:00:00,15380.0,15762.797,15687.0,382.797,307.0,0.024889,0.019961,12,5,Friday,21.5,0.0,3.5
2025-05-30 13:00:00,15228.0,15897.604,15582.0,669.604,354.0,0.043972,0.023247,13,5,Friday,22.5,0.0,4.5
2025-05-30 14:00:00,15302.0,16213.807,15518.0,911.807,216.0,0.059587,0.014116,14,5,Friday,23.0,0.0,5.0
2025-05-30 15:00:00,15784.0,16281.976,15763.0,497.976,21.0,0.031549,0.00133,15,5,Friday,23.1,0.0,5.100000000000001
2025-05-30 16:00:00,16455.0,16268.084,16174.0,186.916,281.0,0.011359,0.017077,16,5,Friday,22.0,0.0,4.0
2025-05-30 17:00:00,16227.0,16246.867,16176.0,19.867,51.0,0.001224,0.003143,17,5,Friday,21.3,0.0,3.3000000000000007
2025-05-30 18:00:00,16161.0,16100.679,16296.0,60.321,135.0,0.003733,0.008353,18,5,Friday,20.0,0.0,2.0
2025-05-30 19:00:00,15946.0,15987.707,16301.0,41.707,355.0,0.002616,0.022263,19,5,Friday,18.8,0.0,0.8000000000000007
2025-05-30 20:00:00,15776.0,15514.339,16199.0,261.661,423.0,0.016586,0.026813,20,5,Friday,17.1,0.8999999999999986,0.0
2025-05-30 21:00:00,14998.0,14856.688,15351.0,141.312,353.0,0.009422,0.023536,21,5,Friday,16.4,1.6000000000000014,0.0
2025-05-30 22:00:00,13998.0,13823.066,14150.0,174.934,152.0,0.012497,0.010859,22,5,Friday,15.4,2.5999999999999996,0.0
2025-05-30 23:00:00,13101.0,12893.035,13185.0,207.965,84.0,0.015874,0.006412,23,5,Friday,14.1,3.9000000000000004,0.0
2025-05-31 00:00:00,12378.0,12238.271,12694.0,139.729,316.0,0.011288,0.025529,0,5,Saturday,13.3,4.699999999999999,0.0
2025-05-31 01:00:00,11940.0,11800.762,12339.0,139.238,399.0,0.011661,0.033417,1,5,Saturday,12.4,5.6,0.0
2025-05-31 02:00:00,11654.0,11769.571,12313.0,115.571,659.0,0.009917,0.056547,2,5,Saturday,12.0,6.0,0.0
2025-05-31 03:00:00,11600.0,11701.429,12134.0,101.429,534.0,0.008744,0.046034,3,5,Saturday,11.1,6.9,0.0
2025-05-31 04:00:00,11676.0,11977.671,12606.0,301.671,930.0,0.025837,0.079651,4,5,Saturday,10.3,7.699999999999999,0.0
2025-05-31 05:00:00,12073.0,12397.128,13603.0,324.128,1530.0,0.026847,0.126729,5,5,Saturday,9.8,8.2,0.0
2025-05-31 06:00:00,12501.0,13084.679,14779.0,583.679,2278.0,0.046691,0.182225,6,5,Saturday,9.5,8.5,0.0
2025-05-31 07:00:00,13187.0,13446.417,15237.0,259.417,2050.0,0.019672,0.155456,7,5,Saturday,9.5,8.5,0.0
2025-05-31 08:00:00,13798.0,13674.426,15316.0,123.574,1518.0,0.008956,0.110016,8,5,Saturday,9.6,8.4,0.0
2025-05-31 09:00:00,14100.0,13831.578,15329.0,268.422,1229.0,0.019037,0.087163,9,5,Saturday,9.5,8.5,0.0
2025-05-31 10:00:00,13950.0,13848.002,15372.0,101.998,1422.0,0.007312,0.101935,10,5,Saturday,9.8,8.2,0.0
2025-05-31 11:00:00,13684.0,13772.187,15323.0,88.187,1639.0,0.006445,0.119775,11,5,Saturday,10.6,7.4,0.0
2025-05-31 12:00:00,13481.0,13644.25,15380.0,163.25,1899.0,0.01211,0.140865,12,5,Saturday,10.9,7.1,0.0
2025-05-31 13:00:00,13402.0,13738.159,15228.0,336.159,1826.0,0.025083,0.136248,13,5,Saturday,10.9,7.1,0.0
2025-05-31 14:00:00,13596.0,13775.226,15302.0,179.226,1706.0,0.013182,0.125478,14,5,Saturday,11.3,6.699999999999999,0.0
2025-05-31 15:00:00,13826.0,14209.177,15784.0,383.177,1958.0,0.027714,0.141617,15,5,Saturday,11.8,6.199999999999999,0.0
2025-05-31 16:00:00,14204.0,14704.31,16455.0,500.31,2251.0,0.035223,0.158476,16,5,Saturday,11.9,6.1,0.0
2025-05-31 17:00:00,14286.0,14732.326,16227.0,446.326,1941.0,0.031242,0.135867,17,5,Saturday,12.1,5.9,0.0
2025-05-31 18:00:00,14312.0,14705.514,16161.0,393.514,1849.0,0.027495,0.129192,18,5,Saturday,12.1,5.9,0.0
2025-05-31 19:00:00,14462.0,14592.078,15946.0,130.078,1484.0,0.008994,0.102614,19,5,Saturday,11.5,6.5,0.0
2025-05-31 20:00:00,14451.0,14371.747,15776.0,79.253,1325.0,0.005484,0.091689,20,5,Saturday,10.9,7.1,0.0
2025-05-31 21:00:00,13998.0,13961.475,14998.0,36.525,1000.0,0.002609,0.071439,21,5,Saturday,10.1,7.9,0.0
2025-05-31 22:00:00,13214.0,13200.656,13998.0,13.344,784.0,0.00101,0.059331,22,5,Saturday,9.5,8.5,0.0
2025-05-31 23:00:00,12566.0,12619.061,13101.0,53.061,535.0,0.004223,0.042575,23,5,Saturday,8.9,9.1,0.0
2025-06-01 00:00:00,12174.0,12020.645,12378.0,153.355,204.0,0.012597,0.016757,0,6,Sunday,8.3,9.7,0.0
2025-06-01 01:00:00,11932.0,11644.823,11940.0,287.177,8.0,0.024068,0.00067,1,6,Sunday,8.2,9.8,0.0
2025-06-01 02:00:00,11536.0,11387.104,11654.0,148.896,118.0,0.012907,0.010229,2,6,Sunday,7.9,10.1,0.0
2025-06-01 03:00:00,11577.0,11280.274,11600.0,296.726,23.0,0.025631,0.001987,3,6,Sunday,7.6,10.4,0.0
2025-06-01 04:00:00,11683.0,11387.086,11676.0,295.914,7.0,0.025329,0.000599,4,6,Sunday,7.2,10.8,0.0
2025-06-01 05:00:00,11703.0,11639.114,12073.0,63.886,370.0,0.005459,0.031616,5,6,Sunday,7.0,11.0,0.0
2025-06-01 06:00:00,12100.0,11904.396,12501.0,195.604,401.0,0.016166,0.03314,6,6,Sunday,7.9,10.1,0.0
2025-06-01 07:00:00,12588.0,12462.702,13187.0,125.298,599.0,0.009954,0.047585,7,6,Sunday,9.5,8.5,0.0
2025-06-01 08:00:00,12854.0,12819.966,13798.0,34.034,944.0,0.002648,0.07344,8,6,Sunday,11.8,6.199999999999999,0.0
2025-06-01 09:00:00,12838.0,13049.482,14100.0,211.482,1262.0,0.016473,0.098302,9,6,Sunday,13.3,4.699999999999999,0.0
2025-06-01 10:00:00,13006.0,13198.413,13950.0,192.413,944.0,0.014794,0.072582,10,6,Sunday,14.6,3.4000000000000004,0.0
2025-06-01 11:00:00,12999.0,13053.65,13684.0,54.65,685.0,0.004204,0.052696,11,6,Sunday,15.1,2.9000000000000004,0.0
2025-06-01 12:00:00,12829.0,13051.522,13481.0,222.522,652.0,0.017345,0.050822,12,6,Sunday,14.6,3.4000000000000004,0.0
2025-06-01 13:00:00,12982.0,13094.447,13402.0,112.447,420.0,0.008662,0.032352,13,6,Sunday,15.5,2.5,0.0
2025-06-01 14:00:00,13075.0,13264.928,13596.0,189.928,521.0,0.014526,0.039847,14,6,Sunday,15.5,2.5,0.0
2025-06-01 15:00:00,13600.0,13668.117,13826.0,68.117,226.0,0.005009,0.016618,15,6,Sunday,15.8,2.1999999999999993,0.0
2025-06-01 16:00:00,14168.0,14209.589,14204.0,41.589,36.0,0.002935,0.002541,16,6,Sunday,15.5,2.5,0.0
2025-06-01 17:00:00,14670.0,14322.756,14286.0,347.244,384.0,0.02367,0.026176,17,6,Sunday,13.8,4.199999999999999,0.0
2025-06-01 18:00:00,14929.0,14388.372,14312.0,540.628,617.0,0.036213,0.041329,18,6,Sunday,13.9,4.1,0.0
2025-06-01 19:00:00,15069.0,14484.646,14462.0,584.354,607.0,0.038779,0.040281,19,6,Sunday,14.0,4.0,0.0
2025-06-01 20:00:00,15134.0,14501.993,14451.0,632.007,683.0,0.041761,0.04513,20,6,Sunday,11.6,6.4,0.0
2025-06-01 21:00:00,14448.0,13945.077,13998.0,502.923,450.0,0.034809,0.031146,21,6,Sunday,11.3,6.699999999999999,0.0
2025-06-01 22:00:00,13622.0,13057.256,13214.0,564.744,408.0,0.041458,0.029952,22,6,Sunday,10.8,7.199999999999999,0.0
2025-06-01 23:00:00,12762.0,12455.707,12566.0,306.293,196.0,0.024,0.015358,23,6,Sunday,9.7,8.3,0.0
2025-06-02 00:00:00,12300.0,12527.27,12174.0,227.271,126.0,0.018477,0.010244,0,6,Monday,8.8,9.2,0.0
2025-06-02 01:00:00,12241.0,12165.146,11932.0,75.854,309.0,0.006197,0.025243,1,6,Monday,8.4,9.6,0.0
2025-06-02 02:00:00,12110.0,11829.702,11536.0,280.298,574.0,0.023146,0.047399,2,6,Monday,8.2,9.8,0.0
2025-06-02 03:00:00,12029.0,11939.606,11577.0,89.394,452.0,0.007432,0.037576,3,6,Monday,7.8,10.2,0.0
2025-06-02 04:00:00,12524.0,12261.499,11683.0,262.501,841.0,0.02096,0.067151,4,6,Monday,7.6,10.4,0.0
2025-06-02 05:00:00,13468.0,13266.165,11703.0,201.835,1765.0,0.014986,0.131051,5,6,Monday,7.4,10.6,0.0
2025-06-02 06:00:00,14483.0,14284.548,12100.0,198.452,2383.0,0.013702,0.164538,6,6,Monday,8.5,9.5,0.0
2025-06-02 07:00:00,14632.0,14720.019,12588.0,88.019,2044.0,0.006016,0.139694,7,6,Monday,10.8,7.199999999999999,0.0
2025-06-02 08:00:00,14446.0,14645.566,12854.0,199.566,1592.0,0.013815,0.110204,8,6,Monday,13.4,4.6,0.0
2025-06-02 09:00:00,14410.0,14577.626,12838.0,167.626,1572.0,0.011633,0.109091,9,6,Monday,15.8,2.1999999999999993,0.0
2025-06-02 10:00:00,14343.0,14829.038,13006.0,486.038,1337.0,0.033887,0.093216,10,6,Monday,17.5,0.5,0.0
2025-06-02 11:00:00,14355.0,14869.097,12999.0,514.097,1356.0,0.035813,0.094462,11,6,Monday,18.5,0.0,0.5
2025-06-02 12:00:00,14344.0,15062.364,12829.0,718.364,1515.0,0.050081,0.105619,12,6,Monday,20.0,0.0,2.0
2025-06-02 13:00:00,14251.0,15371.668,12982.0,1120.668,1269.0,0.078638,0.089046,13,6,Monday,21.1,0.0,3.1000000000000014
2025-06-02 14:00:00,14472.0,15532.004,13075.0,1060.004,1397.0,0.073245,0.096531,14,6,Monday,21.4,0.0,3.3999999999999986
2025-06-02 15:00:00,15091.0,15989.734,13600.0,898.734,1491.0,0.059554,0.098801,15,6,Monday,21.5,0.0,3.5
2025-06-02 16:00:00,15874.0,16396.646,14168.0,522.646,1706.0,0.032925,0.107471,16,6,Monday,21.7,0.0,3.6999999999999993
2025-06-02 17:00:00,16027.0,16771.627,14670.0,744.627,1357.0,0.046461,0.08467,17,6,Monday,21.6,0.0,3.6000000000000014
2025-06-02 18:00:00,16226.0,16869.668,14929.0,643.668,1297.0,0.039669,0.079933,18,6,Monday,21.3,0.0,3.3000000000000007
2025-06-02 19:00:00,16150.0,16744.117,15069.0,594.117,1081.0,0.036787,0.066935,19,6,Monday,20.7,0.0,2.6999999999999993
2025-06-02 20:00:00,15978.0,16427.06,15134.0,449.06,844.0,0.028105,0.052823,20,6,Monday,19.7,0.0,1.6999999999999993
2025-06-02 21:00:00,14904.0,15249.615,14448.0,345.615,456.0,0.023189,0.030596,21,6,Monday,17.5,0.5,0.0
2025-06-02 22:00:00,13712.0,14121.182,13622.0,409.182,90.0,0.029841,0.006564,22,6,Monday,16.9,1.1000000000000014,0.0
2025-06-02 23:00:00,12688.0,13163.784,12762.0,475.784,74.0,0.037499,0.005832,23,6,Monday,16.0,2.0,0.0
2025-06-03 00:00:00,12036.0,12488.513,12300.0,452.513,264.0,0.037597,0.021934,0,6,Tuesday,15.3,2.6999999999999993,0.0
2025-06-03 01:00:00,12118.0,12420.994,12241.0,302.994,123.0,0.025004,0.01015,1,6,Tuesday,14.5,3.5,0.0
2025-06-03 02:00:00,11768.0,12219.839,12110.0,451.839,342.0,0.038396,0.029062,2,6,Tuesday,13.8,4.199999999999999,0.0
2025-06-03 03:00:00,11886.0,12229.078,12029.0,343.078,143.0,0.028864,0.012031,3,6,Tuesday,13.6,4.4,0.0
2025-06-03 04:00:00,11985.0,12665.698,12524.0,680.698,539.0,0.056796,0.044973,4,6,Tuesday,12.9,5.1,0.0
2025-06-03 05:00:00,13053.0,13482.395,13468.0,429.395,415.0,0.032896,0.031793,5,6,Tuesday,12.5,5.5,0.0
2025-06-03 06:00:00,14170.0,14574.221,14483.0,404.221,313.0,0.028527,0.022089,6,6,Tuesday,14.1,3.9000000000000004,0.0
2025-06-03 07:00:00,14785.0,14855.73,14632.0,70.73,153.0,0.004784,0.010348,7,6,Tuesday,15.8,2.1999999999999993,0.0
2025-06-03 08:00:00,15012.0,14861.228,14446.0,150.772,566.0,0.010043,0.037703,8,6,Tuesday,17.6,0.3999999999999986,0.0
2025-06-03 09:00:00,15235.0,15052.934,14410.0,182.066,825.0,0.011951,0.054152,9,6,Tuesday,18.7,0.0,0.6999999999999993
2025-06-03 10:00:00,15232.0,15421.72,14343.0,189.72,889.0,0.012455,0.058364,10,6,Tuesday,20.3,0.0,2.3000000000000007
2025-06-03 11:00:00,15126.0,15723.01,14355.0,597.01,771.0,0.039469,0.050972,11,6,Tuesday,21.4,0.0,3.3999999999999986
2025-06-03 12:00:00,15123.0,15772.167,14344.0,649.167,779.0,0.042926,0.051511,12,6,Tuesday,21.9,0.0,3.8999999999999986
2025-06-03 13:00:00,15415.0,15833.679,14251.0,418.679,1164.0,0.02716,0.075511,13,6,Tuesday,22.6,0.0,4.600000000000001
2025-06-03 14:00:00,15688.0,16255.921,14472.0,567.921,1216.0,0.036201,0.077511,14,6,Tuesday,23.1,0.0,5.100000000000001
2025-06-03 15:00:00,16388.0,17136.574,15091.0,748.574,1297.0,0.045678,0.079143,15,6,Tuesday,23.5,0.0,5.5
2025-06-03 16:00:00,17222.0,17637.44,15874.0,415.44,1348.0,0.024123,0.078272,16,6,Tuesday,23.6,0.0,5.600000000000001
2025-06-03 17:00:00,17267.0,17793.97,16027.0,526.97,1240.0,0.030519,0.071813,17,6,Tuesday,23.7,0.0,5.699999999999999
2025-06-03 18:00:00,17205.0,17951.576,16226.0,746.576,979.0,0.043393,0.056902,18,6,Tuesday,23.5,0.0,5.5
2025-06-03 19:00:00,17088.0,17213.959,16150.0,125.959,938.0,0.007371,0.054892,19,6,Tuesday,21.7,0.0,3.6999999999999993
2025-06-03 20:00:00,16874.0,16868.73,15978.0,5.27,896.0,0.000312,0.053099,20,6,Tuesday,20.7,0.0,2.6999999999999993
2025-06-03 21:00:00,15667.0,15716.311,14904.0,49.311,763.0,0.003147,0.048701,21,6,Tuesday,19.3,0.0,1.3000000000000007
2025-06-03 22:00:00,14600.0,14162.784,13712.0,437.216,888.0,0.029946,0.060822,22,6,Tuesday,18.1,0.0,0.10000000000000142
2025-06-03 23:00:00,13610.0,13295.462,12688.0,314.538,922.0,0.023111,0.067744,23,6,Tuesday,17.7,0.3000000000000007,0.0
2025-06-04 00:00:00,12725.0,12774.642,12036.0,49.642,689.0,0.003901,0.054145,0,6,Wednesday,18.5,0.0,0.5
2025-06-04 01:00:00,12458.0,12830.153,12118.0,372.153,340.0,0.029873,0.027292,1,6,Wednesday,18.8,0.0,0.8000000000000007
2025-06-04 02:00:00,12255.0,12613.315,11768.0,358.315,487.0,0.029238,0.039739,2,6,Wednesday,18.6,0.0,0.6000000000000014
2025-06-04 03:00:00,12238.0,12535.49,11886.0,297.49,352.0,0.024309,0.028763,3,6,Wednesday,18.2,0.0,0.1999999999999993
2025-06-04 04:00:00,12602.0,12511.82,11985.0,90.18,617.0,0.007156,0.04896,4,6,Wednesday,17.9,0.10000000000000142,0.0
2025-06-04 05:00:00,13618.0,13401.305,13053.0,216.695,565.0,0.015912,0.041489,5,6,Wednesday,17.5,0.5,0.0
2025-06-04 06:00:00,14925.0,14599.403,14170.0,325.597,755.0,0.021816,0.050586,6,6,Wednesday,18.1,0.0,0.10000000000000142
2025-06-04 07:00:00,15769.0,15247.918,14785.0,521.082,984.0,0.033045,0.062401,7,6,Wednesday,19.3,0.0,1.3000000000000007
2025-06-04 08:00:00,16138.0,15959.199,15012.0,178.801,1126.0,0.01108,0.069773,8,6,Wednesday,22.0,0.0,4.0
2025-06-04 09:00:00,16663.0,16421.746,15235.0,241.254,1428.0,0.014478,0.085699,9,6,Wednesday,23.6,0.0,5.600000000000001
2025-06-04 10:00:00,17098.0,16508.03,15232.0,589.97,1866.0,0.034505,0.109136,10,6,Wednesday,24.6,0.0,6.600000000000001
2025-06-04 11:00:00,17525.0,16569.305,15126.0,955.695,2399.0,0.054533,0.13689,11,6,Wednesday,25.2,0.0,7.199999999999999
2025-06-04 12:00:00,17747.0,16943.398,15123.0,803.602,2624.0,0.045281,0.147856,12,6,Wednesday,25.9,0.0,7.899999999999999
2025-06-04 13:00:00,17974.0,17385.322,15415.0,588.678,2559.0,0.032752,0.142372,13,6,Wednesday,26.4,0.0,8.399999999999999
2025-06-04 14:00:00,18534.0,17855.256,15688.0,678.744,2846.0,0.036622,0.153556,14,6,Wednesday,26.8,0.0,8.8
2025-06-04 15:00:00,19183.0,18715.342,16388.0,467.658,2795.0,0.024379,0.145702,15,6,Wednesday,27.3,0.0,9.3
2025-06-04 16:00:00,19910.0,19469.049,17222.0,440.951,2688.0,0.022147,0.135008,16,6,Wednesday,27.7,0.0,9.7
2025-06-04 17:00:00,19772.0,19741.695,17267.0,30.305,2505.0,0.001533,0.126694,17,6,Wednesday,28.4,0.0,10.399999999999999
2025-06-04 18:00:00,19339.0,19550.795,17205.0,211.795,2134.0,0.010952,0.110347,18,6,Wednesday,28.0,0.0,10.0
2025-06-04 19:00:00,19009.0,19312.719,17088.0,303.719,1921.0,0.015978,0.101057,19,6,Wednesday,26.4,0.0,8.399999999999999
2025-06-04 20:00:00,18681.0,18542.41,16874.0,138.59,1807.0,0.007419,0.096729,20,6,Wednesday,24.3,0.0,6.300000000000001
2025-06-04 21:00:00,17435.0,17294.803,15667.0,140.197,1768.0,0.008041,0.101405,21,6,Wednesday,23.6,0.0,5.600000000000001
2025-06-04 22:00:00,16323.0,15604.944,14600.0,718.056,1723.0,0.04399,0.105557,22,6,Wednesday,21.9,0.0,3.8999999999999986
2025-06-04 23:00:00,15239.0,14183.48,13610.0,1055.521,1629.0,0.069264,0.106897,23,6,Wednesday,20.4,0.0,2.3999999999999986
2025-06-05 00:00:00,14468.0,13478.642,12725.0,989.358,1743.0,0.068382,0.120473,0,6,Thursday,19.4,0.0,1.3999999999999986
2025-06-05 01:00:00,13922.0,12722.689,12458.0,1199.311,1464.0,0.086145,0.105157,1,6,Thursday,18.0,0.0,0.0
2025-06-05 02:00:00,13479.0,12371.382,12255.0,1107.618,1224.0,0.082174,0.090808,2,6,Thursday,16.7,1.3000000000000007,0.0
2025-06-05 03:00:00,13334.0,12309.485,12238.0,1024.515,1096.0,0.076835,0.082196,3,6,Thursday,16.2,1.8000000000000007,0.0
2025-06-05 04:00:00,13614.0,12552.299,12602.0,1061.701,1012.0,0.077986,0.074335,4,6,Thursday,15.8,2.1999999999999993,0.0
2025-06-05 05:00:00,14209.0,13525.439,13618.0,683.561,591.0,0.048108,0.041593,5,6,Thursday,15.3,2.6999999999999993,0.0
2025-06-05 06:00:00,15462.0,14708.43,14925.0,753.57,537.0,0.048737,0.03473,6,6,Thursday,15.0,3.0,0.0
2025-06-05 07:00:00,16132.0,15267.458,15769.0,864.542,363.0,0.053592,0.022502,7,6,Thursday,14.9,3.0999999999999996,0.0
2025-06-05 08:00:00,16248.0,15406.733,16138.0,841.267,110.0,0.051777,0.00677,8,6,Thursday,16.5,1.5,0.0
2025-06-05 09:00:00,16428.0,15644.642,16663.0,783.358,235.0,0.047684,0.014305,9,6,Thursday,17.0,1.0,0.0
2025-06-05 10:00:00,16704.0,15963.72,17098.0,740.28,394.0,0.044318,0.023587,10,6,Thursday,18.1,0.0,0.10000000000000142
2025-06-05 11:00:00,16905.0,16260.981,17525.0,644.019,620.0,0.038096,0.036676,11,6,Thursday,19.1,0.0,1.1000000000000014
2025-06-05 12:00:00,16862.0,16771.084,17747.0,90.916,885.0,0.005392,0.052485,12,6,Thursday,20.5,0.0,2.5
2025-06-05 13:00:00,16901.0,17022.703,17974.0,121.703,1073.0,0.007201,0.063487,13,6,Thursday,21.3,0.0,3.3000000000000007
2025-06-05 14:00:00,16724.0,17395.418,18534.0,671.418,1810.0,0.040147,0.108228,14,6,Thursday,21.8,0.0,3.8000000000000007
2025-06-05 15:00:00,16955.0,17618.852,19183.0,663.852,2228.0,0.039154,0.131407,15,6,Thursday,20.5,0.0,2.5
2025-06-05 16:00:00,17385.0,18170.96,19910.0,785.96,2525.0,0.045209,0.14524,16,6,Thursday,20.6,0.0,2.6000000000000014
2025-06-05 17:00:00,17465.0,18217.996,19772.0,752.996,2307.0,0.043115,0.132093,17,6,Thursday,20.2,0.0,2.1999999999999993
2025-06-05 18:00:00,17414.0,18215.932,19339.0,801.932,1925.0,0.046051,0.110543,18,6,Thursday,20.3,0.0,2.3000000000000007
2025-06-05 19:00:00,17292.0,18068.545,19009.0,776.545,1717.0,0.044908,0.099294,19,6,Thursday,19.8,0.0,1.8000000000000007
2025-06-05 20:00:00,17226.0,17499.506,18681.0,273.506,1455.0,0.015878,0.084465,20,6,Thursday,19.0,0.0,1.0
2025-06-05 21:00:00,16090.0,16031.036,17435.0,58.964,1345.0,0.003665,0.083592,21,6,Thursday,18.2,0.0,0.1999999999999993
2025-06-05 22:00:00,14978.0,15253.222,16323.0,275.222,1345.0,0.018375,0.089798,22,6,Thursday,17.8,0.1999999999999993,0.0
2025-06-05 23:00:00,13993.0,14297.533,15239.0,304.533,1246.0,0.021763,0.089045,23,6,Thursday,17.1,0.8999999999999986,0.0
2025-06-06 00:00:00,13179.0,13607.708,14468.0,428.708,1289.0,0.03253,0.097807,0,6,Friday,16.3,1.6999999999999993,0.0
2025-06-06 01:00:00,12933.0,13112.021,13922.0,179.021,989.0,0.013842,0.076471,1,6,Friday,15.7,2.3000000000000007,0.0
2025-06-06 02:00:00,12670.0,12727.845,13479.0,57.845,809.0,0.004566,0.063852,2,6,Friday,15.9,2.0999999999999996,0.0
2025-06-06 03:00:00,12466.0,12606.679,13334.0,140.679,868.0,0.011285,0.069629,3,6,Friday,15.5,2.5,0.0
2025-06-06 04:00:00,12699.0,12908.696,13614.0,209.696,915.0,0.016513,0.072053,4,6,Friday,15.2,2.8000000000000007,0.0
2025-06-06 05:00:00,13632.0,13674.562,14209.0,42.562,577.0,0.003122,0.042327,5,6,Friday,14.9,3.0999999999999996,0.0
2025-06-06 06:00:00,14516.0,14730.675,15462.0,214.675,946.0,0.014789,0.065169,6,6,Friday,15.3,2.6999999999999993,0.0
2025-06-06 07:00:00,15167.0,15109.993,16132.0,57.007,965.0,0.003759,0.063625,7,6,Friday,16.7,1.3000000000000007,0.0
2025-06-06 08:00:00,15713.0,15591.633,16248.0,121.367,535.0,0.007724,0.034048,8,6,Friday,18.9,0.0,0.8999999999999986
2025-06-06 09:00:00,16184.0,15891.43,16428.0,292.57,244.0,0.018078,0.015077,9,6,Friday,20.4,0.0,2.3999999999999986
2025-06-06 10:00:00,16491.0,15986.297,16704.0,504.703,213.0,0.030605,0.012916,10,6,Friday,20.4,0.0,2.3999999999999986
2025-06-06 11:00:00,16744.0,15964.871,16905.0,779.129,161.0,0.046532,0.009615,11,6,Friday,20.4,0.0,2.3999999999999986
2025-06-06 12:00:00,16920.0,15925.184,16862.0,994.816,58.0,0.058795,0.003428,12,6,Friday,20.4,0.0,2.3999999999999986
2025-06-06 13:00:00,16755.0,16039.426,16901.0,715.574,146.0,0.042708,0.008714,13,6,Friday,21.0,0.0,3.0
2025-06-06 14:00:00,16953.0,16234.221,16724.0,718.779,229.0,0.042398,0.013508,14,6,Friday,21.7,0.0,3.6999999999999993
2025-06-06 15:00:00,17296.0,16390.549,16955.0,905.451,341.0,0.05235,0.019716,15,6,Friday,21.7,0.0,3.6999999999999993
2025-06-06 16:00:00,17743.0,16588.867,17385.0,1154.133,358.0,0.065047,0.020177,16,6,Friday,21.4,0.0,3.3999999999999986
2025-06-06 17:00:00,17678.0,16856.455,17465.0,821.545,213.0,0.046473,0.012049,17,6,Friday,21.3,0.0,3.3000000000000007
2025-06-06 18:00:00,17379.0,16555.412,17414.0,823.588,35.0,0.04739,0.002014,18,6,Friday,20.4,0.0,2.3999999999999986
2025-06-06 19:00:00,17291.0,16446.277,17292.0,844.723,1.0,0.048853,5.8e-05,19,6,Friday,19.2,0.0,1.1999999999999993
2025-06-06 20:00:00,17121.0,16453.893,17226.0,667.107,105.0,0.038964,0.006133,20,6,Friday,19.5,0.0,1.5
2025-06-06 21:00:00,16186.0,15613.581,16090.0,572.419,96.0,0.035365,0.005931,21,6,Friday,19.1,0.0,1.1000000000000014
2025-06-06 22:00:00,14965.0,14572.529,14978.0,392.471,13.0,0.026226,0.000869,22,6,Friday,18.0,0.0,0.0
2025-06-06 23:00:00,13986.0,13460.629,13993.0,525.371,7.0,0.037564,0.000501,23,6,Friday,16.4,1.6000000000000014,0.0
2025-06-07 00:00:00,13083.0,12326.455,13179.0,756.545,96.0,0.057827,0.007338,0,6,Saturday,16.0,2.0,0.0
2025-06-07 01:00:00,12686.0,12030.822,12933.0,655.178,247.0,0.051646,0.01947,1,6,Saturday,15.5,2.5,0.0
2025-06-07 02:00:00,12396.0,11866.72,12670.0,529.28,274.0,0.042698,0.022104,2,6,Saturday,15.9,2.0999999999999996,0.0
2025-06-07 03:00:00,12155.0,11818.267,12466.0,336.733,311.0,0.027703,0.025586,3,6,Saturday,16.1,1.8999999999999986,0.0
2025-06-07 04:00:00,12198.0,11748.967,12699.0,449.033,501.0,0.036812,0.041072,4,6,Saturday,15.9,2.0999999999999996,0.0
2025-06-07 05:00:00,12380.0,12019.504,13632.0,360.496,1252.0,0.029119,0.101131,5,6,Saturday,15.3,2.6999999999999993,0.0
2025-06-07 06:00:00,12941.0,12603.319,14516.0,337.681,1575.0,0.026094,0.121706,6,6,Saturday,15.7,2.3000000000000007,0.0
2025-06-07 07:00:00,13636.0,13022.501,15167.0,613.499,1531.0,0.044991,0.112276,7,6,Saturday,16.7,1.3000000000000007,0.0
2025-06-07 08:00:00,14239.0,13982.409,15713.0,256.591,1474.0,0.01802,0.103519,8,6,Saturday,19.2,0.0,1.1999999999999993
2025-06-07 09:00:00,14638.0,14539.378,16184.0,98.622,1546.0,0.006737,0.105616,9,6,Saturday,20.8,0.0,2.8000000000000007
2025-06-07 10:00:00,15021.0,15118.962,16491.0,97.962,1470.0,0.006522,0.097863,10,6,Saturday,22.2,0.0,4.199999999999999
2025-06-07 11:00:00,15484.0,15522.819,16744.0,38.819,1260.0,0.002507,0.081374,11,6,Saturday,23.7,0.0,5.699999999999999
2025-06-07 12:00:00,15455.0,15586.232,16920.0,131.232,1465.0,0.008491,0.094791,12,6,Saturday,23.5,0.0,5.5
2025-06-07 13:00:00,15611.0,15306.251,16755.0,304.749,1144.0,0.019521,0.073282,13,6,Saturday,22.8,0.0,4.800000000000001
2025-06-07 14:00:00,15982.0,15617.556,16953.0,364.444,971.0,0.022803,0.060756,14,6,Saturday,23.3,0.0,5.300000000000001
2025-06-07 15:00:00,16558.0,16509.217,17296.0,48.783,738.0,0.002946,0.044571,15,6,Saturday,23.7,0.0,5.699999999999999
2025-06-07 16:00:00,17181.0,16788.736,17743.0,392.264,562.0,0.022831,0.032711,16,6,Saturday,23.6,0.0,5.600000000000001
2025-06-07 17:00:00,17240.0,16655.941,17678.0,584.059,438.0,0.033878,0.025406,17,6,Saturday,22.8,0.0,4.800000000000001
2025-06-07 18:00:00,16919.0,16326.717,17379.0,592.283,460.0,0.035007,0.027188,18,6,Saturday,22.1,0.0,4.100000000000001
2025-06-07 19:00:00,16346.0,15902.715,17291.0,443.285,945.0,0.027119,0.057812,19,6,Saturday,20.9,0.0,2.8999999999999986
2025-06-07 20:00:00,16019.0,15334.602,17121.0,684.398,1102.0,0.042724,0.068793,20,6,Saturday,18.5,0.0,0.5
2025-06-07 21:00:00,15305.0,14529.939,16186.0,775.061,881.0,0.050641,0.057563,21,6,Saturday,17.5,0.5,0.0
2025-06-07 22:00:00,14084.0,13520.854,14965.0,563.146,881.0,0.039985,0.062553,22,6,Saturday,16.7,1.3000000000000007,0.0
2025-06-07 23:00:00,13161.0,13034.552,13986.0,126.448,825.0,0.009608,0.062685,23,6,Saturday,16.6,1.3999999999999986,0.0
2025-06-08 00:00:00,12465.0,12389.923,13083.0,75.077,618.0,0.006023,0.049579,0,6,Sunday,16.3,1.6999999999999993,0.0
2025-06-08 01:00:00,12004.0,12068.334,12686.0,64.334,682.0,0.005359,0.056814,1,6,Sunday,16.0,2.0,0.0
2025-06-08 02:00:00,11734.0,11673.545,12396.0,60.455,662.0,0.005152,0.056417,2,6,Sunday,15.8,2.1999999999999993,0.0
2025-06-08 03:00:00,11568.0,11486.02,12155.0,81.98,587.0,0.007087,0.050743,3,6,Sunday,15.1,2.9000000000000004,0.0
2025-06-08 04:00:00,11726.0,11423.638,12198.0,302.362,472.0,0.025786,0.040252,4,6,Sunday,14.4,3.5999999999999996,0.0
2025-06-08 05:00:00,11799.0,11464.312,12380.0,334.688,581.0,0.028366,0.049241,5,6,Sunday,14.1,3.9000000000000004,0.0
2025-06-08 06:00:00,12197.0,11773.016,12941.0,423.984,744.0,0.034761,0.060999,6,6,Sunday,14.4,3.5999999999999996,0.0
2025-06-08 07:00:00,12762.0,12339.221,13636.0,422.779,874.0,0.033128,0.068485,7,6,Sunday,15.1,2.9000000000000004,0.0
2025-06-08 08:00:00,13246.0,12854.269,14239.0,391.731,993.0,0.029574,0.074966,8,6,Sunday,16.0,2.0,0.0
2025-06-08 09:00:00,13750.0,13144.769,14638.0,605.231,888.0,0.044017,0.064582,9,6,Sunday,17.2,0.8000000000000007,0.0
2025-06-08 10:00:00,14066.0,13459.245,15021.0,606.755,955.0,0.043136,0.067894,10,6,Sunday,17.3,0.6999999999999993,0.0
2025-06-08 11:00:00,14324.0,13649.627,15484.0,674.373,1160.0,0.04708,0.080983,11,6,Sunday,17.2,0.8000000000000007,0.0
2025-06-08 12:00:00,14427.0,13631.639,15455.0,795.361,1028.0,0.05513,0.071255,12,6,Sunday,17.3,0.6999999999999993,0.0
2025-06-08 13:00:00,14602.0,13993.538,15611.0,608.462,1009.0,0.04167,0.0691,13,6,Sunday,17.6,0.3999999999999986,0.0
2025-06-08 14:00:00,14969.0,14516.081,15982.0,452.919,1013.0,0.030257,0.067673,14,6,Sunday,18.8,0.0,0.8000000000000007
2025-06-08 15:00:00,15566.0,15211.182,16558.0,354.818,992.0,0.022794,0.063729,15,6,Sunday,18.7,0.0,0.6999999999999993
2025-06-08 16:00:00,16272.0,15921.111,17181.0,350.889,909.0,0.021564,0.055863,16,6,Sunday,18.3,0.0,0.3000000000000007
2025-06-08 17:00:00,16628.0,16126.962,17240.0,501.038,612.0,0.030132,0.036805,17,6,Sunday,17.4,0.6000000000000014,0.0
2025-06-08 18:00:00,16559.0,15825.077,16919.0,733.923,360.0,0.044322,0.02174,18,6,Sunday,16.3,1.6999999999999993,0.0
2025-06-08 19:00:00,16335.0,15525.429,16346.0,809.571,11.0,0.049561,0.000673,19,6,Sunday,15.1,2.9000000000000004,0.0
2025-06-08 20:00:00,16179.0,15271.695,16019.0,907.305,160.0,0.056079,0.009889,20,6,Sunday,14.6,3.4000000000000004,0.0
2025-06-08 21:00:00,15270.0,14819.348,15305.0,450.652,35.0,0.029512,0.002292,21,6,Sunday,14.7,3.3000000000000007,0.0
2025-06-08 22:00:00,14231.0,13592.009,14084.0,638.991,147.0,0.044901,0.01033,22,6,Sunday,14.7,3.3000000000000007,0.0
2025-06-08 23:00:00,13386.0,12807.897,13161.0,578.103,225.0,0.043187,0.016809,23,6,Sunday,14.1,3.9000000000000004,0.0
2025-06-09 00:00:00,12714.0,12507.355,12465.0,206.645,249.0,0.016253,0.019585,0,6,Monday,13.8,4.199999999999999,0.0
2025-06-09 01:00:00,12384.0,12118.825,12004.0,265.175,380.0,0.021413,0.030685,1,6,Monday,13.3,4.699999999999999,0.0
2025-06-09 02:00:00,12285.0,11947.873,11734.0,337.127,551.0,0.027442,0.044851,2,6,Monday,13.1,4.9,0.0
2025-06-09 03:00:00,12491.0,11770.604,11568.0,720.396,923.0,0.057673,0.073893,3,6,Monday,12.9,5.1,0.0
2025-06-09 04:00:00,12888.0,12199.668,11726.0,688.332,1162.0,0.053409,0.090161,4,6,Monday,13.0,5.0,0.0
2025-06-09 05:00:00,13825.0,13047.764,11799.0,777.236,2026.0,0.05622,0.146546,5,6,Monday,12.9,5.1,0.0
2025-06-09 06:00:00,15122.0,14267.041,12197.0,854.959,2925.0,0.056537,0.193427,6,6,Monday,13.5,4.5,0.0
2025-06-09 07:00:00,15671.0,14700.659,12762.0,970.341,2909.0,0.06192,0.18563,7,6,Monday,14.5,3.5,0.0
2025-06-09 08:00:00,16052.0,14939.438,13246.0,1112.562,2806.0,0.06931,0.174807,8,6,Monday,15.4,2.5999999999999996,0.0
2025-06-09 09:00:00,16317.0,15145.998,13750.0,1171.002,2567.0,0.071766,0.157321,9,6,Monday,16.0,2.0,0.0
2025-06-09 10:00:00,16448.0,15241.332,14066.0,1206.668,2382.0,0.073363,0.14482,10,6,Monday,17.0,1.0,0.0
2025-06-09 11:00:00,16508.0,15253.117,14324.0,1254.883,2184.0,0.076017,0.132299,11,6,Monday,16.9,1.1000000000000014,0.0
2025-06-09 12:00:00,16475.0,15296.176,14427.0,1178.824,2048.0,0.071552,0.12431,12,6,Monday,17.3,0.6999999999999993,0.0
2025-06-09 13:00:00,16445.0,15325.539,14602.0,1119.461,1843.0,0.068073,0.112071,13,6,Monday,18.0,0.0,0.0
2025-06-09 14:00:00,16554.0,15752.92,14969.0,801.08,1585.0,0.048392,0.095747,14,6,Monday,18.9,0.0,0.8999999999999986
2025-06-09 15:00:00,17006.0,16178.632,15566.0,827.368,1440.0,0.048652,0.084676,15,6,Monday,19.1,0.0,1.1000000000000014
2025-06-09 16:00:00,17558.0,16955.455,16272.0,602.545,1286.0,0.034317,0.073243,16,6,Monday,19.4,0.0,1.3999999999999986
2025-06-09 17:00:00,17572.0,16866.781,16628.0,705.219,944.0,0.040133,0.053722,17,6,Monday,18.6,0.0,0.6000000000000014
2025-06-09 18:00:00,17286.0,16876.316,16559.0,409.684,727.0,0.0237,0.042057,18,6,Monday,17.9,0.10000000000000142,0.0
2025-06-09 19:00:00,17281.0,16728.98,16335.0,552.02,946.0,0.031944,0.054742,19,6,Monday,17.0,1.0,0.0
2025-06-09 20:00:00,16992.0,16526.861,16179.0,465.139,813.0,0.027374,0.047846,20,6,Monday,16.0,2.0,0.0
2025-06-09 21:00:00,16024.0,15425.897,15270.0,598.103,754.0,0.037325,0.047054,21,6,Monday,15.8,2.1999999999999993,0.0
2025-06-09 22:00:00,14725.0,14349.11,14231.0,375.89,494.0,0.025527,0.033548,22,6,Monday,15.7,2.3000000000000007,0.0
2025-06-09 23:00:00,13784.0,13558.291,13386.0,225.709,398.0,0.016375,0.028874,23,6,Monday,16.4,1.6000000000000014,0.0
2025-06-10 00:00:00,13387.0,12757.239,12714.0,629.761,673.0,0.047043,0.050273,0,6,Tuesday,16.3,1.6999999999999993,0.0
2025-06-10 01:00:00,12953.0,12310.471,12384.0,642.529,569.0,0.049605,0.043928,1,6,Tuesday,14.8,3.1999999999999993,0.0
2025-06-10 02:00:00,12714.0,12244.578,12285.0,469.422,429.0,0.036922,0.033742,2,6,Tuesday,14.9,3.0999999999999996,0.0
2025-06-10 03:00:00,12804.0,12314.264,12491.0,489.736,313.0,0.038249,0.024445,3,6,Tuesday,15.1,2.9000000000000004,0.0
2025-06-10 04:00:00,12635.0,12606.201,12888.0,28.799,253.0,0.002279,0.020024,4,6,Tuesday,14.8,3.1999999999999993,0.0
2025-06-10 05:00:00,13431.0,13527.875,13825.0,96.875,394.0,0.007213,0.029335,5,6,Tuesday,14.0,4.0,0.0
2025-06-10 06:00:00,14787.0,14748.006,15122.0,38.994,335.0,0.002637,0.022655,6,6,Tuesday,14.3,3.6999999999999993,0.0
2025-06-10 07:00:00,15271.0,15069.296,15671.0,201.704,400.0,0.013208,0.026193,7,6,Tuesday,15.2,2.8000000000000007,0.0
2025-06-10 08:00:00,15178.0,15401.386,16052.0,223.386,874.0,0.014718,0.057583,8,6,Tuesday,17.4,0.6000000000000014,0.0
2025-06-10 09:00:00,15422.0,15754.757,16317.0,332.757,895.0,0.021577,0.058034,9,6,Tuesday,18.8,0.0,0.8000000000000007
2025-06-10 10:00:00,15512.0,15881.584,16448.0,369.584,936.0,0.023826,0.06034,10,6,Tuesday,19.3,0.0,1.3000000000000007
2025-06-10 11:00:00,15501.0,15993.629,16508.0,492.629,1007.0,0.03178,0.064964,11,6,Tuesday,20.3,0.0,2.3000000000000007
2025-06-10 12:00:00,15698.0,16056.566,16475.0,358.566,777.0,0.022842,0.049497,12,6,Tuesday,20.7,0.0,2.6999999999999993
2025-06-10 13:00:00,15810.0,16497.28,16445.0,687.28,635.0,0.043471,0.040164,13,6,Tuesday,21.4,0.0,3.3999999999999986
2025-06-10 14:00:00,15984.0,16549.049,16554.0,565.049,570.0,0.035351,0.035661,14,6,Tuesday,21.1,0.0,3.1000000000000014
2025-06-10 15:00:00,16246.0,16982.875,17006.0,736.875,760.0,0.045357,0.046781,15,6,Tuesday,21.2,0.0,3.1999999999999993
2025-06-10 16:00:00,16707.0,17419.555,17558.0,712.555,851.0,0.04265,0.050937,16,6,Tuesday,21.2,0.0,3.1999999999999993
2025-06-10 17:00:00,16767.0,17156.86,17572.0,389.86,805.0,0.023252,0.048011,17,6,Tuesday,19.7,0.0,1.6999999999999993
2025-06-10 18:00:00,16939.0,16768.76,17286.0,170.24,347.0,0.01005,0.020485,18,6,Tuesday,18.6,0.0,0.6000000000000014
2025-06-10 19:00:00,16854.0,16642.043,17281.0,211.957,427.0,0.012576,0.025335,19,6,Tuesday,18.2,0.0,0.1999999999999993
2025-06-10 20:00:00,16658.0,16321.192,16992.0,336.808,334.0,0.020219,0.02005,20,6,Tuesday,17.5,0.5,0.0
2025-06-10 21:00:00,15829.0,15440.517,16024.0,388.483,195.0,0.024542,0.012319,21,6,Tuesday,16.8,1.1999999999999993,0.0
2025-06-10 22:00:00,14656.0,14513.402,14725.0,142.598,69.0,0.00973,0.004708,22,6,Tuesday,16.3,1.6999999999999993,0.0
2025-06-10 23:00:00,13729.0,13611.992,13784.0,117.008,55.0,0.008523,0.004006,23,6,Tuesday,16.0,2.0,0.0
2025-06-11 00:00:00,13103.0,12925.071,13387.0,177.929,284.0,0.013579,0.021674,0,6,Wednesday,15.6,2.4000000000000004,0.0
2025-06-11 01:00:00,12623.0,12421.887,12953.0,201.113,330.0,0.015932,0.026143,1,6,Wednesday,15.2,2.8000000000000007,0.0
2025-06-11 02:00:00,12496.0,12269.268,12714.0,226.732,218.0,0.018144,0.017446,2,6,Wednesday,14.8,3.1999999999999993,0.0
2025-06-11 03:00:00,12300.0,12285.199,12804.0,14.801,504.0,0.001203,0.040976,3,6,Wednesday,14.5,3.5,0.0
2025-06-11 04:00:00,12675.0,12384.142,12635.0,290.858,40.0,0.022947,0.003156,4,6,Wednesday,14.2,3.8000000000000007,0.0
2025-06-11 05:00:00,13635.0,13255.923,13431.0,379.077,204.0,0.027802,0.014961,5,6,Wednesday,14.0,4.0,0.0
2025-06-11 06:00:00,14720.0,14483.687,14787.0,236.313,67.0,0.016054,0.004552,6,6,Wednesday,14.7,3.3000000000000007,0.0
2025-06-11 07:00:00,15060.0,15002.325,15271.0,57.675,211.0,0.00383,0.014011,7,6,Wednesday,16.1,1.8999999999999986,0.0
2025-06-11 08:00:00,15089.0,15336.899,15178.0,247.899,89.0,0.016429,0.005898,8,6,Wednesday,18.5,0.0,0.5
2025-06-11 09:00:00,15256.0,15508.435,15422.0,252.435,166.0,0.016547,0.010881,9,6,Wednesday,19.5,0.0,1.5
2025-06-11 10:00:00,15427.0,15695.472,15512.0,268.472,85.0,0.017403,0.00551,10,6,Wednesday,20.7,0.0,2.6999999999999993
2025-06-11 11:00:00,15731.0,15727.992,15501.0,3.008,230.0,0.000191,0.014621,11,6,Wednesday,20.9,0.0,2.8999999999999986
2025-06-11 12:00:00,16097.0,16129.111,15698.0,32.111,399.0,0.001995,0.024787,12,6,Wednesday,22.2,0.0,4.199999999999999
2025-06-11 13:00:00,16366.0,16278.085,15810.0,87.915,556.0,0.005372,0.033973,13,6,Wednesday,22.6,0.0,4.600000000000001
2025-06-11 14:00:00,16903.0,16749.836,15984.0,153.164,919.0,0.009061,0.054369,14,6,Wednesday,23.5,0.0,5.5
2025-06-11 15:00:00,17686.0,17444.256,16246.0,241.744,1440.0,0.013669,0.08142,15,6,Wednesday,24.0,0.0,6.0
2025-06-11 16:00:00,18613.0,17733.867,16707.0,879.133,1906.0,0.047232,0.102402,16,6,Wednesday,23.9,0.0,5.899999999999999
2025-06-11 17:00:00,18825.0,18067.717,16767.0,757.283,2058.0,0.040228,0.109323,17,6,Wednesday,24.2,0.0,6.199999999999999
2025-06-11 18:00:00,18869.0,18414.88,16939.0,454.12,1930.0,0.024067,0.102284,18,6,Wednesday,24.4,0.0,6.399999999999999
2025-06-11 19:00:00,18748.0,18136.592,16854.0,611.408,1894.0,0.032612,0.101024,19,6,Wednesday,23.7,0.0,5.699999999999999
2025-06-11 20:00:00,18384.0,17848.318,16658.0,535.682,1726.0,0.029138,0.093886,20,6,Wednesday,23.4,0.0,5.399999999999999
2025-06-11 21:00:00,17263.0,17099.406,15829.0,163.594,1434.0,0.009477,0.083068,21,6,Wednesday,23.0,0.0,5.0
2025-06-11 22:00:00,16002.0,15881.401,14656.0,120.599,1346.0,0.007536,0.084114,22,6,Wednesday,22.9,0.0,4.899999999999999
2025-06-11 23:00:00,14709.0,14595.996,13729.0,113.004,980.0,0.007683,0.066626,23,6,Wednesday,21.7,0.0,3.6999999999999993
2025-06-12 00:00:00,14025.0,13755.028,13103.0,269.972,922.0,0.019249,0.06574,0,6,Thursday,19.9,0.0,1.8999999999999986
2025-06-12 01:00:00,13437.0,13211.334,12623.0,225.666,814.0,0.016794,0.060579,1,6,Thursday,19.0,0.0,1.0
2025-06-12 02:00:00,13110.0,12867.825,12496.0,242.175,614.0,0.018473,0.046834,2,6,Thursday,18.2,0.0,0.1999999999999993
2025-06-12 03:00:00,13060.0,12498.956,12300.0,561.044,760.0,0.042959,0.058193,3,6,Thursday,17.2,0.8000000000000007,0.0
2025-06-12 04:00:00,13124.0,12726.563,12675.0,397.437,449.0,0.030283,0.034212,4,6,Thursday,16.1,1.8999999999999986,0.0
2025-06-12 05:00:00,13869.0,13447.456,13635.0,421.544,234.0,0.030395,0.016872,5,6,Thursday,15.6,2.4000000000000004,0.0
2025-06-12 06:00:00,15121.0,14597.239,14720.0,523.761,401.0,0.034638,0.026519,6,6,Thursday,15.8,2.1999999999999993,0.0
2025-06-12 07:00:00,15611.0,15014.819,15060.0,596.181,551.0,0.03819,0.035296,7,6,Thursday,16.6,1.3999999999999986,0.0
2025-06-12 08:00:00,15527.0,15029.098,15089.0,497.902,438.0,0.032067,0.028209,8,6,Thursday,15.9,2.0999999999999996,0.0
2025-06-12 09:00:00,15497.0,15101.364,15256.0,395.636,241.0,0.02553,0.015551,9,6,Thursday,16.6,1.3999999999999986,0.0
2025-06-12 10:00:00,15720.0,15550.832,15427.0,169.168,293.0,0.010761,0.018639,10,6,Thursday,19.8,0.0,1.8000000000000007
2025-06-12 11:00:00,15856.0,16038.291,15731.0,182.291,125.0,0.011497,0.007883,11,6,Thursday,21.7,0.0,3.6999999999999993
2025-06-12 12:00:00,16023.0,16375.291,16097.0,352.291,74.0,0.021987,0.004618,12,6,Thursday,22.3,0.0,4.300000000000001
2025-06-12 13:00:00,16277.0,16782.635,16366.0,505.635,89.0,0.031064,0.005468,13,6,Thursday,22.7,0.0,4.699999999999999
2025-06-12 14:00:00,16452.0,17128.76,16903.0,676.76,451.0,0.041135,0.027413,14,6,Thursday,23.2,0.0,5.199999999999999
2025-06-12 15:00:00,17119.0,17899.496,17686.0,780.496,567.0,0.045592,0.033121,15,6,Thursday,23.5,0.0,5.5
2025-06-12 16:00:00,17782.0,18338.29,18613.0,556.29,831.0,0.031284,0.046733,16,6,Thursday,23.5,0.0,5.5
2025-06-12 17:00:00,17934.0,18532.88,18825.0,598.88,891.0,0.033394,0.049682,17,6,Thursday,23.4,0.0,5.399999999999999
2025-06-12 18:00:00,17929.0,18480.549,18869.0,551.549,940.0,0.030763,0.052429,18,6,Thursday,22.9,0.0,4.899999999999999
2025-06-12 19:00:00,17537.0,18236.375,18748.0,699.375,1211.0,0.03988,0.069054,19,6,Thursday,21.5,0.0,3.5
2025-06-12 20:00:00,17250.0,17592.684,18384.0,342.684,1134.0,0.019866,0.065739,20,6,Thursday,20.0,0.0,2.0
2025-06-12 21:00:00,16024.0,16357.222,17263.0,333.222,1239.0,0.020795,0.077322,21,6,Thursday,18.6,0.0,0.6000000000000014
2025-06-12 22:00:00,14965.0,15164.321,16002.0,199.321,1037.0,0.013319,0.069295,22,6,Thursday,17.3,0.6999999999999993,0.0
2025-06-12 23:00:00,13946.0,14221.133,14709.0,275.133,763.0,0.019728,0.054711,23,6,Thursday,16.5,1.5,0.0
2025-06-13 00:00:00,13315.0,13335.268,14025.0,20.268,710.0,0.001522,0.053323,0,6,Friday,15.7,2.3000000000000007,0.0
2025-06-13 01:00:00,12752.0,12777.51,13437.0,25.51,685.0,0.002,0.053717,1,6,Friday,14.9,3.0999999999999996,0.0
2025-06-13 02:00:00,12669.0,12480.764,13110.0,188.236,441.0,0.014858,0.034809,2,6,Friday,14.9,3.0999999999999996,0.0
2025-06-13 03:00:00,12652.0,12417.212,13060.0,234.788,408.0,0.018557,0.032248,3,6,Friday,14.9,3.0999999999999996,0.0
2025-06-13 04:00:00,12868.0,12489.603,13124.0,378.397,256.0,0.029406,0.019894,4,6,Friday,13.8,4.199999999999999,0.0
2025-06-13 05:00:00,13805.0,13415.93,13869.0,389.07,64.0,0.028183,0.004636,5,6,Friday,12.7,5.300000000000001,0.0
2025-06-13 06:00:00,14738.0,14574.136,15121.0,163.864,383.0,0.011118,0.025987,6,6,Friday,12.8,5.199999999999999,0.0
2025-06-13 07:00:00,15318.0,14860.889,15611.0,457.111,293.0,0.029841,0.019128,7,6,Friday,13.0,5.0,0.0
2025-06-13 08:00:00,15338.0,14926.354,15527.0,411.646,189.0,0.026838,0.012322,8,6,Friday,13.8,4.199999999999999,0.0
2025-06-13 09:00:00,15307.0,14957.988,15497.0,349.012,190.0,0.022801,0.012413,9,6,Friday,15.4,2.5999999999999996,0.0
2025-06-13 10:00:00,15312.0,15147.183,15720.0,164.817,408.0,0.010764,0.026646,10,6,Friday,16.2,1.8000000000000007,0.0
2025-06-13 11:00:00,15448.0,15297.423,15856.0,150.577,408.0,0.009747,0.026411,11,6,Friday,16.5,1.5,0.0
2025-06-13 12:00:00,15574.0,15375.854,16023.0,198.146,449.0,0.012723,0.02883,12,6,Friday,16.7,1.3000000000000007,0.0
2025-06-13 13:00:00,15712.0,15489.933,16277.0,222.067,565.0,0.014134,0.03596,13,6,Friday,17.4,0.6000000000000014,0.0
2025-06-13 14:00:00,15727.0,15639.895,16452.0,87.105,725.0,0.005539,0.046099,14,6,Friday,17.8,0.1999999999999993,0.0
2025-06-13 15:00:00,16126.0,15764.135,17119.0,361.865,993.0,0.02244,0.061578,15,6,Friday,17.4,0.6000000000000014,0.0
2025-06-13 16:00:00,16495.0,16264.849,17782.0,230.151,1287.0,0.013953,0.078024,16,6,Friday,16.1,1.8999999999999986,0.0
2025-06-13 17:00:00,16275.0,16369.545,17934.0,94.545,1659.0,0.005809,0.101935,17,6,Friday,15.0,3.0,0.0
2025-06-13 18:00:00,16189.0,16332.12,17929.0,143.12,1740.0,0.008841,0.10748,18,6,Friday,15.0,3.0,0.0
2025-06-13 19:00:00,15984.0,16104.178,17537.0,120.178,1553.0,0.007519,0.09716,19,6,Friday,15.0,3.0,0.0
2025-06-13 20:00:00,15944.0,16048.802,17250.0,104.802,1306.0,0.006573,0.081912,20,6,Friday,15.1,2.9000000000000004,0.0
2025-06-13 21:00:00,15199.0,15238.525,16024.0,39.525,825.0,0.002601,0.05428,21,6,Friday,14.3,3.6999999999999993,0.0
2025-06-13 22:00:00,14356.0,14328.918,14965.0,27.082,609.0,0.001886,0.042421,22,6,Friday,13.9,4.1,0.0
2025-06-13 23:00:00,13496.0,13565.87,13946.0,69.87,450.0,0.005177,0.033343,23,6,Friday,14.0,4.0,0.0
2025-06-14 00:00:00,12993.0,12550.083,13315.0,442.917,322.0,0.034089,0.024783,0,6,Saturday,13.8,4.199999999999999,0.0
2025-06-14 01:00:00,12613.0,12039.01,12752.0,573.99,139.0,0.045508,0.01102,1,6,Saturday,13.8,4.199999999999999,0.0
2025-06-14 02:00:00,12308.0,11895.416,12669.0,412.584,361.0,0.033522,0.029331,2,6,Saturday,14.2,3.8000000000000007,0.0
2025-06-14 03:00:00,12238.0,11761.212,12652.0,476.788,414.0,0.03896,0.033829,3,6,Saturday,14.6,3.4000000000000004,0.0
2025-06-14 04:00:00,12226.0,11740.355,12868.0,485.645,642.0,0.039722,0.052511,4,6,Saturday,14.1,3.9000000000000004,0.0
2025-06-14 05:00:00,12422.0,12118.122,13805.0,303.878,1383.0,0.024463,0.111335,5,6,Saturday,13.8,4.199999999999999,0.0
2025-06-14 06:00:00,12956.0,12726.022,14738.0,229.978,1782.0,0.017751,0.137542,6,6,Saturday,14.5,3.5,0.0
2025-06-14 07:00:00,13446.0,13176.84,15318.0,269.16,1872.0,0.020018,0.139224,7,6,Saturday,15.8,2.1999999999999993,0.0
2025-06-14 08:00:00,13797.0,13473.728,15338.0,323.272,1541.0,0.023431,0.111691,8,6,Saturday,16.9,1.1000000000000014,0.0
2025-06-14 09:00:00,13931.0,13722.008,15307.0,208.992,1376.0,0.015002,0.098773,9,6,Saturday,17.9,0.10000000000000142,0.0
2025-06-14 10:00:00,14103.0,13885.718,15312.0,217.282,1209.0,0.015407,0.085726,10,6,Saturday,18.9,0.0,0.8999999999999986
2025-06-14 11:00:00,14043.0,14279.473,15448.0,236.473,1405.0,0.016839,0.10005,11,6,Saturday,19.6,0.0,1.6000000000000014
2025-06-14 12:00:00,14209.0,14331.175,15574.0,122.175,1365.0,0.008598,0.096066,12,6,Saturday,19.8,0.0,1.8000000000000007
2025-06-14 13:00:00,14390.0,14390.643,15712.0,0.643,1322.0,4.5e-05,0.091869,13,6,Saturday,19.2,0.0,1.1999999999999993
2025-06-14 14:00:00,14599.0,14525.411,15727.0,73.589,1128.0,0.005041,0.077266,14,6,Saturday,19.3,0.0,1.3000000000000007
2025-06-14 15:00:00,15054.0,14962.722,16126.0,91.278,1072.0,0.006063,0.07121,15,6,Saturday,20.1,0.0,2.1000000000000014
2025-06-14 16:00:00,15669.0,15424.123,16495.0,244.877,826.0,0.015628,0.052716,16,6,Saturday,19.7,0.0,1.6999999999999993
2025-06-14 17:00:00,16110.0,15348.835,16275.0,761.165,165.0,0.047248,0.010242,17,6,Saturday,18.8,0.0,0.8000000000000007
2025-06-14 18:00:00,16122.0,15195.464,16189.0,926.536,67.0,0.05747,0.004156,18,6,Saturday,18.4,0.0,0.3999999999999986
2025-06-14 19:00:00,15791.0,15053.359,15984.0,737.641,193.0,0.046713,0.012222,19,6,Saturday,17.9,0.10000000000000142,0.0
2025-06-14 20:00:00,15591.0,15022.909,15944.0,568.091,353.0,0.036437,0.022641,20,6,Saturday,18.2,0.0,0.1999999999999993
2025-06-14 21:00:00,14985.0,14457.633,15199.0,527.367,214.0,0.035193,0.014281,21,6,Saturday,17.8,0.1999999999999993,0.0
2025-06-14 22:00:00,14126.0,13597.496,14356.0,528.504,230.0,0.037414,0.016282,22,6,Saturday,17.3,0.6999999999999993,0.0
2025-06-14 23:00:00,13366.0,12933.074,13496.0,432.926,130.0,0.03239,0.009726,23,6,Saturday,17.0,1.0,0.0
2025-06-15 00:00:00,12746.0,12514.906,12993.0,231.094,247.0,0.018131,0.019379,0,6,Sunday,16.4,1.6000000000000014,0.0
2025-06-15 01:00:00,12176.0,12063.005,12613.0,112.995,437.0,0.00928,0.03589,1,6,Sunday,16.0,2.0,0.0
2025-06-15 02:00:00,11970.0,11672.7,12308.0,297.3,338.0,0.024837,0.028237,2,6,Sunday,15.9,2.0999999999999996,0.0
2025-06-15 03:00:00,11939.0,11618.139,12238.0,320.861,299.0,0.026875,0.025044,3,6,Sunday,15.9,2.0999999999999996,0.0
2025-06-15 04:00:00,11960.0,11564.995,12226.0,395.005,266.0,0.033027,0.022241,4,6,Sunday,15.7,2.3000000000000007,0.0
2025-06-15 05:00:00,12074.0,11650.003,12422.0,423.997,348.0,0.035117,0.028822,5,6,Sunday,15.6,2.4000000000000004,0.0
2025-06-15 06:00:00,12452.0,12101.54,12956.0,350.46,504.0,0.028145,0.040475,6,6,Sunday,16.5,1.5,0.0
2025-06-15 07:00:00,13020.0,12821.878,13446.0,198.122,426.0,0.015217,0.032719,7,6,Sunday,18.3,0.0,0.3000000000000007
2025-06-15 08:00:00,13435.0,13262.062,13797.0,172.938,362.0,0.012872,0.026945,8,6,Sunday,19.7,0.0,1.6999999999999993
2025-06-15 09:00:00,13967.0,13691.92,13931.0,275.08,36.0,0.019695,0.002578,9,6,Sunday,20.8,0.0,2.8000000000000007
2025-06-15 10:00:00,14320.0,14108.78,14103.0,211.22,217.0,0.01475,0.015154,10,6,Sunday,21.2,0.0,3.1999999999999993
2025-06-15 11:00:00,14620.0,14045.468,14043.0,574.532,577.0,0.039298,0.039466,11,6,Sunday,21.7,0.0,3.6999999999999993
2025-06-15 12:00:00,14924.0,14240.347,14209.0,683.653,715.0,0.045809,0.047909,12,6,Sunday,22.2,0.0,4.199999999999999
2025-06-15 13:00:00,15152.0,14684.702,14390.0,467.298,762.0,0.030841,0.05029,13,6,Sunday,22.5,0.0,4.5
2025-06-15 14:00:00,15554.0,14967.698,14599.0,586.302,955.0,0.037695,0.061399,14,6,Sunday,22.5,0.0,4.5
2025-06-15 15:00:00,16067.0,15550.98,15054.0,516.021,1013.0,0.032117,0.063048,15,6,Sunday,22.4,0.0,4.399999999999999
2025-06-15 16:00:00,16684.0,16187.173,15669.0,496.827,1015.0,0.029779,0.060837,16,6,Sunday,22.1,0.0,4.100000000000001
2025-06-15 17:00:00,17073.0,16482.693,16110.0,590.307,963.0,0.034575,0.056405,17,6,Sunday,21.7,0.0,3.6999999999999993
2025-06-15 18:00:00,17214.0,16497.44,16122.0,716.56,1092.0,0.041627,0.063437,18,6,Sunday,21.3,0.0,3.3000000000000007
2025-06-15 19:00:00,17115.0,16290.199,15791.0,824.801,1324.0,0.048192,0.077359,19,6,Sunday,20.6,0.0,2.6000000000000014
2025-06-15 20:00:00,16751.0,16047.206,15591.0,703.794,1160.0,0.042015,0.06925,20,6,Sunday,20.2,0.0,2.1999999999999993
2025-06-15 21:00:00,16061.0,15330.525,14985.0,730.475,1076.0,0.045481,0.066995,21,6,Sunday,19.4,0.0,1.3999999999999986
2025-06-15 22:00:00,15049.0,14088.432,14126.0,960.568,923.0,0.063829,0.061333,22,6,Sunday,18.5,0.0,0.5
2025-06-15 23:00:00,14004.0,13254.751,13366.0,749.249,638.0,0.053502,0.045558,23,6,Sunday,17.8,0.1999999999999993,0.0
2025-06-16 00:00:00,13392.0,13216.822,12746.0,175.178,646.0,0.013081,0.048238,0,6,Monday,17.5,0.5,0.0
2025-06-16 01:00:00,12983.0,12663.614,12176.0,319.386,807.0,0.0246,0.062158,1,6,Monday,17.2,0.8000000000000007,0.0
2025-06-16 02:00:00,12653.0,12370.4,11970.0,282.6,683.0,0.022335,0.053979,2,6,Monday,17.0,1.0,0.0
2025-06-16 03:00:00,12652.0,12202.892,11939.0,449.108,713.0,0.035497,0.056355,3,6,Monday,16.6,1.3999999999999986,0.0
2025-06-16 04:00:00,12956.0,12372.883,11960.0,583.117,996.0,0.045007,0.076876,4,6,Monday,16.4,1.6000000000000014,0.0
2025-06-16 05:00:00,13758.0,13276.72,12074.0,481.28,1684.0,0.034982,0.122402,5,6,Monday,16.3,1.6999999999999993,0.0
2025-06-16 06:00:00,14987.0,14453.581,12452.0,533.419,2535.0,0.035592,0.169147,6,6,Monday,16.9,1.1000000000000014,0.0
2025-06-16 07:00:00,15645.0,15135.4,13020.0,509.6,2625.0,0.032573,0.167785,7,6,Monday,18.0,0.0,0.0
2025-06-16 08:00:00,15990.0,15531.717,13435.0,458.283,2555.0,0.028661,0.159787,8,6,Monday,19.3,0.0,1.3000000000000007
2025-06-16 09:00:00,16392.0,16098.151,13967.0,293.849,2425.0,0.017926,0.147938,9,6,Monday,20.9,0.0,2.8999999999999986
2025-06-16 10:00:00,16820.0,16237.94,14320.0,582.06,2500.0,0.034605,0.148633,10,6,Monday,21.3,0.0,3.3000000000000007
2025-06-16 11:00:00,17307.0,16480.42,14620.0,826.58,2687.0,0.04776,0.155255,11,6,Monday,22.3,0.0,4.300000000000001
2025-06-16 12:00:00,18389.0,16810.936,14924.0,1578.064,3465.0,0.085816,0.188428,12,6,Monday,22.6,0.0,4.600000000000001
2025-06-16 13:00:00,18344.0,17003.016,15152.0,1340.984,3192.0,0.073102,0.174008,13,6,Monday,23.0,0.0,5.0
2025-06-16 14:00:00,18692.0,17605.055,15554.0,1086.945,3138.0,0.05815,0.167879,14,6,Monday,24.3,0.0,6.300000000000001
2025-06-16 15:00:00,19382.0,18359.781,16067.0,1022.219,3315.0,0.052741,0.171035,15,6,Monday,24.7,0.0,6.699999999999999
2025-06-16 16:00:00,20003.0,18227.598,16684.0,1775.402,3319.0,0.088757,0.165925,16,6,Monday,23.2,0.0,5.199999999999999
2025-06-16 17:00:00,20065.0,18121.36,17073.0,1943.64,2992.0,0.096867,0.149115,17,6,Monday,21.9,0.0,3.8999999999999986
2025-06-16 18:00:00,19992.0,17898.008,17214.0,2093.992,2778.0,0.104741,0.138956,18,6,Monday,20.9,0.0,2.8999999999999986
2025-06-16 19:00:00,19635.0,17684.318,17115.0,1950.682,2520.0,0.099347,0.128342,19,6,Monday,19.6,0.0,1.6000000000000014
2025-06-16 20:00:00,19200.0,17221.717,16751.0,1978.283,2449.0,0.103036,0.127552,20,6,Monday,18.6,0.0,0.6000000000000014
2025-06-16 21:00:00,17449.0,16229.809,16061.0,1219.191,1388.0,0.069872,0.079546,21,6,Monday,18.2,0.0,0.1999999999999993
2025-06-16 22:00:00,16090.0,15202.261,15049.0,887.739,1041.0,0.055173,0.064699,22,6,Monday,18.5,0.0,0.5
2025-06-16 23:00:00,15024.0,14339.836,14004.0,684.164,1020.0,0.045538,0.067891,23,6,Monday,18.5,0.0,0.5
2025-06-17 00:00:00,14329.0,13625.907,13392.0,703.093,937.0,0.049068,0.065392,0,6,Tuesday,18.5,0.0,0.5
2025-06-17 01:00:00,13825.0,13232.175,12983.0,592.825,842.0,0.042881,0.060904,1,6,Tuesday,18.1,0.0,0.10000000000000142
2025-06-17 02:00:00,13466.0,12931.476,12653.0,534.524,813.0,0.039694,0.060374,2,6,Tuesday,17.2,0.8000000000000007,0.0
2025-06-17 03:00:00,13507.0,12653.366,12652.0,853.634,855.0,0.063199,0.063301,3,6,Tuesday,15.7,2.3000000000000007,0.0
2025-06-17 04:00:00,13521.0,12713.832,12956.0,807.168,565.0,0.059697,0.041787,4,6,Tuesday,14.9,3.0999999999999996,0.0
2025-06-17 05:00:00,14452.0,13486.569,13758.0,965.431,694.0,0.066803,0.048021,5,6,Tuesday,14.5,3.5,0.0
2025-06-17 06:00:00,15865.0,14778.889,14987.0,1086.111,878.0,0.06846,0.055342,6,6,Tuesday,15.1,2.9000000000000004,0.0
2025-06-17 07:00:00,16663.0,15143.558,15645.0,1519.442,1018.0,0.091187,0.061093,7,6,Tuesday,16.5,1.5,0.0
2025-06-17 08:00:00,17120.0,15298.745,15990.0,1821.255,1130.0,0.106382,0.066005,8,6,Tuesday,17.8,0.1999999999999993,0.0
2025-06-17 09:00:00,17415.0,15897.726,16392.0,1517.274,1023.0,0.087125,0.058742,9,6,Tuesday,19.4,0.0,1.3999999999999986
2025-06-17 10:00:00,17872.0,16058.377,16820.0,1813.623,1052.0,0.101478,0.058863,10,6,Tuesday,20.0,0.0,2.0
2025-06-17 11:00:00,18308.0,16577.146,17307.0,1730.854,1001.0,0.094541,0.054676,11,6,Tuesday,20.8,0.0,2.8000000000000007
2025-06-17 12:00:00,18672.0,17853.006,18389.0,818.994,283.0,0.043862,0.015156,12,6,Tuesday,22.7,0.0,4.699999999999999
2025-06-17 13:00:00,19031.0,18204.379,18344.0,826.621,687.0,0.043435,0.036099,13,6,Tuesday,23.5,0.0,5.5
2025-06-17 14:00:00,19325.0,18619.57,18692.0,705.43,633.0,0.036503,0.032755,14,6,Tuesday,24.2,0.0,6.199999999999999
2025-06-17 15:00:00,20237.0,18911.186,19382.0,1325.814,855.0,0.065514,0.042249,15,6,Tuesday,24.0,0.0,6.0
2025-06-17 16:00:00,20768.0,19007.23,20003.0,1760.77,765.0,0.084783,0.036836,16,6,Tuesday,23.0,0.0,5.0
2025-06-17 17:00:00,20833.0,18824.492,20065.0,2008.508,768.0,0.09641,0.036865,17,6,Tuesday,21.8,0.0,3.8000000000000007
2025-06-17 18:00:00,20822.0,18814.318,19992.0,2007.682,830.0,0.096421,0.039862,18,6,Tuesday,21.3,0.0,3.3000000000000007
2025-06-17 19:00:00,20507.0,18698.896,19635.0,1808.104,872.0,0.08817,0.042522,19,6,Tuesday,20.6,0.0,2.6000000000000014
2025-06-17 20:00:00,19845.0,17747.771,19200.0,2097.229,645.0,0.10568,0.032502,20,6,Tuesday,18.6,0.0,0.6000000000000014
2025-06-17 21:00:00,18638.0,16543.434,17449.0,2094.566,1189.0,0.112381,0.063794,21,6,Tuesday,18.8,0.0,0.8000000000000007
2025-06-17 22:00:00,17264.0,15845.365,16090.0,1418.635,1174.0,0.082173,0.068003,22,6,Tuesday,19.4,0.0,1.3999999999999986
2025-06-17 23:00:00,16122.0,15058.681,15024.0,1063.319,1098.0,0.065955,0.068106,23,6,Tuesday,19.9,0.0,1.8999999999999986
2025-06-18 00:00:00,15381.0,14723.98,14329.0,657.02,1052.0,0.042716,0.068396,0,6,Wednesday,20.7,0.0,2.6999999999999993
2025-06-18 01:00:00,14847.0,14159.048,13825.0,687.952,1022.0,0.046336,0.068835,1,6,Wednesday,20.5,0.0,2.5
2025-06-18 02:00:00,14474.0,13945.424,13466.0,528.576,1008.0,0.036519,0.069642,2,6,Wednesday,20.4,0.0,2.3999999999999986
2025-06-18 03:00:00,14432.0,13960.11,13507.0,471.89,925.0,0.032697,0.064094,3,6,Wednesday,20.3,0.0,2.3000000000000007
2025-06-18 04:00:00,14829.0,13894.534,13521.0,934.466,1308.0,0.063016,0.088206,4,6,Wednesday,19.6,0.0,1.6000000000000014
2025-06-18 05:00:00,15963.0,14592.124,14452.0,1370.876,1511.0,0.085878,0.094656,5,6,Wednesday,19.3,0.0,1.3000000000000007
2025-06-18 06:00:00,17500.0,15975.32,15865.0,1524.68,1635.0,0.087125,0.093429,6,6,Wednesday,20.1,0.0,2.1000000000000014
2025-06-18 07:00:00,18436.0,16709.781,16663.0,1726.219,1773.0,0.093633,0.096171,7,6,Wednesday,21.4,0.0,3.3999999999999986
2025-06-18 08:00:00,18779.0,16599.158,17120.0,2179.842,1659.0,0.116079,0.088343,8,6,Wednesday,20.7,0.0,2.6999999999999993
2025-06-18 09:00:00,19375.0,18006.77,17415.0,1368.23,1960.0,0.070618,0.101161,9,6,Wednesday,23.5,0.0,5.5
2025-06-18 10:00:00,19865.0,19432.924,17872.0,432.076,1993.0,0.021751,0.100327,10,6,Wednesday,26.6,0.0,8.600000000000001
2025-06-18 11:00:00,20130.0,18210.346,18308.0,1919.654,1822.0,0.095363,0.090512,11,6,Wednesday,23.6,0.0,5.600000000000001
2025-06-18 12:00:00,20528.0,17677.049,18672.0,2850.951,1856.0,0.138881,0.090413,12,6,Wednesday,22.4,0.0,4.399999999999999
2025-06-18 13:00:00,20122.0,19869.516,19031.0,252.484,1091.0,0.012548,0.054219,13,6,Wednesday,26.8,0.0,8.8
2025-06-18 14:00:00,20317.0,20328.635,19325.0,11.635,992.0,0.000573,0.048826,14,6,Wednesday,27.7,0.0,9.7
2025-06-18 15:00:00,20345.0,18147.605,20237.0,2197.395,108.0,0.108007,0.005308,15,6,Wednesday,22.2,0.0,4.199999999999999
2025-06-18 16:00:00,20296.0,20124.004,20768.0,171.996,472.0,0.008474,0.023256,16,6,Wednesday,24.7,0.0,6.699999999999999
2025-06-18 17:00:00,20243.0,20265.672,20833.0,22.672,590.0,0.00112,0.029146,17,6,Wednesday,24.7,0.0,6.699999999999999
2025-06-18 18:00:00,20227.0,19354.611,20822.0,872.389,595.0,0.04313,0.029416,18,6,Wednesday,22.8,0.0,4.800000000000001
2025-06-18 19:00:00,19972.0,19040.627,20507.0,931.373,535.0,0.046634,0.026788,19,6,Wednesday,21.4,0.0,3.3999999999999986
2025-06-18 20:00:00,20000.0,18794.236,19845.0,1205.764,155.0,0.060288,0.00775,20,6,Wednesday,20.5,0.0,2.5
2025-06-18 21:00:00,18597.0,17529.826,18638.0,1067.174,41.0,0.057384,0.002205,21,6,Wednesday,19.8,0.0,1.8000000000000007
2025-06-18 22:00:00,17243.0,16440.879,17264.0,802.121,21.0,0.046519,0.001218,22,6,Wednesday,19.9,0.0,1.8999999999999986
2025-06-18 23:00:00,15879.0,15614.048,16122.0,264.952,243.0,0.016686,0.015303,23,6,Wednesday,19.7,0.0,1.6999999999999993
2025-06-19 00:00:00,14885.0,15108.524,15381.0,223.524,496.0,0.015017,0.033322,0,6,Thursday,19.8,0.0,1.8000000000000007
2025-06-19 01:00:00,14362.0,14717.862,14847.0,355.862,485.0,0.024778,0.03377,1,6,Thursday,19.5,0.0,1.5
2025-06-19 02:00:00,14164.0,14013.42,14474.0,150.58,310.0,0.010631,0.021886,2,6,Thursday,19.0,0.0,1.0
2025-06-19 03:00:00,14072.0,13927.574,14432.0,144.426,360.0,0.010263,0.025583,3,6,Thursday,18.8,0.0,0.8000000000000007
2025-06-19 04:00:00,14547.0,14266.551,14829.0,280.449,282.0,0.019279,0.019385,4,6,Thursday,19.0,0.0,1.0
2025-06-19 05:00:00,15287.0,15027.444,15963.0,259.556,676.0,0.016979,0.044221,5,6,Thursday,19.0,0.0,1.0
2025-06-19 06:00:00,16417.0,16328.126,17500.0,88.874,1083.0,0.005414,0.065968,6,6,Thursday,19.7,0.0,1.6999999999999993
2025-06-19 07:00:00,17250.0,17052.934,18436.0,197.066,1186.0,0.011424,0.068754,7,6,Thursday,20.2,0.0,2.1999999999999993
2025-06-19 08:00:00,17582.0,17003.314,18779.0,578.686,1197.0,0.032914,0.068081,8,6,Thursday,19.8,0.0,1.8000000000000007
2025-06-19 09:00:00,17682.0,17306.639,19375.0,375.361,1693.0,0.021228,0.095747,9,6,Thursday,20.8,0.0,2.8000000000000007
2025-06-19 10:00:00,17855.0,18137.48,19865.0,282.48,2010.0,0.015821,0.112574,10,6,Thursday,22.7,0.0,4.699999999999999
2025-06-19 11:00:00,18118.0,18638.531,20130.0,520.531,2012.0,0.02873,0.11105,11,6,Thursday,23.8,0.0,5.800000000000001
2025-06-19 12:00:00,18365.0,19020.527,20528.0,655.527,2163.0,0.035694,0.117778,12,6,Thursday,24.5,0.0,6.5
2025-06-19 13:00:00,18221.0,19183.07,20122.0,962.07,1901.0,0.0528,0.10433,13,6,Thursday,24.9,0.0,6.899999999999999
2025-06-19 14:00:00,18100.0,18682.955,20317.0,582.955,2217.0,0.032207,0.122486,14,6,Thursday,23.9,0.0,5.899999999999999
2025-06-19 15:00:00,18117.0,17878.014,20345.0,238.986,2228.0,0.013191,0.122978,15,6,Thursday,21.4,0.0,3.3999999999999986
2025-06-19 16:00:00,18151.0,18489.176,20296.0,338.176,2145.0,0.018631,0.118175,16,6,Thursday,21.6,0.0,3.6000000000000014
2025-06-19 17:00:00,17801.0,18583.82,20243.0,782.82,2442.0,0.043976,0.137183,17,6,Thursday,21.7,0.0,3.6999999999999993
2025-06-19 18:00:00,17667.0,18359.287,20227.0,692.287,2560.0,0.039185,0.144903,18,6,Thursday,20.5,0.0,2.5
2025-06-19 19:00:00,17559.0,18202.053,19972.0,643.053,2413.0,0.036622,0.137422,19,6,Thursday,20.2,0.0,2.1999999999999993
2025-06-19 20:00:00,17448.0,17347.24,20000.0,100.76,2552.0,0.005775,0.146263,20,6,Thursday,18.1,0.0,0.10000000000000142
2025-06-19 21:00:00,16681.0,16371.767,18597.0,309.233,1916.0,0.018538,0.114861,21,6,Thursday,17.9,0.10000000000000142,0.0
2025-06-19 22:00:00,15528.0,15405.614,17243.0,122.386,1715.0,0.007882,0.110446,22,6,Thursday,17.5,0.5,0.0
2025-06-19 23:00:00,14332.0,14401.957,15879.0,69.957,1547.0,0.004881,0.10794,23,6,Thursday,17.2,0.8000000000000007,0.0
2025-06-20 00:00:00,13547.0,13543.66,14885.0,3.34,1338.0,0.000247,0.098767,0,6,Friday,16.9,1.1000000000000014,0.0
2025-06-20 01:00:00,13278.0,13195.264,14362.0,82.736,1084.0,0.006231,0.081639,1,6,Friday,16.5,1.5,0.0
2025-06-20 02:00:00,12859.0,13126.966,14164.0,267.966,1305.0,0.020839,0.101485,2,6,Friday,16.1,1.8999999999999986,0.0
2025-06-20 03:00:00,12868.0,13064.109,14072.0,196.109,1204.0,0.01524,0.093565,3,6,Friday,15.7,2.3000000000000007,0.0
2025-06-20 04:00:00,13272.0,13307.025,14547.0,35.025,1275.0,0.002639,0.096067,4,6,Friday,15.3,2.6999999999999993,0.0
2025-06-20 05:00:00,14078.0,14138.507,15287.0,60.507,1209.0,0.004298,0.085879,5,6,Friday,14.9,3.0999999999999996,0.0
2025-06-20 06:00:00,14985.0,14930.398,16417.0,54.602,1432.0,0.003644,0.095562,6,6,Friday,15.6,2.4000000000000004,0.0
2025-06-20 07:00:00,15768.0,15567.81,17250.0,200.19,1482.0,0.012696,0.093988,7,6,Friday,16.9,1.1000000000000014,0.0
2025-06-20 08:00:00,15996.0,16141.256,17582.0,145.256,1586.0,0.009081,0.09915,8,6,Friday,19.4,0.0,1.3999999999999986
2025-06-20 09:00:00,16263.0,16562.559,17682.0,299.559,1419.0,0.01842,0.087253,9,6,Friday,21.1,0.0,3.1000000000000014
2025-06-20 10:00:00,16660.0,17475.148,17855.0,815.148,1195.0,0.048928,0.071729,10,6,Friday,22.5,0.0,4.5
2025-06-20 11:00:00,17098.0,17866.467,18118.0,768.467,1020.0,0.044945,0.059656,11,6,Friday,23.0,0.0,5.0
2025-06-20 12:00:00,17577.0,18234.076,18365.0,657.076,788.0,0.037383,0.044831,12,6,Friday,23.7,0.0,5.699999999999999
2025-06-20 13:00:00,17837.0,18632.287,18221.0,795.287,384.0,0.044586,0.021528,13,6,Friday,24.6,0.0,6.600000000000001
2025-06-20 14:00:00,17917.0,18603.443,18100.0,686.443,183.0,0.038312,0.010214,14,6,Friday,25.2,0.0,7.199999999999999
2025-06-20 15:00:00,18307.0,19175.445,18117.0,868.445,190.0,0.047438,0.010379,15,6,Friday,26.1,0.0,8.100000000000001
2025-06-20 16:00:00,18715.0,19176.902,18151.0,461.902,564.0,0.024681,0.030136,16,6,Friday,25.4,0.0,7.399999999999999
2025-06-20 17:00:00,18764.0,19234.244,17801.0,470.244,963.0,0.025061,0.051322,17,6,Friday,26.1,0.0,8.100000000000001
2025-06-20 18:00:00,18638.0,19060.658,17667.0,422.658,971.0,0.022677,0.052098,18,6,Friday,25.7,0.0,7.699999999999999
2025-06-20 19:00:00,18253.0,19014.338,17559.0,761.338,694.0,0.04171,0.038021,19,6,Friday,24.8,0.0,6.800000000000001
2025-06-20 20:00:00,18057.0,17967.438,17448.0,89.562,609.0,0.00496,0.033727,20,6,Friday,22.7,0.0,4.699999999999999
2025-06-20 21:00:00,17214.0,16883.506,16681.0,330.494,533.0,0.019199,0.030963,21,6,Friday,22.0,0.0,4.0
2025-06-20 22:00:00,15869.0,15735.468,15528.0,133.532,341.0,0.008415,0.021488,22,6,Friday,21.1,0.0,3.1000000000000014
2025-06-20 23:00:00,14678.0,14688.472,14332.0,10.472,346.0,0.000713,0.023573,23,6,Friday,20.1,0.0,2.1000000000000014
2025-06-21 00:00:00,13880.0,13506.673,13547.0,373.327,333.0,0.026897,0.023991,0,6,Saturday,19.0,0.0,1.0
2025-06-21 01:00:00,13512.0,13183.972,13278.0,328.028,234.0,0.024277,0.017318,1,6,Saturday,18.4,0.0,0.3999999999999986
2025-06-21 02:00:00,13119.0,12684.587,12859.0,434.413,260.0,0.033113,0.019819,2,6,Saturday,17.9,0.10000000000000142,0.0
2025-06-21 03:00:00,12896.0,12496.474,12868.0,399.526,28.0,0.030981,0.002171,3,6,Saturday,17.2,0.8000000000000007,0.0
2025-06-21 04:00:00,12870.0,12401.584,13272.0,468.416,402.0,0.036396,0.031235,4,6,Saturday,16.6,1.3999999999999986,0.0
2025-06-21 05:00:00,13084.0,12701.506,14078.0,382.494,994.0,0.029234,0.075971,5,6,Saturday,16.0,2.0,0.0
2025-06-21 06:00:00,13491.0,13124.957,14985.0,366.043,1494.0,0.027132,0.11074,6,6,Saturday,16.8,1.1999999999999993,0.0
2025-06-21 07:00:00,14443.0,13791.098,15768.0,651.902,1325.0,0.045136,0.09174,7,6,Saturday,18.1,0.0,0.10000000000000142
2025-06-21 08:00:00,15592.0,14554.289,15996.0,1037.711,404.0,0.066554,0.025911,8,6,Saturday,20.5,0.0,2.5
2025-06-21 09:00:00,16567.0,15069.618,16263.0,1497.382,304.0,0.090383,0.01835,9,6,Saturday,21.3,0.0,3.3000000000000007
2025-06-21 10:00:00,17262.0,16048.227,16660.0,1213.773,602.0,0.070315,0.034874,10,6,Saturday,22.9,0.0,4.899999999999999
2025-06-21 11:00:00,17736.0,16278.33,17098.0,1457.67,638.0,0.082187,0.035972,11,6,Saturday,22.9,0.0,4.899999999999999
2025-06-21 12:00:00,17686.0,16844.69,17577.0,841.31,109.0,0.047569,0.006163,12,6,Saturday,23.8,0.0,5.800000000000001
2025-06-21 13:00:00,17548.0,17143.904,17837.0,404.096,289.0,0.023028,0.016469,13,6,Saturday,24.1,0.0,6.100000000000001
2025-06-21 14:00:00,17422.0,17571.074,17917.0,149.074,495.0,0.008557,0.028412,14,6,Saturday,25.1,0.0,7.100000000000001
2025-06-21 15:00:00,17800.0,18698.754,18307.0,898.754,507.0,0.050492,0.028483,15,6,Saturday,26.7,0.0,8.7
2025-06-21 16:00:00,18282.0,18588.08,18715.0,306.08,433.0,0.016742,0.023684,16,6,Saturday,25.5,0.0,7.5
2025-06-21 17:00:00,18741.0,18885.36,18764.0,144.36,23.0,0.007703,0.001227,17,6,Saturday,25.7,0.0,7.699999999999999
2025-06-21 18:00:00,18777.0,18871.615,18638.0,94.615,139.0,0.005039,0.007403,18,6,Saturday,25.9,0.0,7.899999999999999
2025-06-21 19:00:00,18525.0,18537.488,18253.0,12.488,272.0,0.000674,0.014683,19,6,Saturday,25.3,0.0,7.300000000000001
2025-06-21 20:00:00,18343.0,17988.852,18057.0,354.148,286.0,0.019307,0.015592,20,6,Saturday,24.5,0.0,6.5
2025-06-21 21:00:00,17719.0,17277.674,17214.0,441.326,505.0,0.024907,0.0285,21,6,Saturday,24.1,0.0,6.100000000000001
2025-06-21 22:00:00,16839.0,16357.44,15869.0,481.56,970.0,0.028598,0.057604,22,6,Saturday,24.4,0.0,6.399999999999999
2025-06-21 23:00:00,15943.0,15507.189,14678.0,435.811,1265.0,0.027336,0.079345,23,6,Saturday,24.9,0.0,6.899999999999999
2025-06-22 00:00:00,15226.0,14622.838,13880.0,603.162,1346.0,0.039614,0.088401,0,6,Sunday,23.9,0.0,5.899999999999999
2025-06-22 01:00:00,14790.0,14052.755,13512.0,737.245,1278.0,0.049848,0.08641,1,6,Sunday,23.3,0.0,5.300000000000001
2025-06-22 02:00:00,14427.0,13788.479,13119.0,638.521,1308.0,0.044259,0.090663,2,6,Sunday,24.5,0.0,6.5
2025-06-22 03:00:00,14269.0,13570.154,12896.0,698.846,1373.0,0.048977,0.096223,3,6,Sunday,24.5,0.0,6.5
2025-06-22 04:00:00,14219.0,13452.437,12870.0,766.563,1349.0,0.053911,0.094873,4,6,Sunday,24.4,0.0,6.399999999999999
2025-06-22 05:00:00,14402.0,13699.801,13084.0,702.199,1318.0,0.048757,0.091515,5,6,Sunday,24.6,0.0,6.600000000000001
2025-06-22 06:00:00,15256.0,14441.663,13491.0,814.337,1765.0,0.053378,0.115692,6,6,Sunday,25.2,0.0,7.199999999999999
2025-06-22 07:00:00,16954.0,15318.937,14443.0,1635.063,2511.0,0.096441,0.148107,7,6,Sunday,26.5,0.0,8.5
2025-06-22 08:00:00,18620.0,16070.638,15592.0,2549.362,3028.0,0.136915,0.162621,8,6,Sunday,26.0,0.0,8.0
2025-06-22 09:00:00,19563.0,17804.717,16567.0,1758.283,2996.0,0.089878,0.153146,9,6,Sunday,29.1,0.0,11.100000000000001
2025-06-22 10:00:00,20696.0,18146.607,17262.0,2549.393,3434.0,0.123183,0.165926,10,6,Sunday,30.4,0.0,12.399999999999999
2025-06-22 11:00:00,21577.0,18464.646,17736.0,3112.354,3841.0,0.144244,0.178014,11,6,Sunday,31.1,0.0,13.100000000000001
2025-06-22 12:00:00,21542.0,18520.197,17686.0,3021.803,3856.0,0.140275,0.178999,12,6,Sunday,32.8,0.0,14.799999999999997
2025-06-22 13:00:00,21692.0,18524.408,17548.0,3167.592,4144.0,0.146026,0.191038,13,6,Sunday,32.7,0.0,14.700000000000003
2025-06-22 14:00:00,21865.0,18213.018,17422.0,3651.982,4443.0,0.167024,0.203201,14,6,Sunday,31.5,0.0,13.5
2025-06-22 15:00:00,22313.0,19066.055,17800.0,3246.945,4513.0,0.145518,0.202259,15,6,Sunday,29.8,0.0,11.8
2025-06-22 16:00:00,22732.0,19340.115,18282.0,3391.885,4450.0,0.149212,0.195759,16,6,Sunday,27.5,0.0,9.5
2025-06-22 17:00:00,22973.0,19416.863,18741.0,3556.137,4232.0,0.154796,0.184216,17,6,Sunday,26.6,0.0,8.600000000000001
2025-06-22 18:00:00,23045.0,19898.643,18777.0,3146.357,4268.0,0.136531,0.185203,18,6,Sunday,27.8,0.0,9.8
2025-06-22 19:00:00,22880.0,19992.16,18525.0,2887.84,4355.0,0.126217,0.190341,19,6,Sunday,28.9,0.0,10.899999999999999
2025-06-22 20:00:00,22656.0,20031.97,18343.0,2624.03,4313.0,0.115821,0.190369,20,6,Sunday,29.7,0.0,11.7
2025-06-22 21:00:00,21668.0,18918.725,17719.0,2749.275,3949.0,0.126882,0.18225,21,6,Sunday,28.4,0.0,10.399999999999999
2025-06-22 22:00:00,20384.0,18200.871,16839.0,2183.129,3545.0,0.1071,0.173911,22,6,Sunday,28.4,0.0,10.399999999999999
2025-06-22 23:00:00,19276.0,17346.352,15943.0,1929.648,3333.0,0.100106,0.172909,23,6,Sunday,27.5,0.0,9.5
2025-06-23 00:00:00,18154.0,17748.145,15226.0,405.855,2928.0,0.022356,0.161287,0,6,Monday,26.6,0.0,8.600000000000001
2025-06-23 01:00:00,17451.0,16880.422,14790.0,570.578,2661.0,0.032696,0.152484,1,6,Monday,25.5,0.0,7.5
2025-06-23 02:00:00,16890.0,15765.156,14427.0,1124.844,2463.0,0.066598,0.145826,2,6,Monday,24.4,0.0,6.399999999999999
2025-06-23 03:00:00,16544.0,15570.478,14269.0,973.522,2275.0,0.058844,0.137512,3,6,Monday,23.9,0.0,5.899999999999999
2025-06-23 04:00:00,16647.0,15672.806,14219.0,974.194,2428.0,0.058521,0.145852,4,6,Monday,23.6,0.0,5.600000000000001
2025-06-23 05:00:00,17523.0,16594.652,14402.0,928.348,3121.0,0.052979,0.178109,5,6,Monday,23.5,0.0,5.5
2025-06-23 06:00:00,19398.0,17606.03,15256.0,1791.97,4142.0,0.092379,0.213527,6,6,Monday,24.3,0.0,6.300000000000001
2025-06-23 07:00:00,20908.0,19338.635,16954.0,1569.365,3954.0,0.075061,0.189114,7,6,Monday,26.0,0.0,8.0
2025-06-23 08:00:00,21678.0,20614.62,18620.0,1063.38,3058.0,0.049053,0.141065,8,6,Monday,27.5,0.0,9.5
2025-06-23 09:00:00,22492.0,21079.082,19563.0,1412.918,2929.0,0.062819,0.130224,9,6,Monday,28.3,0.0,10.3
2025-06-23 10:00:00,23286.0,21802.514,20696.0,1483.486,2590.0,0.063707,0.111226,10,6,Monday,29.9,0.0,11.899999999999999
2025-06-23 11:00:00,23844.0,22258.246,21577.0,1585.754,2267.0,0.066505,0.095076,11,6,Monday,31.4,0.0,13.399999999999999
2025-06-23 12:00:00,24200.0,22345.912,21542.0,1854.088,2658.0,0.076615,0.109835,12,6,Monday,32.7,0.0,14.700000000000003
2025-06-23 13:00:00,24185.0,22383.453,21692.0,1801.547,2493.0,0.07449,0.10308,13,6,Monday,34.0,0.0,16.0
2025-06-23 14:00:00,24075.0,22629.422,21865.0,1445.578,2210.0,0.060045,0.091796,14,6,Monday,35.1,0.0,17.1
2025-06-23 15:00:00,24609.0,22857.031,22313.0,1751.969,2296.0,0.071192,0.093299,15,6,Monday,35.6,0.0,17.6
2025-06-23 16:00:00,24398.0,22943.285,22732.0,1454.715,1666.0,0.059624,0.068284,16,6,Monday,35.5,0.0,17.5
2025-06-23 17:00:00,24563.0,23003.959,22973.0,1559.041,1590.0,0.063471,0.064732,17,6,Monday,34.4,0.0,16.4
2025-06-23 18:00:00,24712.0,23015.865,23045.0,1696.135,1667.0,0.068636,0.067457,18,6,Monday,32.7,0.0,14.700000000000003
2025-06-23 19:00:00,24574.0,22983.506,22880.0,1590.494,1694.0,0.064723,0.068935,19,6,Monday,31.3,0.0,13.3
2025-06-23 20:00:00,23907.0,22693.121,22656.0,1213.879,1251.0,0.050775,0.052328,20,6,Monday,30.3,0.0,12.3
2025-06-23 21:00:00,22899.0,21877.295,21668.0,1021.705,1231.0,0.044618,0.053758,21,6,Monday,29.4,0.0,11.399999999999999
2025-06-23 22:00:00,21678.0,20879.809,20384.0,798.191,1294.0,0.03682,0.059692,22,6,Monday,28.9,0.0,10.899999999999999
2025-06-23 23:00:00,20346.0,20232.447,19276.0,113.553,1070.0,0.005581,0.05259,23,6,Monday,29.1,0.0,11.100000000000001
2025-06-24 00:00:00,19422.0,19682.678,18154.0,260.678,1268.0,0.013422,0.065287,0,6,Tuesday,28.6,0.0,10.600000000000001
2025-06-24 01:00:00,18428.0,19069.479,17451.0,641.479,977.0,0.03481,0.053017,1,6,Tuesday,28.6,0.0,10.600000000000001
2025-06-24 02:00:00,17810.0,18537.418,16890.0,727.418,920.0,0.040843,0.051656,2,6,Tuesday,28.3,0.0,10.3
2025-06-24 03:00:00,17391.0,18400.45,16544.0,1009.45,847.0,0.058044,0.048703,3,6,Tuesday,27.7,0.0,9.7
2025-06-24 04:00:00,17411.0,18480.766,16647.0,1069.766,764.0,0.061442,0.04388,4,6,Tuesday,27.3,0.0,9.3
2025-06-24 05:00:00,18229.0,19053.361,17523.0,824.361,706.0,0.045223,0.038729,5,6,Tuesday,26.9,0.0,8.899999999999999
2025-06-24 06:00:00,20295.0,20071.172,19398.0,223.828,897.0,0.011029,0.044198,6,6,Tuesday,27.5,0.0,9.5
2025-06-24 07:00:00,21588.0,21311.809,20908.0,276.191,680.0,0.012794,0.031499,7,6,Tuesday,28.7,0.0,10.7
2025-06-24 08:00:00,22672.0,22211.516,21678.0,460.484,994.0,0.020311,0.043843,8,6,Tuesday,30.6,0.0,12.600000000000001
2025-06-24 09:00:00,23424.0,22593.557,22492.0,830.443,932.0,0.035453,0.039788,9,6,Tuesday,32.0,0.0,14.0
2025-06-24 10:00:00,23703.0,22794.936,23286.0,908.064,417.0,0.03831,0.017593,10,6,Tuesday,32.7,0.0,14.700000000000003
2025-06-24 11:00:00,23974.0,22799.951,23844.0,1174.049,130.0,0.048972,0.005423,11,6,Tuesday,32.6,0.0,14.600000000000001
2025-06-24 12:00:00,24548.0,22809.516,24200.0,1738.484,348.0,0.07082,0.014176,12,6,Tuesday,34.4,0.0,16.4
2025-06-24 13:00:00,24269.0,22948.514,24185.0,1320.486,84.0,0.05441,0.003461,13,6,Tuesday,35.9,0.0,17.9
2025-06-24 14:00:00,24280.0,23015.82,24075.0,1264.18,205.0,0.052067,0.008443,14,6,Tuesday,35.9,0.0,17.9
2025-06-24 15:00:00,24648.0,23060.99,24609.0,1587.01,39.0,0.064387,0.001582,15,6,Tuesday,34.3,0.0,16.299999999999997
2025-06-24 16:00:00,24261.0,23135.633,24398.0,1125.367,137.0,0.046386,0.005647,16,6,Tuesday,33.1,0.0,15.100000000000001
2025-06-24 17:00:00,24482.0,23190.652,24563.0,1291.348,81.0,0.052747,0.003309,17,6,Tuesday,33.5,0.0,15.5
2025-06-24 18:00:00,24862.0,23198.188,24712.0,1663.812,150.0,0.066922,0.006033,18,6,Tuesday,32.3,0.0,14.299999999999997
2025-06-24 19:00:00,24206.0,23064.969,24574.0,1141.031,368.0,0.047138,0.015203,19,6,Tuesday,30.6,0.0,12.600000000000001
2025-06-24 20:00:00,23955.0,22886.4,23907.0,1068.6,48.0,0.044609,0.002004,20,6,Tuesday,30.1,0.0,12.100000000000001
2025-06-24 21:00:00,22009.0,21726.305,22899.0,282.695,890.0,0.012845,0.040438,21,6,Tuesday,28.5,0.0,10.5
2025-06-24 22:00:00,20778.0,20911.77,21678.0,133.77,900.0,0.006438,0.043315,22,6,Tuesday,27.3,0.0,9.3
2025-06-24 23:00:00,19554.0,20194.838,20346.0,640.838,792.0,0.032773,0.040503,23,6,Tuesday,26.4,0.0,8.399999999999999
2025-06-25 00:00:00,18445.0,19373.164,19422.0,928.164,977.0,0.050321,0.052968,0,6,Wednesday,25.9,0.0,7.899999999999999
2025-06-25 01:00:00,17508.0,18173.465,18428.0,665.465,920.0,0.038009,0.052547,1,6,Wednesday,24.9,0.0,6.899999999999999
2025-06-25 02:00:00,17078.0,17736.684,17810.0,658.684,732.0,0.038569,0.042862,2,6,Wednesday,24.1,0.0,6.100000000000001
2025-06-25 03:00:00,16722.0,17441.555,17391.0,719.555,669.0,0.04303,0.040007,3,6,Wednesday,23.6,0.0,5.600000000000001
2025-06-25 04:00:00,16786.0,17486.326,17411.0,700.326,625.0,0.041721,0.037233,4,6,Wednesday,23.2,0.0,5.199999999999999
2025-06-25 05:00:00,17651.0,17889.197,18229.0,238.197,578.0,0.013495,0.032746,5,6,Wednesday,22.9,0.0,4.899999999999999
2025-06-25 06:00:00,18963.0,18422.258,20295.0,540.742,1332.0,0.028516,0.070242,6,6,Wednesday,22.9,0.0,4.899999999999999
2025-06-25 07:00:00,19459.0,19025.426,21588.0,433.574,2129.0,0.022281,0.10941,7,6,Wednesday,23.6,0.0,5.600000000000001
2025-06-25 08:00:00,19650.0,20179.182,22672.0,529.182,3022.0,0.02693,0.153791,8,6,Wednesday,25.5,0.0,7.5
2025-06-25 09:00:00,20068.0,20846.834,23424.0,778.834,3356.0,0.03881,0.167231,9,6,Wednesday,27.0,0.0,9.0
2025-06-25 10:00:00,20458.0,20994.361,23703.0,536.361,3245.0,0.026218,0.158618,10,6,Wednesday,27.3,0.0,9.3
2025-06-25 11:00:00,21012.0,21591.418,23974.0,579.418,2962.0,0.027576,0.140967,11,6,Wednesday,28.0,0.0,10.0
2025-06-25 12:00:00,21694.0,21664.352,24548.0,29.648,2854.0,0.001367,0.131557,12,6,Wednesday,28.3,0.0,10.3
2025-06-25 13:00:00,21714.0,21439.812,24269.0,274.188,2555.0,0.012627,0.117666,13,6,Wednesday,27.8,0.0,9.8
2025-06-25 14:00:00,22079.0,22072.848,24280.0,6.152,2201.0,0.000279,0.099687,14,6,Wednesday,28.8,0.0,10.8
2025-06-25 15:00:00,22428.0,22306.375,24648.0,121.625,2220.0,0.005423,0.098983,15,6,Wednesday,29.2,0.0,11.2
2025-06-25 16:00:00,22693.0,22188.922,24261.0,504.078,1568.0,0.022213,0.069096,16,6,Wednesday,28.8,0.0,10.8
2025-06-25 17:00:00,22622.0,22167.592,24482.0,454.408,1860.0,0.020087,0.082221,17,6,Wednesday,28.7,0.0,10.7
2025-06-25 18:00:00,22421.0,21970.418,24862.0,450.582,2441.0,0.020096,0.108871,18,6,Wednesday,28.4,0.0,10.399999999999999
2025-06-25 19:00:00,21973.0,21589.803,24206.0,383.197,2233.0,0.017439,0.101625,19,6,Wednesday,27.4,0.0,9.399999999999999
2025-06-25 20:00:00,21631.0,21159.016,23955.0,471.984,2324.0,0.02182,0.107438,20,6,Wednesday,25.8,0.0,7.800000000000001
2025-06-25 21:00:00,20552.0,20865.232,22009.0,313.232,1457.0,0.015241,0.070893,21,6,Wednesday,25.9,0.0,7.899999999999999
2025-06-25 22:00:00,19163.0,20285.156,20778.0,1122.156,1615.0,0.058558,0.084277,22,6,Wednesday,26.2,0.0,8.2
2025-06-25 23:00:00,17722.0,19276.537,19554.0,1554.537,1832.0,0.087718,0.103374,23,6,Wednesday,25.5,0.0,7.5
2025-06-26 00:00:00,16709.0,18302.105,18445.0,1593.105,1736.0,0.095344,0.103896,0,6,Thursday,24.8,0.0,6.800000000000001
2025-06-26 01:00:00,15941.0,16240.89,17508.0,299.89,1567.0,0.018812,0.0983,1,6,Thursday,21.1,0.0,3.1000000000000014
2025-06-26 02:00:00,15378.0,15702.663,17078.0,324.663,1700.0,0.021112,0.110548,2,6,Thursday,20.4,0.0,2.3999999999999986
2025-06-26 03:00:00,15091.0,15329.174,16722.0,238.174,1631.0,0.015783,0.108078,3,6,Thursday,19.7,0.0,1.6999999999999993
2025-06-26 04:00:00,15045.0,15382.582,16786.0,337.582,1741.0,0.022438,0.11572,4,6,Thursday,19.4,0.0,1.3999999999999986
2025-06-26 05:00:00,15501.0,15958.977,17651.0,457.977,2150.0,0.029545,0.138701,5,6,Thursday,19.3,0.0,1.3000000000000007
2025-06-26 06:00:00,16602.0,16842.191,18963.0,240.191,2361.0,0.014468,0.142212,6,6,Thursday,19.3,0.0,1.3000000000000007
2025-06-26 07:00:00,17209.0,17113.969,19459.0,95.031,2250.0,0.005522,0.130746,7,6,Thursday,19.4,0.0,1.3999999999999986
2025-06-26 08:00:00,17483.0,17161.568,19650.0,321.432,2167.0,0.018385,0.123949,8,6,Thursday,19.7,0.0,1.6999999999999993
2025-06-26 09:00:00,17853.0,17186.105,20068.0,666.895,2215.0,0.037355,0.124069,9,6,Thursday,19.5,0.0,1.5
2025-06-26 10:00:00,18015.0,17199.229,20458.0,815.771,2443.0,0.045283,0.135609,10,6,Thursday,20.1,0.0,2.1000000000000014
2025-06-26 11:00:00,18060.0,17373.969,21012.0,686.031,2952.0,0.037986,0.163455,11,6,Thursday,20.2,0.0,2.1999999999999993
2025-06-26 12:00:00,17884.0,17695.54,21694.0,188.46,3810.0,0.010538,0.21304,12,6,Thursday,20.7,0.0,2.6999999999999993
2025-06-26 13:00:00,17684.0,17670.238,21714.0,13.762,4030.0,0.000778,0.22789,13,6,Thursday,20.6,0.0,2.6000000000000014
2025-06-26 14:00:00,17543.0,17991.592,22079.0,448.592,4536.0,0.025571,0.258565,14,6,Thursday,21.8,0.0,3.8000000000000007
2025-06-26 15:00:00,17527.0,18157.12,22428.0,630.12,4901.0,0.035951,0.279626,15,6,Thursday,21.3,0.0,3.3000000000000007
2025-06-26 16:00:00,17530.0,18599.54,22693.0,1069.54,5163.0,0.061012,0.294524,16,6,Thursday,21.1,0.0,3.1000000000000014
2025-06-26 17:00:00,17362.0,18281.768,22622.0,919.768,5260.0,0.052976,0.30296,17,6,Thursday,20.0,0.0,2.0
2025-06-26 18:00:00,17424.0,18260.906,22421.0,836.906,4997.0,0.048032,0.286788,18,6,Thursday,19.9,0.0,1.8999999999999986
2025-06-26 19:00:00,17291.0,18264.244,21973.0,973.244,4682.0,0.056286,0.270777,19,6,Thursday,19.8,0.0,1.8000000000000007
2025-06-26 20:00:00,17056.0,17460.785,21631.0,404.785,4575.0,0.023733,0.268234,20,6,Thursday,17.6,0.3999999999999986,0.0
2025-06-26 21:00:00,16319.0,16750.707,20552.0,431.707,4233.0,0.026454,0.259391,21,6,Thursday,17.3,0.6999999999999993,0.0
2025-06-26 22:00:00,15273.0,16325.73,19163.0,1052.729,3890.0,0.068927,0.254698,22,6,Thursday,17.4,0.6000000000000014,0.0
2025-06-26 23:00:00,14329.0,15387.868,17722.0,1058.868,3393.0,0.073897,0.236793,23,6,Thursday,17.2,0.8000000000000007,0.0
2025-06-27 00:00:00,13619.0,14720.478,16709.0,1101.478,3090.0,0.080878,0.226889,0,6,Friday,17.1,0.8999999999999986,0.0
2025-06-27 01:00:00,13379.0,14101.142,15941.0,722.142,2562.0,0.053976,0.191494,1,6,Friday,17.0,1.0,0.0
2025-06-27 02:00:00,13265.0,13672.935,15378.0,407.935,2113.0,0.030753,0.159291,2,6,Friday,16.8,1.1999999999999993,0.0
2025-06-27 03:00:00,13146.0,13563.933,15091.0,417.933,1945.0,0.031792,0.147954,3,6,Friday,16.4,1.6000000000000014,0.0
2025-06-27 04:00:00,13565.0,13683.368,15045.0,118.368,1480.0,0.008726,0.109104,4,6,Friday,16.2,1.8000000000000007,0.0
2025-06-27 05:00:00,14303.0,14220.092,15501.0,82.908,1198.0,0.005797,0.083759,5,6,Friday,16.1,1.8999999999999986,0.0
2025-06-27 06:00:00,15272.0,14931.498,16602.0,340.502,1330.0,0.022296,0.087087,6,6,Friday,16.4,1.6000000000000014,0.0
2025-06-27 07:00:00,15856.0,15538.203,17209.0,317.797,1353.0,0.020043,0.08533,7,6,Friday,17.0,1.0,0.0
2025-06-27 08:00:00,16546.0,15717.592,17483.0,828.408,937.0,0.050067,0.05663,8,6,Friday,16.3,1.6999999999999993,0.0
2025-06-27 09:00:00,16977.0,15991.413,17853.0,985.587,876.0,0.058054,0.051599,9,6,Friday,17.4,0.6000000000000014,0.0
2025-06-27 10:00:00,17411.0,16065.592,18015.0,1345.408,604.0,0.077273,0.034691,10,6,Friday,17.8,0.1999999999999993,0.0
2025-06-27 11:00:00,17855.0,16302.851,18060.0,1552.149,205.0,0.086931,0.011481,11,6,Friday,18.6,0.0,0.6000000000000014
2025-06-27 12:00:00,18288.0,16914.748,17884.0,1373.252,404.0,0.07509,0.022091,12,6,Friday,21.4,0.0,3.3999999999999986
2025-06-27 13:00:00,18548.0,16789.31,17684.0,1758.69,864.0,0.094818,0.046582,13,6,Friday,21.4,0.0,3.3999999999999986
2025-06-27 14:00:00,18870.0,17017.754,17543.0,1852.246,1327.0,0.098158,0.070323,14,6,Friday,22.5,0.0,4.5
2025-06-27 15:00:00,19269.0,17106.371,17527.0,2162.629,1742.0,0.112234,0.090404,15,6,Friday,22.4,0.0,4.399999999999999
2025-06-27 16:00:00,19851.0,17023.752,17530.0,2827.248,2321.0,0.142423,0.116921,16,6,Friday,21.6,0.0,3.6000000000000014
2025-06-27 17:00:00,20251.0,16942.152,17362.0,3308.848,2889.0,0.163392,0.14266,17,6,Friday,21.4,0.0,3.3999999999999986
2025-06-27 18:00:00,20130.0,17458.664,17424.0,2671.336,2706.0,0.132704,0.134426,18,6,Friday,22.5,0.0,4.5
2025-06-27 19:00:00,19562.0,18158.438,17291.0,1403.562,2271.0,0.071749,0.116092,19,6,Friday,23.4,0.0,5.399999999999999
2025-06-27 20:00:00,19242.0,16834.611,17056.0,2407.389,2186.0,0.125111,0.113606,20,6,Friday,21.1,0.0,3.1000000000000014
2025-06-27 21:00:00,18339.0,16577.13,16319.0,1761.87,2020.0,0.096072,0.110148,21,6,Friday,21.9,0.0,3.8999999999999986
2025-06-27 22:00:00,16929.0,15826.336,15273.0,1102.664,1656.0,0.065135,0.09782,22,6,Friday,22.3,0.0,4.300000000000001
2025-06-27 23:00:00,16313.0,14960.422,14329.0,1352.578,1984.0,0.082914,0.121621,23,6,Friday,22.1,0.0,4.100000000000001
2025-06-28 00:00:00,15178.0,13906.604,13619.0,1271.396,1559.0,0.083766,0.102714,0,6,Saturday,22.1,0.0,4.100000000000001
2025-06-28 01:00:00,14536.0,13654.434,13379.0,881.566,1157.0,0.060647,0.079595,1,6,Saturday,21.2,0.0,3.1999999999999993
2025-06-28 02:00:00,14277.0,13489.638,13265.0,787.362,1012.0,0.055149,0.070883,2,6,Saturday,20.9,0.0,2.8999999999999986
2025-06-28 03:00:00,14299.0,13339.073,13146.0,959.927,1153.0,0.067132,0.080635,3,6,Saturday,20.9,0.0,2.8999999999999986
2025-06-28 04:00:00,14253.0,13418.696,13565.0,834.304,688.0,0.058535,0.048271,4,6,Saturday,21.3,0.0,3.3000000000000007
2025-06-28 05:00:00,14620.0,13761.743,14303.0,858.257,317.0,0.058704,0.021683,5,6,Saturday,22.0,0.0,4.0
2025-06-28 06:00:00,15310.0,14416.529,15272.0,893.471,38.0,0.058359,0.002482,6,6,Saturday,22.4,0.0,4.399999999999999
2025-06-28 07:00:00,16422.0,15305.609,15856.0,1116.391,566.0,0.067981,0.034466,7,6,Saturday,23.6,0.0,5.600000000000001
2025-06-28 08:00:00,17658.0,16664.04,16546.0,993.96,1112.0,0.05629,0.062974,8,6,Saturday,25.6,0.0,7.600000000000001
2025-06-28 09:00:00,18013.0,16983.85,16977.0,1029.15,1036.0,0.057134,0.057514,9,6,Saturday,26.5,0.0,8.5
2025-06-28 10:00:00,18401.0,17486.506,17411.0,914.494,990.0,0.049698,0.053801,10,6,Saturday,27.4,0.0,9.399999999999999
2025-06-28 11:00:00,18603.0,18193.129,17855.0,409.871,748.0,0.022033,0.040209,11,6,Saturday,27.9,0.0,9.899999999999999
2025-06-28 12:00:00,18658.0,17953.396,18288.0,704.604,370.0,0.037764,0.019831,12,6,Saturday,26.7,0.0,8.7
2025-06-28 13:00:00,18579.0,17848.615,18548.0,730.385,31.0,0.039312,0.001669,13,6,Saturday,25.7,0.0,7.699999999999999
2025-06-28 14:00:00,18591.0,18167.008,18870.0,423.992,279.0,0.022806,0.015007,14,6,Saturday,26.5,0.0,8.5
2025-06-28 15:00:00,18686.0,18546.803,19269.0,139.197,583.0,0.007449,0.0312,15,6,Saturday,25.9,0.0,7.899999999999999
2025-06-28 16:00:00,18723.0,18653.988,19851.0,69.012,1128.0,0.003686,0.060247,16,6,Saturday,24.7,0.0,6.699999999999999
2025-06-28 17:00:00,18966.0,18773.756,20251.0,192.244,1285.0,0.010136,0.067753,17,6,Saturday,24.2,0.0,6.199999999999999
2025-06-28 18:00:00,18695.0,18573.637,20130.0,121.363,1435.0,0.006492,0.076758,18,6,Saturday,23.7,0.0,5.699999999999999
2025-06-28 19:00:00,17856.0,18226.209,19562.0,370.209,1706.0,0.020733,0.095542,19,6,Saturday,22.7,0.0,4.699999999999999
2025-06-28 20:00:00,17124.0,17783.59,19242.0,659.59,2118.0,0.038518,0.123686,20,6,Saturday,21.4,0.0,3.3999999999999986
2025-06-28 21:00:00,16406.0,16666.904,18339.0,260.904,1933.0,0.015903,0.117823,21,6,Saturday,20.4,0.0,2.3999999999999986
2025-06-28 22:00:00,15479.0,15448.815,16929.0,30.185,1450.0,0.00195,0.093675,22,6,Saturday,19.7,0.0,1.6999999999999993
2025-06-28 23:00:00,14460.0,14851.835,16313.0,391.835,1853.0,0.027098,0.128147,23,6,Saturday,18.9,0.0,0.8999999999999986
2025-06-29 00:00:00,13759.0,14268.532,15178.0,509.532,1419.0,0.037033,0.103132,0,6,Sunday,18.0,0.0,0.0
2025-06-29 01:00:00,13194.0,13615.396,14536.0,421.396,1342.0,0.031938,0.101713,1,6,Sunday,17.0,1.0,0.0
2025-06-29 02:00:00,12836.0,13353.422,14277.0,517.422,1441.0,0.04031,0.112262,2,6,Sunday,16.4,1.6000000000000014,0.0
2025-06-29 03:00:00,12625.0,13148.571,14299.0,523.571,1674.0,0.041471,0.132594,3,6,Sunday,15.8,2.1999999999999993,0.0
2025-06-29 04:00:00,12619.0,13034.075,14253.0,415.075,1634.0,0.032893,0.129487,4,6,Sunday,15.4,2.5999999999999996,0.0
2025-06-29 05:00:00,12582.0,13354.061,14620.0,772.061,2038.0,0.061362,0.161977,5,6,Sunday,15.1,2.9000000000000004,0.0
2025-06-29 06:00:00,13165.0,13965.926,15310.0,800.926,2145.0,0.060838,0.162932,6,6,Sunday,15.9,2.0999999999999996,0.0
2025-06-29 07:00:00,14024.0,14843.19,16422.0,819.19,2398.0,0.058413,0.170993,7,6,Sunday,17.6,0.3999999999999986,0.0
2025-06-29 08:00:00,14850.0,15545.338,17658.0,695.338,2808.0,0.046824,0.189091,8,6,Sunday,19.8,0.0,1.8000000000000007
2025-06-29 09:00:00,15695.0,16056.877,18013.0,361.877,2318.0,0.023057,0.14769,9,6,Sunday,21.0,0.0,3.0
2025-06-29 10:00:00,16222.0,16333.724,18401.0,111.724,2179.0,0.006887,0.134324,10,6,Sunday,21.6,0.0,3.6000000000000014
2025-06-29 11:00:00,16713.0,16733.908,18603.0,20.908,1890.0,0.001251,0.113086,11,6,Sunday,22.8,0.0,4.800000000000001
2025-06-29 12:00:00,16858.0,17014.45,18658.0,156.45,1800.0,0.00928,0.106774,12,6,Sunday,23.9,0.0,5.899999999999999
2025-06-29 13:00:00,17243.0,17259.31,18579.0,16.31,1336.0,0.000946,0.077481,13,6,Sunday,24.6,0.0,6.600000000000001
2025-06-29 14:00:00,17837.0,17329.797,18591.0,507.203,754.0,0.028435,0.042272,14,6,Sunday,25.0,0.0,7.0
2025-06-29 15:00:00,18851.0,17753.975,18686.0,1097.025,165.0,0.058195,0.008753,15,6,Sunday,25.1,0.0,7.100000000000001
2025-06-29 16:00:00,19789.0,18706.658,18723.0,1082.342,1066.0,0.054694,0.053868,16,6,Sunday,25.4,0.0,7.399999999999999
2025-06-29 17:00:00,20276.0,18913.05,18966.0,1362.95,1310.0,0.06722,0.064608,17,6,Sunday,25.3,0.0,7.300000000000001
2025-06-29 18:00:00,20352.0,18617.486,18695.0,1734.514,1657.0,0.085226,0.081417,18,6,Sunday,24.6,0.0,6.600000000000001
2025-06-29 19:00:00,19905.0,18272.742,17856.0,1632.258,2049.0,0.082002,0.102939,19,6,Sunday,23.8,0.0,5.800000000000001
2025-06-29 20:00:00,18909.0,17997.385,17124.0,911.615,1785.0,0.048211,0.094399,20,6,Sunday,23.6,0.0,5.600000000000001
2025-06-29 21:00:00,17987.0,16898.098,16406.0,1088.902,1581.0,0.060538,0.087897,21,6,Sunday,22.6,0.0,4.600000000000001
2025-06-29 22:00:00,16807.0,15531.068,15479.0,1275.932,1328.0,0.075917,0.079015,22,6,Sunday,21.8,0.0,3.8000000000000007
2025-06-29 23:00:00,15604.0,14937.87,14460.0,666.13,1144.0,0.04269,0.073315,23,6,Sunday,21.8,0.0,3.8000000000000007
2025-06-30 00:00:00,14545.0,14718.044,13759.0,173.044,786.0,0.011897,0.054039,0,6,Monday,21.2,0.0,3.1999999999999993
2025-06-30 01:00:00,13858.0,14235.29,13194.0,377.29,664.0,0.027225,0.047915,1,6,Monday,20.8,0.0,2.8000000000000007
2025-06-30 02:00:00,13485.0,13828.429,12836.0,343.429,649.0,0.025467,0.048128,2,6,Monday,20.1,0.0,2.1000000000000014
2025-06-30 03:00:00,13302.0,13763.576,12625.0,461.576,677.0,0.0347,0.050895,3,6,Monday,19.5,0.0,1.5
2025-06-30 04:00:00,13264.0,13813.512,12619.0,549.512,645.0,0.041429,0.048628,4,6,Monday,19.3,0.0,1.3000000000000007
2025-06-30 05:00:00,13823.0,14329.078,12582.0,506.078,1241.0,0.036611,0.089778,5,6,Monday,19.0,0.0,1.0
2025-06-30 06:00:00,15010.0,15398.104,13165.0,388.104,1845.0,0.025856,0.122918,6,6,Monday,19.8,0.0,1.8000000000000007
2025-06-30 07:00:00,16217.0,16257.152,14024.0,40.152,2193.0,0.002476,0.135228,7,6,Monday,21.4,0.0,3.3999999999999986
2025-06-30 08:00:00,17384.0,17167.895,14850.0,216.105,2534.0,0.012431,0.145766,8,6,Monday,22.6,0.0,4.600000000000001
2025-06-30 09:00:00,18378.0,17837.586,15695.0,540.414,2683.0,0.029405,0.14599,9,6,Monday,24.2,0.0,6.199999999999999
2025-06-30 10:00:00,18746.0,18413.469,16222.0,332.531,2524.0,0.017739,0.134642,10,6,Monday,25.3,0.0,7.300000000000001
2025-06-30 11:00:00,19021.0,18600.797,16713.0,420.203,2308.0,0.022092,0.12134,11,6,Monday,25.6,0.0,7.600000000000001
2025-06-30 12:00:00,19565.0,18363.389,16858.0,1201.611,2707.0,0.061416,0.138359,12,6,Monday,24.6,0.0,6.600000000000001
2025-06-30 13:00:00,19143.0,19668.48,17243.0,525.48,1900.0,0.02745,0.099253,13,6,Monday,27.3,0.0,9.3
2025-06-30 14:00:00,18856.0,19941.691,17837.0,1085.691,1019.0,0.057578,0.054041,14,6,Monday,27.1,0.0,9.100000000000001
2025-06-30 15:00:00,19164.0,20783.965,18851.0,1619.965,313.0,0.084532,0.016333,15,6,Monday,27.6,0.0,9.600000000000001
2025-06-30 16:00:00,19420.0,20137.938,19789.0,717.938,369.0,0.036969,0.019001,16,6,Monday,24.8,0.0,6.800000000000001
2025-06-30 17:00:00,19304.0,19348.662,20276.0,44.662,972.0,0.002314,0.050352,17,6,Monday,22.9,0.0,4.899999999999999
2025-06-30 18:00:00,19458.0,19280.453,20352.0,177.547,894.0,0.009125,0.045945,18,6,Monday,22.5,0.0,4.5
2025-06-30 19:00:00,19334.0,19556.148,19905.0,222.148,571.0,0.01149,0.029533,19,6,Monday,23.0,0.0,5.0
2025-06-30 20:00:00,19249.0,18720.596,18909.0,528.404,340.0,0.027451,0.017663,20,6,Monday,21.1,0.0,3.1000000000000014
2025-06-30 21:00:00,17959.0,18070.645,17987.0,111.645,28.0,0.006217,0.001559,21,6,Monday,21.3,0.0,3.3000000000000007
2025-06-30 22:00:00,16822.0,17077.574,16807.0,255.574,15.0,0.015193,0.000892,22,6,Monday,21.2,0.0,3.1999999999999993
2025-06-30 23:00:00,15781.0,16203.462,15604.0,422.462,177.0,0.02677,0.011216,23,6,Monday,21.3,0.0,3.3000000000000007
2025-07-01 00:00:00,15286.0,14584.053,14545.0,701.947,741.0,0.045921,0.048476,0,7,Tuesday,21.1,0.0,3.1000000000000014
2025-07-01 01:00:00,14713.0,14253.377,13858.0,459.623,855.0,0.031239,0.058112,1,7,Tuesday,21.2,0.0,3.1999999999999993
2025-07-01 02:00:00,14277.0,13994.17,13485.0,282.83,792.0,0.01981,0.055474,2,7,Tuesday,21.5,0.0,3.5
2025-07-01 03:00:00,14156.0,13986.706,13302.0,169.294,854.0,0.011959,0.060328,3,7,Tuesday,21.9,0.0,3.8999999999999986
2025-07-01 04:00:00,14295.0,14003.25,13264.0,291.75,1031.0,0.020409,0.072123,4,7,Tuesday,21.8,0.0,3.8000000000000007
2025-07-01 05:00:00,14673.0,14275.047,13823.0,397.953,850.0,0.027121,0.05793,5,7,Tuesday,21.5,0.0,3.5
2025-07-01 06:00:00,15550.0,15440.504,15010.0,109.496,540.0,0.007042,0.034727,6,7,Tuesday,21.6,0.0,3.6000000000000014
2025-07-01 07:00:00,16650.0,16001.681,16217.0,648.319,433.0,0.038938,0.026006,7,7,Tuesday,22.4,0.0,4.399999999999999
2025-07-01 08:00:00,17861.0,16797.057,17384.0,1063.943,477.0,0.059568,0.026706,8,7,Tuesday,23.1,0.0,5.100000000000001
2025-07-01 09:00:00,18724.0,17845.104,18378.0,878.896,346.0,0.04694,0.018479,9,7,Tuesday,24.2,0.0,6.199999999999999
2025-07-01 10:00:00,19024.0,18710.664,18746.0,313.336,278.0,0.016471,0.014613,10,7,Tuesday,25.8,0.0,7.800000000000001
2025-07-01 11:00:00,19393.0,19090.18,19021.0,302.82,372.0,0.015615,0.019182,11,7,Tuesday,26.6,0.0,8.600000000000001
2025-07-01 12:00:00,20008.0,19903.857,19565.0,104.143,443.0,0.005205,0.022141,12,7,Tuesday,27.6,0.0,9.600000000000001
2025-07-01 13:00:00,20110.0,19633.873,19143.0,476.127,967.0,0.023676,0.048086,13,7,Tuesday,27.5,0.0,9.5
2025-07-01 14:00:00,20144.0,19980.291,18856.0,163.709,1288.0,0.008127,0.06394,14,7,Tuesday,28.2,0.0,10.2
2025-07-01 15:00:00,20522.0,20242.072,19164.0,279.928,1358.0,0.01364,0.066173,15,7,Tuesday,28.6,0.0,10.600000000000001
2025-07-01 16:00:00,20978.0,20574.494,19420.0,403.506,1558.0,0.019235,0.074268,16,7,Tuesday,28.5,0.0,10.5
2025-07-01 17:00:00,21018.0,20275.467,19304.0,742.533,1714.0,0.035328,0.081549,17,7,Tuesday,27.7,0.0,9.7
2025-07-01 18:00:00,20780.0,19708.63,19458.0,1071.37,1322.0,0.051558,0.063619,18,7,Tuesday,26.6,0.0,8.600000000000001
2025-07-01 19:00:00,20208.0,19432.283,19334.0,775.717,874.0,0.038387,0.04325,19,7,Tuesday,25.3,0.0,7.300000000000001
2025-07-01 20:00:00,19447.0,18916.416,19249.0,530.584,198.0,0.027284,0.010182,20,7,Tuesday,24.0,0.0,6.0
2025-07-01 21:00:00,18249.0,17721.146,17959.0,527.854,290.0,0.028925,0.015891,21,7,Tuesday,22.8,0.0,4.800000000000001
2025-07-01 22:00:00,17292.0,16280.215,16822.0,1011.785,470.0,0.058512,0.02718,22,7,Tuesday,22.0,0.0,4.0
2025-07-01 23:00:00,15997.0,15652.391,15781.0,344.609,216.0,0.021542,0.013503,23,7,Tuesday,21.2,0.0,3.1999999999999993
2025-07-02 00:00:00,14983.0,15432.166,15286.0,449.166,303.0,0.029978,0.020223,0,7,Wednesday,20.5,0.0,2.5
2025-07-02 01:00:00,14258.0,14732.088,14713.0,474.088,455.0,0.033251,0.031912,1,7,Wednesday,19.8,0.0,1.8000000000000007
2025-07-02 02:00:00,13888.0,14249.05,14277.0,361.05,389.0,0.025997,0.02801,2,7,Wednesday,19.2,0.0,1.1999999999999993
2025-07-02 03:00:00,13770.0,14051.022,14156.0,281.022,386.0,0.020408,0.028032,3,7,Wednesday,18.8,0.0,0.8000000000000007
2025-07-02 04:00:00,13986.0,14148.559,14295.0,162.559,309.0,0.011623,0.022094,4,7,Wednesday,18.3,0.0,0.3000000000000007
2025-07-02 05:00:00,14765.0,14443.866,14673.0,321.134,92.0,0.02175,0.006231,5,7,Wednesday,18.1,0.0,0.10000000000000142
2025-07-02 06:00:00,16068.0,15304.217,15550.0,763.783,518.0,0.047534,0.032238,6,7,Wednesday,18.9,0.0,0.8999999999999986
2025-07-02 07:00:00,17180.0,16517.578,16650.0,662.422,530.0,0.038558,0.03085,7,7,Wednesday,20.7,0.0,2.6999999999999993
2025-07-02 08:00:00,17980.0,17825.025,17861.0,154.975,119.0,0.008619,0.006618,8,7,Wednesday,22.8,0.0,4.800000000000001
2025-07-02 09:00:00,18842.0,18670.316,18724.0,171.684,118.0,0.009112,0.006263,9,7,Wednesday,24.5,0.0,6.5
2025-07-02 10:00:00,19491.0,19603.463,19024.0,112.463,467.0,0.00577,0.02396,10,7,Wednesday,26.0,0.0,8.0
2025-07-02 11:00:00,19854.0,19964.047,19393.0,110.047,461.0,0.005543,0.02322,11,7,Wednesday,27.0,0.0,9.0
2025-07-02 12:00:00,20881.0,20308.223,20008.0,572.777,873.0,0.027431,0.041808,12,7,Wednesday,27.2,0.0,9.2
2025-07-02 13:00:00,21148.0,20334.377,20110.0,813.623,1038.0,0.038473,0.049083,13,7,Wednesday,27.2,0.0,9.2
2025-07-02 14:00:00,21294.0,20675.844,20144.0,618.156,1150.0,0.02903,0.054006,14,7,Wednesday,27.8,0.0,9.8
2025-07-02 15:00:00,21582.0,20961.38,20522.0,620.62,1060.0,0.028756,0.049115,15,7,Wednesday,27.9,0.0,9.899999999999999
2025-07-02 16:00:00,21901.0,21263.71,20978.0,637.29,923.0,0.029099,0.042144,16,7,Wednesday,28.0,0.0,10.0
2025-07-02 17:00:00,21743.0,21105.287,21018.0,637.713,725.0,0.02933,0.033344,17,7,Wednesday,27.5,0.0,9.5
2025-07-02 18:00:00,21641.0,21026.361,20780.0,614.639,861.0,0.028402,0.039786,18,7,Wednesday,27.2,0.0,9.2
2025-07-02 19:00:00,21145.0,20836.559,20208.0,308.441,937.0,0.014587,0.044313,19,7,Wednesday,26.2,0.0,8.2
2025-07-02 20:00:00,20910.0,19722.797,19447.0,1187.203,1463.0,0.056777,0.069967,20,7,Wednesday,23.9,0.0,5.899999999999999
2025-07-02 21:00:00,19509.0,18473.861,18249.0,1035.139,1260.0,0.05306,0.064586,21,7,Wednesday,23.4,0.0,5.399999999999999
2025-07-02 22:00:00,18117.0,17350.37,17292.0,766.63,825.0,0.042316,0.045537,22,7,Wednesday,22.9,0.0,4.899999999999999
2025-07-02 23:00:00,16818.0,16081.165,15997.0,736.835,821.0,0.043812,0.048817,23,7,Wednesday,22.1,0.0,4.100000000000001
2025-07-03 00:00:00,15918.0,15502.896,14983.0,415.104,935.0,0.026078,0.058739,0,7,Thursday,21.5,0.0,3.5
2025-07-03 01:00:00,15208.0,14592.28,14258.0,615.72,950.0,0.040487,0.062467,1,7,Thursday,20.9,0.0,2.8999999999999986
2025-07-03 02:00:00,14581.0,14126.265,13888.0,454.735,693.0,0.031187,0.047528,2,7,Thursday,20.6,0.0,2.6000000000000014
2025-07-03 03:00:00,14230.0,13890.547,13770.0,339.453,460.0,0.023855,0.032326,3,7,Thursday,20.1,0.0,2.1000000000000014
2025-07-03 04:00:00,14418.0,13970.9,13986.0,447.1,432.0,0.03101,0.029963,4,7,Thursday,19.1,0.0,1.1000000000000014
2025-07-03 05:00:00,15436.0,14577.743,14765.0,858.257,671.0,0.055601,0.04347,5,7,Thursday,19.1,0.0,1.1000000000000014
2025-07-03 06:00:00,16316.0,15448.868,16068.0,867.132,248.0,0.053146,0.0152,6,7,Thursday,18.7,0.0,0.6999999999999993
2025-07-03 07:00:00,16999.0,16223.591,17180.0,775.409,181.0,0.045615,0.010648,7,7,Thursday,19.0,0.0,1.0
2025-07-03 08:00:00,17380.0,17032.832,17980.0,347.168,600.0,0.019975,0.034522,8,7,Thursday,20.5,0.0,2.5
2025-07-03 09:00:00,17924.0,17581.63,18842.0,342.37,918.0,0.019101,0.051216,9,7,Thursday,21.4,0.0,3.3999999999999986
2025-07-03 10:00:00,18498.0,18258.914,19491.0,239.086,993.0,0.012925,0.053681,10,7,Thursday,23.2,0.0,5.199999999999999
2025-07-03 11:00:00,18984.0,19783.365,19854.0,799.365,870.0,0.042107,0.045828,11,7,Thursday,25.7,0.0,7.699999999999999
2025-07-03 12:00:00,19374.0,20018.486,20881.0,644.486,1507.0,0.033266,0.077785,12,7,Thursday,25.7,0.0,7.699999999999999
2025-07-03 13:00:00,19261.0,19643.86,21148.0,382.86,1887.0,0.019877,0.09797,13,7,Thursday,25.3,0.0,7.300000000000001
2025-07-03 14:00:00,19187.0,19026.55,21294.0,160.45,2107.0,0.008362,0.109814,14,7,Thursday,24.4,0.0,6.399999999999999
2025-07-03 15:00:00,19525.0,19091.178,21582.0,433.822,2057.0,0.022219,0.105352,15,7,Thursday,24.1,0.0,6.100000000000001
2025-07-03 16:00:00,20276.0,19529.92,21901.0,746.08,1625.0,0.036796,0.080144,16,7,Thursday,23.6,0.0,5.600000000000001
2025-07-03 17:00:00,20291.0,19197.19,21743.0,1093.81,1452.0,0.053906,0.071559,17,7,Thursday,23.0,0.0,5.0
2025-07-03 18:00:00,19970.0,18914.639,21641.0,1055.361,1671.0,0.052847,0.083676,18,7,Thursday,22.2,0.0,4.199999999999999
2025-07-03 19:00:00,19223.0,18805.045,21145.0,417.955,1922.0,0.021742,0.099984,19,7,Thursday,21.4,0.0,3.3999999999999986
2025-07-03 20:00:00,18405.0,18661.766,20910.0,256.766,2505.0,0.013951,0.136104,20,7,Thursday,21.1,0.0,3.1000000000000014
2025-07-03 21:00:00,17432.0,17449.57,19509.0,17.57,2077.0,0.001008,0.119149,21,7,Thursday,20.0,0.0,2.0
2025-07-03 22:00:00,16032.0,16264.473,18117.0,232.473,2085.0,0.014501,0.130052,22,7,Thursday,19.1,0.0,1.1000000000000014
2025-07-03 23:00:00,14910.0,15147.465,16818.0,237.465,1908.0,0.015927,0.127968,23,7,Thursday,18.3,0.0,0.3000000000000007
2025-07-04 00:00:00,13965.0,14315.685,15918.0,350.685,1953.0,0.025112,0.13985,0,7,Friday,17.6,0.3999999999999986,0.0
2025-07-04 01:00:00,13569.0,13782.148,15208.0,213.148,1639.0,0.015708,0.12079,1,7,Friday,17.0,1.0,0.0
2025-07-04 02:00:00,13332.0,13320.976,14581.0,11.024,1249.0,0.000827,0.093684,2,7,Friday,16.4,1.6000000000000014,0.0
2025-07-04 03:00:00,13131.0,13160.852,14230.0,29.852,1099.0,0.002273,0.083695,3,7,Friday,15.8,2.1999999999999993,0.0
2025-07-04 04:00:00,13243.0,13412.14,14418.0,169.14,1175.0,0.012772,0.088726,4,7,Friday,15.5,2.5,0.0
2025-07-04 05:00:00,13906.0,14251.149,15436.0,345.149,1530.0,0.02482,0.110024,5,7,Friday,15.4,2.5999999999999996,0.0
2025-07-04 06:00:00,14889.0,14887.323,16316.0,1.677,1427.0,0.000113,0.095843,6,7,Friday,16.3,1.6999999999999993,0.0
2025-07-04 07:00:00,15697.0,15598.572,16999.0,98.428,1302.0,0.00627,0.082946,7,7,Friday,18.2,0.0,0.1999999999999993
2025-07-04 08:00:00,16227.0,16140.029,17380.0,86.971,1153.0,0.00536,0.071054,8,7,Friday,19.4,0.0,1.3999999999999986
2025-07-04 09:00:00,16688.0,17015.61,17924.0,327.61,1236.0,0.019631,0.074065,9,7,Friday,21.4,0.0,3.3999999999999986
2025-07-04 10:00:00,17014.0,17704.096,18498.0,690.096,1484.0,0.04056,0.087222,10,7,Friday,22.8,0.0,4.800000000000001
2025-07-04 11:00:00,17369.0,18172.58,18984.0,803.58,1615.0,0.046265,0.092982,11,7,Friday,23.5,0.0,5.5
2025-07-04 12:00:00,17906.0,18522.074,19374.0,616.074,1468.0,0.034406,0.081984,12,7,Friday,24.2,0.0,6.199999999999999
2025-07-04 13:00:00,18425.0,18515.248,19261.0,90.248,836.0,0.004898,0.045373,13,7,Friday,24.2,0.0,6.199999999999999
2025-07-04 14:00:00,18674.0,18526.148,19187.0,147.852,513.0,0.007918,0.027471,14,7,Friday,24.5,0.0,6.5
2025-07-04 15:00:00,19395.0,18869.02,19525.0,525.98,130.0,0.027119,0.006703,15,7,Friday,24.8,0.0,6.800000000000001
2025-07-04 16:00:00,20247.0,19549.922,20276.0,697.078,29.0,0.034429,0.001432,16,7,Friday,24.8,0.0,6.800000000000001
2025-07-04 17:00:00,20495.0,19727.541,20291.0,767.459,204.0,0.037446,0.009954,17,7,Friday,24.8,0.0,6.800000000000001
2025-07-04 18:00:00,20276.0,19462.227,19970.0,813.773,306.0,0.040135,0.015092,18,7,Friday,24.3,0.0,6.300000000000001
2025-07-04 19:00:00,19611.0,18902.092,19223.0,708.908,388.0,0.036148,0.019785,19,7,Friday,23.2,0.0,5.199999999999999
2025-07-04 20:00:00,18855.0,18129.959,18405.0,725.041,450.0,0.038454,0.023866,20,7,Friday,22.1,0.0,4.100000000000001
2025-07-04 21:00:00,17787.0,17176.57,17432.0,610.43,355.0,0.034319,0.019958,21,7,Friday,21.5,0.0,3.5
2025-07-04 22:00:00,16377.0,16112.334,16032.0,264.666,345.0,0.016161,0.021066,22,7,Friday,21.1,0.0,3.1000000000000014
2025-07-04 23:00:00,15256.0,14950.052,14910.0,305.948,346.0,0.020054,0.02268,23,7,Friday,20.1,0.0,2.1000000000000014
2025-07-05 00:00:00,14461.0,13915.744,13965.0,545.256,496.0,0.037705,0.034299,0,7,Saturday,19.5,0.0,1.5
2025-07-05 01:00:00,14016.0,13501.297,13569.0,514.703,447.0,0.036723,0.031892,1,7,Saturday,19.2,0.0,1.1999999999999993
2025-07-05 02:00:00,13589.0,13240.632,13332.0,348.368,257.0,0.025636,0.018912,2,7,Saturday,18.8,0.0,0.8000000000000007
2025-07-05 03:00:00,13516.0,13028.642,13131.0,487.358,385.0,0.036058,0.028485,3,7,Saturday,18.5,0.0,0.5
2025-07-05 04:00:00,13225.0,12975.472,13243.0,249.528,18.0,0.018868,0.001361,4,7,Saturday,18.4,0.0,0.3999999999999986
2025-07-05 05:00:00,13422.0,13278.176,13906.0,143.824,484.0,0.010716,0.03606,5,7,Saturday,18.4,0.0,0.3999999999999986
2025-07-05 06:00:00,14107.0,14182.25,14889.0,75.25,782.0,0.005334,0.055433,6,7,Saturday,19.8,0.0,1.8000000000000007
2025-07-05 07:00:00,15428.0,15111.049,15697.0,316.951,269.0,0.020544,0.017436,7,7,Saturday,21.8,0.0,3.8000000000000007
2025-07-05 08:00:00,16687.0,15907.657,16227.0,779.343,460.0,0.046704,0.027566,8,7,Saturday,23.3,0.0,5.300000000000001
2025-07-05 09:00:00,18090.0,16735.988,16688.0,1354.012,1402.0,0.074849,0.077501,9,7,Saturday,25.0,0.0,7.0
2025-07-05 10:00:00,18977.0,16988.71,17014.0,1988.29,1963.0,0.104774,0.103441,10,7,Saturday,26.1,0.0,8.100000000000001
2025-07-05 11:00:00,19848.0,17401.775,17369.0,2446.225,2479.0,0.123248,0.124899,11,7,Saturday,26.9,0.0,8.899999999999999
2025-07-05 12:00:00,20371.0,18105.383,17906.0,2265.617,2465.0,0.111218,0.121005,12,7,Saturday,27.7,0.0,9.7
2025-07-05 13:00:00,20429.0,18650.506,18425.0,1778.494,2004.0,0.087057,0.098096,13,7,Saturday,28.5,0.0,10.5
2025-07-05 14:00:00,20889.0,19343.232,18674.0,1545.768,2215.0,0.073999,0.106037,14,7,Saturday,29.2,0.0,11.2
2025-07-05 15:00:00,21472.0,19757.31,19395.0,1714.69,2077.0,0.079857,0.096731,15,7,Saturday,29.5,0.0,11.5
2025-07-05 16:00:00,21795.0,20441.129,20247.0,1353.871,1548.0,0.062118,0.071025,16,7,Saturday,29.8,0.0,11.8
2025-07-05 17:00:00,22019.0,21090.152,20495.0,928.848,1524.0,0.042184,0.069213,17,7,Saturday,30.2,0.0,12.2
2025-07-05 18:00:00,21410.0,20564.36,20276.0,845.64,1134.0,0.039497,0.052966,18,7,Saturday,30.1,0.0,12.100000000000001
2025-07-05 19:00:00,21099.0,20382.523,19611.0,716.477,1488.0,0.033958,0.070525,19,7,Saturday,29.8,0.0,11.8
2025-07-05 20:00:00,20818.0,19556.05,18855.0,1261.95,1963.0,0.060618,0.094293,20,7,Saturday,27.7,0.0,9.7
2025-07-05 21:00:00,19892.0,18477.387,17787.0,1414.613,2105.0,0.071115,0.105821,21,7,Saturday,26.9,0.0,8.899999999999999
2025-07-05 22:00:00,18596.0,17234.215,16377.0,1361.785,2219.0,0.07323,0.119327,22,7,Saturday,26.4,0.0,8.399999999999999
2025-07-05 23:00:00,17477.0,15842.013,15256.0,1634.987,2221.0,0.093551,0.127081,23,7,Saturday,25.8,0.0,7.800000000000001
2025-07-06 00:00:00,16585.0,15151.574,14461.0,1433.426,2124.0,0.086429,0.128068,0,7,Sunday,25.3,0.0,7.300000000000001
2025-07-06 01:00:00,15815.0,14770.395,14016.0,1044.605,1799.0,0.066052,0.113753,1,7,Sunday,24.8,0.0,6.800000000000001
2025-07-06 02:00:00,15301.0,14034.346,13589.0,1266.654,1712.0,0.082782,0.111888,2,7,Sunday,24.3,0.0,6.300000000000001
2025-07-06 03:00:00,15021.0,13875.955,13516.0,1145.045,1505.0,0.07623,0.100193,3,7,Sunday,23.9,0.0,5.899999999999999
2025-07-06 04:00:00,14680.0,13475.696,13225.0,1204.304,1455.0,0.082037,0.099114,4,7,Sunday,23.7,0.0,5.699999999999999
2025-07-06 05:00:00,14865.0,13695.485,13422.0,1169.515,1443.0,0.078676,0.097074,5,7,Sunday,23.6,0.0,5.600000000000001
2025-07-06 06:00:00,15722.0,14264.276,14107.0,1457.724,1615.0,0.092719,0.102722,6,7,Sunday,24.4,0.0,6.399999999999999
2025-07-06 07:00:00,17441.0,15348.683,15428.0,2092.317,2013.0,0.119965,0.115418,7,7,Sunday,25.6,0.0,7.600000000000001
2025-07-06 08:00:00,18702.0,17349.682,16687.0,1352.318,2015.0,0.072309,0.107742,8,7,Sunday,27.7,0.0,9.7
2025-07-06 09:00:00,19869.0,18339.123,18090.0,1529.877,1779.0,0.076998,0.089536,9,7,Sunday,28.8,0.0,10.8
2025-07-06 10:00:00,20767.0,19270.633,18977.0,1496.367,1790.0,0.072055,0.086194,10,7,Sunday,29.7,0.0,11.7
2025-07-06 11:00:00,21439.0,19805.05,19848.0,1633.95,1591.0,0.076214,0.074211,11,7,Sunday,30.2,0.0,12.2
2025-07-06 12:00:00,21841.0,20101.51,20371.0,1739.49,1470.0,0.079643,0.067305,12,7,Sunday,31.0,0.0,13.0
2025-07-06 13:00:00,21902.0,20203.664,20429.0,1698.336,1473.0,0.077543,0.067254,13,7,Sunday,31.8,0.0,13.8
2025-07-06 14:00:00,21885.0,20624.58,20889.0,1260.42,996.0,0.057593,0.045511,14,7,Sunday,32.2,0.0,14.200000000000003
2025-07-06 15:00:00,22189.0,21379.557,21472.0,809.443,717.0,0.036479,0.032313,15,7,Sunday,32.2,0.0,14.200000000000003
2025-07-06 16:00:00,22581.0,21671.143,21795.0,909.857,786.0,0.040293,0.034808,16,7,Sunday,31.9,0.0,13.899999999999999
2025-07-06 17:00:00,22718.0,21714.303,22019.0,1003.697,699.0,0.044181,0.030769,17,7,Sunday,31.6,0.0,13.600000000000001
2025-07-06 18:00:00,22740.0,21578.41,21410.0,1161.59,1330.0,0.051081,0.058487,18,7,Sunday,31.1,0.0,13.100000000000001
2025-07-06 19:00:00,22267.0,21205.465,21099.0,1061.535,1168.0,0.047673,0.052454,19,7,Sunday,29.6,0.0,11.600000000000001
2025-07-06 20:00:00,22044.0,20687.48,20818.0,1356.52,1226.0,0.061537,0.055616,20,7,Sunday,28.3,0.0,10.3
2025-07-06 21:00:00,21155.0,19809.764,19892.0,1345.236,1263.0,0.06359,0.059702,21,7,Sunday,27.4,0.0,9.399999999999999
2025-07-06 22:00:00,19969.0,18438.879,18596.0,1530.121,1373.0,0.076625,0.068757,22,7,Sunday,26.4,0.0,8.399999999999999
2025-07-06 23:00:00,18710.0,17470.293,17477.0,1239.707,1233.0,0.066259,0.065901,23,7,Sunday,25.7,0.0,7.699999999999999
2025-07-07 00:00:00,17709.0,18159.912,16585.0,450.912,1124.0,0.025462,0.063471,0,7,Monday,25.9,0.0,7.899999999999999
2025-07-07 01:00:00,17265.0,17451.654,15815.0,186.654,1450.0,0.010811,0.083985,1,7,Monday,25.8,0.0,7.800000000000001
2025-07-07 02:00:00,16706.0,16685.203,15301.0,20.797,1405.0,0.001245,0.084102,2,7,Monday,25.6,0.0,7.600000000000001
2025-07-07 03:00:00,16641.0,16144.473,15021.0,496.527,1620.0,0.029838,0.09735,3,7,Monday,25.1,0.0,7.100000000000001
2025-07-07 04:00:00,16894.0,16163.584,14680.0,730.416,2214.0,0.043235,0.131052,4,7,Monday,25.0,0.0,7.0
2025-07-07 05:00:00,17662.0,16849.303,14865.0,812.697,2797.0,0.046014,0.158363,5,7,Monday,24.6,0.0,6.600000000000001
2025-07-07 06:00:00,18714.0,17815.238,15722.0,898.762,2992.0,0.048026,0.15988,6,7,Monday,25.0,0.0,7.0
2025-07-07 07:00:00,20013.0,19200.508,17441.0,812.492,2572.0,0.040598,0.128516,7,7,Monday,25.7,0.0,7.699999999999999
2025-07-07 08:00:00,20827.0,20642.879,18702.0,184.121,2125.0,0.00884,0.102031,8,7,Monday,27.6,0.0,9.600000000000001
2025-07-07 09:00:00,21479.0,21150.297,19869.0,328.703,1610.0,0.015303,0.074957,9,7,Monday,28.3,0.0,10.3
2025-07-07 10:00:00,21497.0,21611.49,20767.0,114.49,730.0,0.005326,0.033958,10,7,Monday,28.8,0.0,10.8
2025-07-07 11:00:00,21319.0,22208.598,21439.0,889.598,120.0,0.041728,0.005629,11,7,Monday,29.6,0.0,11.600000000000001
2025-07-07 12:00:00,21212.0,22776.998,21841.0,1564.998,629.0,0.073779,0.029653,12,7,Monday,30.3,0.0,12.3
2025-07-07 13:00:00,21721.0,22815.498,21902.0,1094.498,181.0,0.050389,0.008333,13,7,Monday,30.9,0.0,12.899999999999999
2025-07-07 14:00:00,21832.0,22950.984,21885.0,1118.984,53.0,0.051254,0.002428,14,7,Monday,31.4,0.0,13.399999999999999
2025-07-07 15:00:00,21542.0,22848.574,22189.0,1306.574,647.0,0.060652,0.030034,15,7,Monday,31.0,0.0,13.0
2025-07-07 16:00:00,21447.0,22707.576,22581.0,1260.576,1134.0,0.058776,0.052875,16,7,Monday,29.6,0.0,11.600000000000001
2025-07-07 17:00:00,20968.0,21400.896,22718.0,432.896,1750.0,0.020646,0.083461,17,7,Monday,27.3,0.0,9.3
2025-07-07 18:00:00,20698.0,21254.45,22740.0,556.45,2042.0,0.026884,0.098657,18,7,Monday,26.4,0.0,8.399999999999999
2025-07-07 19:00:00,20331.0,21147.299,22267.0,816.299,1936.0,0.04015,0.095224,19,7,Monday,25.6,0.0,7.600000000000001
2025-07-07 20:00:00,19993.0,19698.492,22044.0,294.508,2051.0,0.014731,0.102586,20,7,Monday,22.7,0.0,4.699999999999999
2025-07-07 21:00:00,19248.0,18427.95,21155.0,820.05,1907.0,0.042604,0.099075,21,7,Monday,21.5,0.0,3.5
2025-07-07 22:00:00,18017.0,17550.52,19969.0,466.48,1952.0,0.025891,0.108342,22,7,Monday,20.7,0.0,2.6999999999999993
2025-07-07 23:00:00,16790.0,16844.035,18710.0,54.035,1920.0,0.003218,0.114354,23,7,Monday,20.3,0.0,2.3000000000000007
2025-07-08 00:00:00,15813.0,15991.749,17709.0,178.749,1896.0,0.011304,0.119901,0,7,Tuesday,20.2,0.0,2.1999999999999993
2025-07-08 01:00:00,15113.0,15742.174,17265.0,629.174,2152.0,0.041631,0.142394,1,7,Tuesday,20.2,0.0,2.1999999999999993
2025-07-08 02:00:00,14792.0,15381.955,16706.0,589.955,1914.0,0.039883,0.129394,2,7,Tuesday,20.0,0.0,2.0
2025-07-08 03:00:00,14642.0,15295.506,16641.0,653.506,1999.0,0.044632,0.136525,3,7,Tuesday,19.6,0.0,1.6000000000000014
2025-07-08 04:00:00,14905.0,15452.267,16894.0,547.267,1989.0,0.036717,0.133445,4,7,Tuesday,19.4,0.0,1.3999999999999986
2025-07-08 05:00:00,15598.0,15948.648,17662.0,350.648,2064.0,0.02248,0.132325,5,7,Tuesday,19.3,0.0,1.3000000000000007
2025-07-08 06:00:00,16824.0,16699.318,18714.0,124.682,1890.0,0.007411,0.11234,6,7,Tuesday,19.6,0.0,1.6000000000000014
2025-07-08 07:00:00,17519.0,17595.736,20013.0,76.736,2494.0,0.00438,0.14236,7,7,Tuesday,20.5,0.0,2.5
2025-07-08 08:00:00,17710.0,17961.95,20827.0,251.95,3117.0,0.014226,0.176002,8,7,Tuesday,22.0,0.0,4.0
2025-07-08 09:00:00,18173.0,18513.096,21479.0,340.096,3306.0,0.018714,0.181918,9,7,Tuesday,22.7,0.0,4.699999999999999
2025-07-08 10:00:00,18425.0,18502.045,21497.0,77.045,3072.0,0.004182,0.16673,10,7,Tuesday,23.1,0.0,5.100000000000001
2025-07-08 11:00:00,18653.0,18975.006,21319.0,322.006,2666.0,0.017263,0.142926,11,7,Tuesday,24.0,0.0,6.0
2025-07-08 12:00:00,19272.0,19040.838,21212.0,231.162,1940.0,0.011995,0.100664,12,7,Tuesday,24.3,0.0,6.300000000000001
2025-07-08 13:00:00,19635.0,19048.693,21721.0,586.307,2086.0,0.02986,0.106239,13,7,Tuesday,24.1,0.0,6.100000000000001
2025-07-08 14:00:00,20001.0,19365.2,21832.0,635.8,1831.0,0.031788,0.091545,14,7,Tuesday,24.8,0.0,6.800000000000001
2025-07-08 15:00:00,20463.0,19514.959,21542.0,948.041,1079.0,0.04633,0.052729,15,7,Tuesday,25.1,0.0,7.100000000000001
2025-07-08 16:00:00,21140.0,20640.895,21447.0,499.105,307.0,0.02361,0.014522,16,7,Tuesday,25.3,0.0,7.300000000000001
2025-07-08 17:00:00,21259.0,20699.88,20968.0,559.12,291.0,0.0263,0.013688,17,7,Tuesday,25.3,0.0,7.300000000000001
2025-07-08 18:00:00,21263.0,20326.924,20698.0,936.076,565.0,0.044024,0.026572,18,7,Tuesday,24.7,0.0,6.699999999999999
2025-07-08 19:00:00,20656.0,19712.938,20331.0,943.062,325.0,0.045656,0.015734,19,7,Tuesday,23.6,0.0,5.600000000000001
2025-07-08 20:00:00,20145.0,19045.318,19993.0,1099.682,152.0,0.054588,0.007545,20,7,Tuesday,22.0,0.0,4.0
2025-07-08 21:00:00,19239.0,18369.621,19248.0,869.379,9.0,0.045188,0.000468,21,7,Tuesday,21.9,0.0,3.8999999999999986
2025-07-08 22:00:00,17825.0,17312.928,18017.0,512.072,192.0,0.028728,0.010771,22,7,Tuesday,21.8,0.0,3.8000000000000007
2025-07-08 23:00:00,16416.0,16338.913,16790.0,77.087,374.0,0.004696,0.022783,23,7,Tuesday,21.7,0.0,3.6999999999999993
2025-07-09 00:00:00,15530.0,15430.339,15813.0,99.661,283.0,0.006417,0.018223,0,7,Wednesday,21.3,0.0,3.3000000000000007
2025-07-09 01:00:00,14880.0,14803.184,15113.0,76.816,233.0,0.005162,0.015659,1,7,Wednesday,21.1,0.0,3.1000000000000014
2025-07-09 02:00:00,14519.0,14476.645,14792.0,42.355,273.0,0.002917,0.018803,2,7,Wednesday,20.6,0.0,2.6000000000000014
2025-07-09 03:00:00,14302.0,14166.197,14642.0,135.803,340.0,0.009495,0.023773,3,7,Wednesday,19.9,0.0,1.8999999999999986
2025-07-09 04:00:00,14581.0,14470.117,14905.0,110.883,324.0,0.007605,0.022221,4,7,Wednesday,19.6,0.0,1.6000000000000014
2025-07-09 05:00:00,15296.0,14710.9,15598.0,585.1,302.0,0.038252,0.019744,5,7,Wednesday,19.2,0.0,1.1999999999999993
2025-07-09 06:00:00,16216.0,15846.828,16824.0,369.172,608.0,0.022766,0.037494,6,7,Wednesday,19.5,0.0,1.5
2025-07-09 07:00:00,17446.0,16748.996,17519.0,697.004,73.0,0.039952,0.004184,7,7,Wednesday,20.7,0.0,2.6999999999999993
2025-07-09 08:00:00,18391.0,17453.898,17710.0,937.102,681.0,0.050954,0.037029,8,7,Wednesday,22.5,0.0,4.5
2025-07-09 09:00:00,18913.0,18154.012,18173.0,758.988,740.0,0.04013,0.039127,9,7,Wednesday,23.7,0.0,5.699999999999999
2025-07-09 10:00:00,19026.0,18633.568,18425.0,392.432,601.0,0.020626,0.031588,10,7,Wednesday,24.8,0.0,6.800000000000001
2025-07-09 11:00:00,19284.0,18659.43,18653.0,624.57,631.0,0.032388,0.032721,11,7,Wednesday,24.8,0.0,6.800000000000001
2025-07-09 12:00:00,19497.0,18130.438,19272.0,1366.562,225.0,0.070091,0.01154,12,7,Wednesday,22.8,0.0,4.800000000000001
2025-07-09 13:00:00,19685.0,18329.13,19635.0,1355.87,50.0,0.068878,0.00254,13,7,Wednesday,23.1,0.0,5.100000000000001
2025-07-09 14:00:00,20305.0,18860.9,20001.0,1444.1,304.0,0.07112,0.014972,14,7,Wednesday,24.1,0.0,6.100000000000001
2025-07-09 15:00:00,21308.0,19380.807,20463.0,1927.193,845.0,0.090445,0.039656,15,7,Wednesday,24.9,0.0,6.899999999999999
2025-07-09 16:00:00,21727.0,20610.84,21140.0,1116.16,587.0,0.051372,0.027017,16,7,Wednesday,25.5,0.0,7.5
2025-07-09 17:00:00,21406.0,20335.139,21259.0,1070.861,147.0,0.050026,0.006867,17,7,Wednesday,25.2,0.0,7.199999999999999
2025-07-09 18:00:00,20764.0,19337.197,21263.0,1426.803,499.0,0.068715,0.024032,18,7,Wednesday,22.8,0.0,4.800000000000001
2025-07-09 19:00:00,20233.0,19694.676,20656.0,538.324,423.0,0.026606,0.020906,19,7,Wednesday,23.4,0.0,5.399999999999999
2025-07-09 20:00:00,20089.0,18899.004,20145.0,1189.996,56.0,0.059236,0.002788,20,7,Wednesday,21.2,0.0,3.1999999999999993
2025-07-09 21:00:00,19151.0,18054.867,19239.0,1096.133,88.0,0.057236,0.004595,21,7,Wednesday,20.8,0.0,2.8000000000000007
2025-07-09 22:00:00,17695.0,16938.611,17825.0,756.389,130.0,0.042746,0.007347,22,7,Wednesday,20.5,0.0,2.5
2025-07-09 23:00:00,16444.0,15598.087,16416.0,845.913,28.0,0.051442,0.001703,23,7,Wednesday,20.2,0.0,2.1999999999999993
2025-07-10 00:00:00,15463.0,15062.832,15530.0,400.168,67.0,0.025879,0.004333,0,7,Thursday,20.2,0.0,2.1999999999999993
2025-07-10 01:00:00,14822.0,14593.225,14880.0,228.775,58.0,0.015435,0.003913,1,7,Thursday,20.2,0.0,2.1999999999999993
2025-07-10 02:00:00,14475.0,14278.678,14519.0,196.322,44.0,0.013563,0.00304,2,7,Thursday,20.1,0.0,2.1000000000000014
2025-07-10 03:00:00,14316.0,14117.613,14302.0,198.387,14.0,0.013858,0.000978,3,7,Thursday,19.9,0.0,1.8999999999999986
2025-07-10 04:00:00,14728.0,14349.508,14581.0,378.492,147.0,0.025699,0.009981,4,7,Thursday,19.6,0.0,1.6000000000000014
2025-07-10 05:00:00,15354.0,15000.603,15296.0,353.397,58.0,0.023017,0.003778,5,7,Thursday,19.6,0.0,1.6000000000000014
2025-07-10 06:00:00,16456.0,15655.558,16216.0,800.442,240.0,0.048641,0.014584,6,7,Thursday,19.8,0.0,1.8000000000000007
2025-07-10 07:00:00,17497.0,16851.076,17446.0,645.924,51.0,0.036916,0.002915,7,7,Thursday,21.1,0.0,3.1000000000000014
2025-07-10 08:00:00,18491.0,17696.871,18391.0,794.129,100.0,0.042947,0.005408,8,7,Thursday,22.4,0.0,4.399999999999999
2025-07-10 09:00:00,19473.0,18605.34,18913.0,867.66,560.0,0.044557,0.028758,9,7,Thursday,24.1,0.0,6.100000000000001
2025-07-10 10:00:00,20142.0,18824.223,19026.0,1317.777,1116.0,0.065424,0.055407,10,7,Thursday,25.1,0.0,7.100000000000001
2025-07-10 11:00:00,20716.0,19209.719,19284.0,1506.281,1432.0,0.072711,0.069125,11,7,Thursday,25.6,0.0,7.600000000000001
2025-07-10 12:00:00,21305.0,19718.518,19497.0,1586.482,1808.0,0.074465,0.084863,12,7,Thursday,26.0,0.0,8.0
2025-07-10 13:00:00,21588.0,19520.943,19685.0,2067.057,1903.0,0.09575,0.088151,13,7,Thursday,25.6,0.0,7.600000000000001
2025-07-10 14:00:00,21878.0,19909.713,20305.0,1968.287,1573.0,0.089966,0.071899,14,7,Thursday,25.7,0.0,7.699999999999999
2025-07-10 15:00:00,22198.0,20681.457,21308.0,1516.543,890.0,0.068319,0.040094,15,7,Thursday,26.7,0.0,8.7
2025-07-10 16:00:00,22884.0,20881.512,21727.0,2002.488,1157.0,0.087506,0.050559,16,7,Thursday,26.2,0.0,8.2
2025-07-10 17:00:00,22526.0,20366.77,21406.0,2159.23,1120.0,0.095855,0.04972,17,7,Thursday,25.0,0.0,7.0
2025-07-10 18:00:00,22377.0,20868.037,20764.0,1508.963,1613.0,0.067434,0.072083,18,7,Thursday,25.7,0.0,7.699999999999999
2025-07-10 19:00:00,21928.0,20580.32,20233.0,1347.68,1695.0,0.061459,0.077298,19,7,Thursday,25.3,0.0,7.300000000000001
2025-07-10 20:00:00,21569.0,20162.408,20089.0,1406.592,1480.0,0.065214,0.068617,20,7,Thursday,24.7,0.0,6.699999999999999
2025-07-10 21:00:00,20277.0,19060.867,19151.0,1216.133,1126.0,0.059976,0.055531,21,7,Thursday,24.0,0.0,6.0
2025-07-10 22:00:00,18911.0,17854.146,17695.0,1056.854,1216.0,0.055886,0.064301,22,7,Thursday,23.5,0.0,5.5
2025-07-10 23:00:00,17665.0,16796.113,16444.0,868.887,1221.0,0.049187,0.06912,23,7,Thursday,23.5,0.0,5.5
2025-07-11 00:00:00,16480.0,15724.284,15463.0,755.716,1017.0,0.045857,0.061711,0,7,Friday,22.9,0.0,4.899999999999999
2025-07-11 01:00:00,15771.0,15089.88,14822.0,681.12,949.0,0.043188,0.060174,1,7,Friday,22.2,0.0,4.199999999999999
2025-07-11 02:00:00,15140.0,14615.547,14475.0,524.453,665.0,0.03464,0.043923,2,7,Friday,21.6,0.0,3.6000000000000014
2025-07-11 03:00:00,14884.0,14504.292,14316.0,379.708,568.0,0.025511,0.038162,3,7,Friday,21.0,0.0,3.0
2025-07-11 04:00:00,15145.0,14537.785,14728.0,607.215,417.0,0.040093,0.027534,4,7,Friday,20.6,0.0,2.6000000000000014
2025-07-11 05:00:00,16066.0,14977.483,15354.0,1088.517,712.0,0.067753,0.044317,5,7,Friday,20.3,0.0,2.3000000000000007
2025-07-11 06:00:00,16863.0,15858.708,16456.0,1004.292,407.0,0.059556,0.024136,6,7,Friday,20.9,0.0,2.8999999999999986
2025-07-11 07:00:00,18124.0,17128.62,17497.0,995.38,627.0,0.054921,0.034595,7,7,Friday,22.2,0.0,4.199999999999999
2025-07-11 08:00:00,18945.0,18132.553,18491.0,812.447,454.0,0.042885,0.023964,8,7,Friday,23.8,0.0,5.800000000000001
2025-07-11 09:00:00,19956.0,19120.793,19473.0,835.207,483.0,0.041852,0.024203,9,7,Friday,25.4,0.0,7.399999999999999
2025-07-11 10:00:00,20776.0,19635.703,20142.0,1140.297,634.0,0.054885,0.030516,10,7,Friday,26.0,0.0,8.0
2025-07-11 11:00:00,21214.0,19866.111,20716.0,1347.889,498.0,0.063538,0.023475,11,7,Friday,25.9,0.0,7.899999999999999
2025-07-11 12:00:00,21814.0,20511.69,21305.0,1302.31,509.0,0.059701,0.023334,12,7,Friday,26.7,0.0,8.7
2025-07-11 13:00:00,22005.0,21012.1,21588.0,992.9,417.0,0.045122,0.01895,13,7,Friday,27.5,0.0,9.5
2025-07-11 14:00:00,22053.0,21489.482,21878.0,563.518,175.0,0.025553,0.007935,14,7,Friday,28.0,0.0,10.0
2025-07-11 15:00:00,21960.0,21419.328,22198.0,540.672,238.0,0.024621,0.010838,15,7,Friday,27.7,0.0,9.7
2025-07-11 16:00:00,22397.0,21437.37,22884.0,959.63,487.0,0.042846,0.021744,16,7,Friday,27.5,0.0,9.5
2025-07-11 17:00:00,22481.0,21254.523,22526.0,1226.477,45.0,0.054556,0.002002,17,7,Friday,27.2,0.0,9.2
2025-07-11 18:00:00,22339.0,21107.346,22377.0,1231.654,38.0,0.055135,0.001701,18,7,Friday,26.5,0.0,8.5
2025-07-11 19:00:00,21876.0,20886.322,21928.0,989.678,52.0,0.04524,0.002377,19,7,Friday,25.7,0.0,7.699999999999999
2025-07-11 20:00:00,21868.0,20954.79,21569.0,913.21,299.0,0.04176,0.013673,20,7,Friday,26.2,0.0,8.2
2025-07-11 21:00:00,20731.0,19298.975,20277.0,1432.025,454.0,0.069077,0.0219,21,7,Friday,24.8,0.0,6.800000000000001
2025-07-11 22:00:00,19461.0,18426.29,18911.0,1034.71,550.0,0.053168,0.028262,22,7,Friday,24.2,0.0,6.199999999999999
2025-07-11 23:00:00,18039.0,17281.729,17665.0,757.271,374.0,0.04198,0.020733,23,7,Friday,23.9,0.0,5.899999999999999
2025-07-12 00:00:00,17087.0,15385.692,16480.0,1701.308,607.0,0.099567,0.035524,0,7,Saturday,23.7,0.0,5.699999999999999
2025-07-12 01:00:00,16463.0,14733.411,15771.0,1729.589,692.0,0.105059,0.042034,1,7,Saturday,23.4,0.0,5.399999999999999
2025-07-12 02:00:00,15836.0,14200.621,15140.0,1635.379,696.0,0.10327,0.04395,2,7,Saturday,22.8,0.0,4.800000000000001
2025-07-12 03:00:00,15499.0,13907.31,14884.0,1591.69,615.0,0.102696,0.03968,3,7,Saturday,22.4,0.0,4.399999999999999
2025-07-12 04:00:00,15213.0,13776.154,15145.0,1436.846,68.0,0.094449,0.00447,4,7,Saturday,22.0,0.0,4.0
2025-07-12 05:00:00,15290.0,14315.287,16066.0,974.713,776.0,0.063748,0.050752,5,7,Saturday,21.9,0.0,3.8999999999999986
2025-07-12 06:00:00,15908.0,14940.02,16863.0,967.979,955.0,0.060849,0.060033,6,7,Saturday,22.3,0.0,4.300000000000001
2025-07-12 07:00:00,17463.0,16303.689,18124.0,1159.311,661.0,0.066387,0.037851,7,7,Saturday,23.7,0.0,5.699999999999999
2025-07-12 08:00:00,19050.0,17175.9,18945.0,1874.1,105.0,0.098378,0.005512,8,7,Saturday,24.8,0.0,6.800000000000001
2025-07-12 09:00:00,20165.0,18352.133,19956.0,1812.867,209.0,0.089902,0.010364,9,7,Saturday,26.0,0.0,8.0
2025-07-12 10:00:00,20997.0,19064.762,20776.0,1932.238,221.0,0.092024,0.010525,10,7,Saturday,26.8,0.0,8.8
2025-07-12 11:00:00,21531.0,19612.982,21214.0,1918.018,317.0,0.089082,0.014723,11,7,Saturday,28.0,0.0,10.0
2025-07-12 12:00:00,21966.0,20516.54,21814.0,1449.46,152.0,0.065987,0.00692,12,7,Saturday,29.2,0.0,11.2
2025-07-12 13:00:00,22060.0,21015.95,22005.0,1044.05,55.0,0.047328,0.002493,13,7,Saturday,30.2,0.0,12.2
2025-07-12 14:00:00,22109.0,21166.582,22053.0,942.418,56.0,0.042626,0.002533,14,7,Saturday,30.9,0.0,12.899999999999999
2025-07-12 15:00:00,22522.0,21504.57,21960.0,1017.43,562.0,0.045175,0.024953,15,7,Saturday,31.6,0.0,13.600000000000001
2025-07-12 16:00:00,22761.0,21848.854,22397.0,912.146,364.0,0.040075,0.015992,16,7,Saturday,31.7,0.0,13.7
2025-07-12 17:00:00,22837.0,21857.852,22481.0,979.148,356.0,0.042876,0.015589,17,7,Saturday,31.3,0.0,13.3
2025-07-12 18:00:00,22757.0,21604.838,22339.0,1152.162,418.0,0.050629,0.018368,18,7,Saturday,30.6,0.0,12.600000000000001
2025-07-12 19:00:00,21999.0,21308.043,21876.0,690.957,123.0,0.031409,0.005591,19,7,Saturday,29.6,0.0,11.600000000000001
2025-07-12 20:00:00,21663.0,20814.594,21868.0,848.406,205.0,0.039164,0.009463,20,7,Saturday,28.9,0.0,10.899999999999999
2025-07-12 21:00:00,21192.0,19913.543,20731.0,1278.457,461.0,0.060327,0.021753,21,7,Saturday,27.5,0.0,9.5
2025-07-12 22:00:00,20180.0,18573.332,19461.0,1606.668,719.0,0.079617,0.035629,22,7,Saturday,26.6,0.0,8.600000000000001
2025-07-12 23:00:00,18907.0,17367.6,18039.0,1539.4,868.0,0.08142,0.045909,23,7,Saturday,26.1,0.0,8.100000000000001
2025-07-13 00:00:00,17947.0,16560.322,17087.0,1386.678,860.0,0.077265,0.047919,0,7,Sunday,25.8,0.0,7.800000000000001
2025-07-13 01:00:00,17091.0,16156.57,16463.0,934.43,628.0,0.054674,0.036744,1,7,Sunday,25.9,0.0,7.899999999999999
2025-07-13 02:00:00,16470.0,15669.653,15836.0,800.347,634.0,0.048594,0.038494,2,7,Sunday,25.6,0.0,7.600000000000001
2025-07-13 03:00:00,16196.0,14844.237,15499.0,1351.763,697.0,0.083463,0.043035,3,7,Sunday,24.9,0.0,6.899999999999999
2025-07-13 04:00:00,15793.0,14520.168,15213.0,1272.832,580.0,0.080595,0.036725,4,7,Sunday,24.6,0.0,6.600000000000001
2025-07-13 05:00:00,15869.0,14461.556,15290.0,1407.444,579.0,0.088691,0.036486,5,7,Sunday,23.9,0.0,5.899999999999999
2025-07-13 06:00:00,16662.0,15432.12,15908.0,1229.88,754.0,0.073813,0.045253,6,7,Sunday,24.0,0.0,6.0
2025-07-13 07:00:00,17548.0,16890.709,17463.0,657.291,85.0,0.037457,0.004844,7,7,Sunday,25.0,0.0,7.0
2025-07-13 08:00:00,18397.0,16812.02,19050.0,1584.98,653.0,0.086154,0.035495,8,7,Sunday,23.6,0.0,5.600000000000001
2025-07-13 09:00:00,19179.0,17487.281,20165.0,1691.719,986.0,0.088207,0.05141,9,7,Sunday,24.9,0.0,6.899999999999999
2025-07-13 10:00:00,19645.0,18532.123,20997.0,1112.877,1352.0,0.056649,0.068822,10,7,Sunday,25.9,0.0,7.899999999999999
2025-07-13 11:00:00,20589.0,18916.25,21531.0,1672.75,942.0,0.081245,0.045753,11,7,Sunday,27.0,0.0,9.0
2025-07-13 12:00:00,21052.0,19656.73,21966.0,1395.27,914.0,0.066277,0.043416,12,7,Sunday,28.7,0.0,10.7
2025-07-13 13:00:00,21728.0,19590.871,22060.0,2137.129,332.0,0.098358,0.01528,13,7,Sunday,28.4,0.0,10.399999999999999
2025-07-13 14:00:00,22119.0,20587.906,22109.0,1531.094,10.0,0.069221,0.000452,14,7,Sunday,29.8,0.0,11.8
2025-07-13 15:00:00,22402.0,20923.756,22522.0,1478.244,120.0,0.065987,0.005357,15,7,Sunday,30.3,0.0,12.3
2025-07-13 16:00:00,22746.0,21330.715,22761.0,1415.285,15.0,0.062221,0.000659,16,7,Sunday,30.7,0.0,12.7
2025-07-13 17:00:00,22918.0,21371.473,22837.0,1546.527,81.0,0.067481,0.003534,17,7,Sunday,30.8,0.0,12.8
2025-07-13 18:00:00,22485.0,21287.42,22757.0,1197.58,272.0,0.053261,0.012097,18,7,Sunday,30.0,0.0,12.0
2025-07-13 19:00:00,22179.0,21206.082,21999.0,972.918,180.0,0.043867,0.008116,19,7,Sunday,29.7,0.0,11.7
2025-07-13 20:00:00,21622.0,20520.86,21663.0,1101.14,41.0,0.050927,0.001896,20,7,Sunday,28.8,0.0,10.8
2025-07-13 21:00:00,20506.0,19674.5,21192.0,831.5,686.0,0.040549,0.033454,21,7,Sunday,26.9,0.0,8.899999999999999
2025-07-13 22:00:00,18939.0,18329.684,20180.0,609.316,1241.0,0.032173,0.065526,22,7,Sunday,25.3,0.0,7.300000000000001
2025-07-13 23:00:00,17686.0,17192.156,18907.0,493.844,1221.0,0.027923,0.069038,23,7,Sunday,24.6,0.0,6.600000000000001
2025-07-14 00:00:00,16515.0,17955.525,17947.0,1440.525,1432.0,0.087225,0.086709,0,7,Monday,24.0,0.0,6.0
2025-07-14 01:00:00,15690.0,17150.506,17091.0,1460.506,1401.0,0.093085,0.089293,1,7,Monday,23.5,0.0,5.5
2025-07-14 02:00:00,15358.0,16498.496,16470.0,1140.496,1112.0,0.074261,0.072405,2,7,Monday,23.3,0.0,5.300000000000001
2025-07-14 03:00:00,15149.0,16564.674,16196.0,1415.674,1047.0,0.09345,0.069113,3,7,Monday,23.1,0.0,5.100000000000001
2025-07-14 04:00:00,15461.0,16476.451,15793.0,1015.451,332.0,0.065678,0.021473,4,7,Monday,22.8,0.0,4.800000000000001
2025-07-14 05:00:00,16294.0,16688.0,15869.0,394.0,425.0,0.024181,0.026083,5,7,Monday,22.5,0.0,4.5
2025-07-14 06:00:00,17408.0,17375.049,16662.0,32.951,746.0,0.001893,0.042854,6,7,Monday,22.8,0.0,4.800000000000001
2025-07-14 07:00:00,18246.0,18280.844,17548.0,34.844,698.0,0.00191,0.038255,7,7,Monday,23.5,0.0,5.5
2025-07-14 08:00:00,18905.0,18658.969,18397.0,246.031,508.0,0.013014,0.026871,8,7,Monday,24.2,0.0,6.199999999999999
2025-07-14 09:00:00,19665.0,19137.438,19179.0,527.562,486.0,0.026827,0.024714,9,7,Monday,25.4,0.0,7.399999999999999
2025-07-14 10:00:00,20402.0,20249.104,19645.0,152.896,757.0,0.007494,0.037104,10,7,Monday,27.0,0.0,9.0
2025-07-14 11:00:00,20905.0,21052.521,20589.0,147.521,316.0,0.007057,0.015116,11,7,Monday,28.4,0.0,10.399999999999999
2025-07-14 12:00:00,21889.0,21366.627,21052.0,522.373,837.0,0.023865,0.038238,12,7,Monday,28.7,0.0,10.7
2025-07-14 13:00:00,22009.0,21364.402,21728.0,644.598,281.0,0.029288,0.012768,13,7,Monday,28.6,0.0,10.600000000000001
2025-07-14 14:00:00,22096.0,21201.475,22119.0,894.525,23.0,0.040484,0.001041,14,7,Monday,27.7,0.0,9.7
2025-07-14 15:00:00,22406.0,21410.87,22402.0,995.13,4.0,0.044414,0.000179,15,7,Monday,28.0,0.0,10.0
2025-07-14 16:00:00,22914.0,21692.557,22746.0,1221.443,168.0,0.053306,0.007332,16,7,Monday,28.2,0.0,10.2
2025-07-14 17:00:00,22760.0,21619.555,22918.0,1140.445,158.0,0.050107,0.006942,17,7,Monday,27.6,0.0,9.600000000000001
2025-07-14 18:00:00,22548.0,21224.723,22485.0,1323.277,63.0,0.058687,0.002794,18,7,Monday,27.2,0.0,9.2
2025-07-14 19:00:00,22121.0,21155.822,22179.0,965.178,58.0,0.043632,0.002622,19,7,Monday,26.7,0.0,8.7
2025-07-14 20:00:00,21871.0,20962.857,21622.0,908.143,249.0,0.041523,0.011385,20,7,Monday,26.2,0.0,8.2
2025-07-14 21:00:00,20841.0,20422.283,20506.0,418.717,335.0,0.020091,0.016074,21,7,Monday,25.8,0.0,7.800000000000001
2025-07-14 22:00:00,19234.0,19115.645,18939.0,118.355,295.0,0.006153,0.015337,22,7,Monday,25.5,0.0,7.5
2025-07-14 23:00:00,17568.0,18419.586,17686.0,851.586,118.0,0.048474,0.006717,23,7,Monday,25.0,0.0,7.0
2025-07-15 00:00:00,16520.0,17660.078,16515.0,1140.078,5.0,0.069012,0.000303,0,7,Tuesday,24.9,0.0,6.899999999999999
2025-07-15 01:00:00,15836.0,16250.784,15690.0,414.784,146.0,0.026192,0.009219,1,7,Tuesday,23.9,0.0,5.899999999999999
2025-07-15 02:00:00,15134.0,15784.751,15358.0,650.751,224.0,0.042999,0.014801,2,7,Tuesday,23.0,0.0,5.0
2025-07-15 03:00:00,14941.0,15415.356,15149.0,474.356,208.0,0.031749,0.013921,3,7,Tuesday,22.4,0.0,4.399999999999999
2025-07-15 04:00:00,15089.0,15515.321,15461.0,426.321,372.0,0.028254,0.024654,4,7,Tuesday,21.8,0.0,3.8000000000000007
2025-07-15 05:00:00,15685.0,15903.192,16294.0,218.192,609.0,0.013911,0.038827,5,7,Tuesday,21.0,0.0,3.0
2025-07-15 06:00:00,17006.0,16773.928,17408.0,232.072,402.0,0.013646,0.023639,6,7,Tuesday,21.2,0.0,3.1999999999999993
2025-07-15 07:00:00,18378.0,17924.58,18246.0,453.42,132.0,0.024672,0.007183,7,7,Tuesday,23.3,0.0,5.300000000000001
2025-07-15 08:00:00,19271.0,19573.193,18905.0,302.193,366.0,0.015681,0.018992,8,7,Tuesday,25.9,0.0,7.899999999999999
2025-07-15 09:00:00,20262.0,20472.648,19665.0,210.648,597.0,0.010396,0.029464,9,7,Tuesday,27.4,0.0,9.399999999999999
2025-07-15 10:00:00,20998.0,20872.82,20402.0,125.18,596.0,0.005962,0.028384,10,7,Tuesday,27.9,0.0,9.899999999999999
2025-07-15 11:00:00,21497.0,21181.129,20905.0,315.871,592.0,0.014694,0.027539,11,7,Tuesday,28.5,0.0,10.5
2025-07-15 12:00:00,22287.0,22048.139,21889.0,238.861,398.0,0.010718,0.017858,12,7,Tuesday,29.2,0.0,11.2
2025-07-15 13:00:00,22535.0,22485.35,22009.0,49.65,526.0,0.002203,0.023341,13,7,Tuesday,29.7,0.0,11.7
2025-07-15 14:00:00,22927.0,22662.336,22096.0,264.664,831.0,0.011544,0.036245,14,7,Tuesday,30.1,0.0,12.100000000000001
2025-07-15 15:00:00,23240.0,22731.928,22406.0,508.072,834.0,0.021862,0.035886,15,7,Tuesday,30.1,0.0,12.100000000000001
2025-07-15 16:00:00,23261.0,22902.205,22914.0,358.795,347.0,0.015425,0.014918,16,7,Tuesday,30.2,0.0,12.2
2025-07-15 17:00:00,23116.0,22877.68,22760.0,238.32,356.0,0.01031,0.015401,17,7,Tuesday,30.0,0.0,12.0
2025-07-15 18:00:00,23090.0,22629.602,22548.0,460.398,542.0,0.019939,0.023473,18,7,Tuesday,29.6,0.0,11.600000000000001
2025-07-15 19:00:00,22880.0,21888.615,22121.0,991.385,759.0,0.04333,0.033173,19,7,Tuesday,28.6,0.0,10.600000000000001
2025-07-15 20:00:00,22653.0,21704.92,21871.0,948.08,782.0,0.041852,0.034521,20,7,Tuesday,27.7,0.0,9.7
2025-07-15 21:00:00,21732.0,20948.758,20841.0,783.242,891.0,0.036041,0.040999,21,7,Tuesday,26.9,0.0,8.899999999999999
2025-07-15 22:00:00,20040.0,19540.127,19234.0,499.873,806.0,0.024944,0.04022,22,7,Tuesday,26.2,0.0,8.2
2025-07-15 23:00:00,18556.0,18401.273,17568.0,154.727,988.0,0.008338,0.053244,23,7,Tuesday,25.6,0.0,7.600000000000001
2025-07-16 00:00:00,17264.0,17374.496,16520.0,110.496,744.0,0.0064,0.043095,0,7,Wednesday,24.8,0.0,6.800000000000001
2025-07-16 01:00:00,16339.0,16060.047,15836.0,278.953,503.0,0.017073,0.030785,1,7,Wednesday,23.7,0.0,5.699999999999999
2025-07-16 02:00:00,15697.0,15444.49,15134.0,252.51,563.0,0.016087,0.035867,2,7,Wednesday,23.7,0.0,5.699999999999999
2025-07-16 03:00:00,15292.0,15386.525,14941.0,94.525,351.0,0.006181,0.022953,3,7,Wednesday,23.7,0.0,5.699999999999999
2025-07-16 04:00:00,15489.0,15605.11,15089.0,116.11,400.0,0.007496,0.025825,4,7,Wednesday,23.4,0.0,5.399999999999999
2025-07-16 05:00:00,16295.0,16091.078,15685.0,203.922,610.0,0.012514,0.037435,5,7,Wednesday,22.8,0.0,4.800000000000001
2025-07-16 06:00:00,17654.0,17732.121,17006.0,78.121,648.0,0.004425,0.036706,6,7,Wednesday,24.0,0.0,6.0
2025-07-16 07:00:00,19309.0,19245.537,18378.0,63.463,931.0,0.003287,0.048216,7,7,Wednesday,25.5,0.0,7.5
2025-07-16 08:00:00,20568.0,19606.65,19271.0,961.35,1297.0,0.04674,0.063059,8,7,Wednesday,26.0,0.0,8.0
2025-07-16 09:00:00,21608.0,20786.955,20262.0,821.045,1346.0,0.037997,0.062292,9,7,Wednesday,27.7,0.0,9.7
2025-07-16 10:00:00,22355.0,21431.03,20998.0,923.97,1357.0,0.041332,0.060702,10,7,Wednesday,28.8,0.0,10.8
2025-07-16 11:00:00,22811.0,21750.85,21497.0,1060.15,1314.0,0.046475,0.057604,11,7,Wednesday,29.0,0.0,11.0
2025-07-16 12:00:00,23131.0,22004.125,22287.0,1126.875,844.0,0.048717,0.036488,12,7,Wednesday,29.1,0.0,11.100000000000001
2025-07-16 13:00:00,23457.0,21986.324,22535.0,1470.676,922.0,0.062697,0.039306,13,7,Wednesday,29.1,0.0,11.100000000000001
2025-07-16 14:00:00,23611.0,22708.299,22927.0,902.701,684.0,0.038232,0.02897,14,7,Wednesday,30.1,0.0,12.100000000000001
2025-07-16 15:00:00,23189.0,22967.025,23240.0,221.975,51.0,0.009572,0.002199,15,7,Wednesday,30.9,0.0,12.899999999999999
2025-07-16 16:00:00,23027.0,23082.16,23261.0,55.16,234.0,0.002395,0.010162,16,7,Wednesday,30.9,0.0,12.899999999999999
2025-07-16 17:00:00,22837.0,22925.87,23116.0,88.87,279.0,0.003891,0.012217,17,7,Wednesday,30.0,0.0,12.0
2025-07-16 18:00:00,22927.0,22505.3,23090.0,421.7,163.0,0.018393,0.00711,18,7,Wednesday,29.3,0.0,11.3
2025-07-16 19:00:00,23214.0,21938.596,22880.0,1275.404,334.0,0.054941,0.014388,19,7,Wednesday,28.6,0.0,10.600000000000001
2025-07-16 20:00:00,23159.0,21207.87,22653.0,1951.13,506.0,0.084249,0.021849,20,7,Wednesday,26.4,0.0,8.399999999999999
2025-07-16 21:00:00,21727.0,20672.428,21732.0,1054.572,5.0,0.048537,0.00023,21,7,Wednesday,26.1,0.0,8.100000000000001
2025-07-16 22:00:00,20433.0,19676.074,20040.0,756.926,393.0,0.037044,0.019234,22,7,Wednesday,25.5,0.0,7.5
2025-07-16 23:00:00,19148.0,18487.277,18556.0,660.723,592.0,0.034506,0.030917,23,7,Wednesday,25.1,0.0,7.100000000000001
2025-07-17 00:00:00,18155.0,17819.28,17264.0,335.72,891.0,0.018492,0.049077,0,7,Thursday,24.6,0.0,6.600000000000001
2025-07-17 01:00:00,17422.0,16732.95,16339.0,689.05,1083.0,0.039551,0.062163,1,7,Thursday,24.2,0.0,6.199999999999999
2025-07-17 02:00:00,16895.0,16013.409,15697.0,881.591,1198.0,0.052181,0.070909,2,7,Thursday,24.2,0.0,6.199999999999999
2025-07-17 03:00:00,16645.0,15587.021,15292.0,1057.979,1353.0,0.063561,0.081286,3,7,Thursday,23.8,0.0,5.800000000000001
2025-07-17 04:00:00,16903.0,15757.0,15489.0,1146.0,1414.0,0.067799,0.083654,4,7,Thursday,23.9,0.0,5.899999999999999
2025-07-17 05:00:00,17848.0,16969.684,16295.0,878.316,1553.0,0.049211,0.087013,5,7,Thursday,24.0,0.0,6.0
2025-07-17 06:00:00,19213.0,18405.332,17654.0,807.668,1559.0,0.042038,0.081143,6,7,Thursday,24.4,0.0,6.399999999999999
2025-07-17 07:00:00,20124.0,19345.418,19309.0,778.582,815.0,0.038689,0.040499,7,7,Thursday,25.3,0.0,7.300000000000001
2025-07-17 08:00:00,20399.0,20142.688,20568.0,256.312,169.0,0.012565,0.008285,8,7,Thursday,26.1,0.0,8.100000000000001
2025-07-17 09:00:00,20851.0,20631.877,21608.0,219.123,757.0,0.010509,0.036305,9,7,Thursday,27.1,0.0,9.100000000000001
2025-07-17 10:00:00,21084.0,21561.363,22355.0,477.363,1271.0,0.022641,0.060283,10,7,Thursday,28.2,0.0,10.2
2025-07-17 11:00:00,20996.0,21611.314,22811.0,615.314,1815.0,0.029306,0.086445,11,7,Thursday,28.6,0.0,10.600000000000001
2025-07-17 12:00:00,21212.0,21449.848,23131.0,237.848,1919.0,0.011213,0.090468,12,7,Thursday,28.0,0.0,10.0
2025-07-17 13:00:00,21217.0,20085.361,23457.0,1131.639,2240.0,0.053336,0.105576,13,7,Thursday,26.3,0.0,8.3
2025-07-17 14:00:00,21041.0,20612.936,23611.0,428.064,2570.0,0.020344,0.122142,14,7,Thursday,27.1,0.0,9.100000000000001
2025-07-17 15:00:00,20757.0,20613.031,23189.0,143.969,2432.0,0.006936,0.117165,15,7,Thursday,26.8,0.0,8.8
2025-07-17 16:00:00,20467.0,20931.055,23027.0,464.055,2560.0,0.022673,0.125079,16,7,Thursday,26.4,0.0,8.399999999999999
2025-07-17 17:00:00,19870.0,20248.305,22837.0,378.305,2967.0,0.019039,0.149321,17,7,Thursday,24.8,0.0,6.800000000000001
2025-07-17 18:00:00,19164.0,19424.78,22927.0,260.78,3763.0,0.013608,0.196358,18,7,Thursday,23.1,0.0,5.100000000000001
2025-07-17 19:00:00,18601.0,19104.928,23214.0,503.928,4613.0,0.027091,0.247997,19,7,Thursday,21.7,0.0,3.6999999999999993
2025-07-17 20:00:00,18391.0,18428.076,23159.0,37.076,4768.0,0.002016,0.259257,20,7,Thursday,19.3,0.0,1.3000000000000007
2025-07-17 21:00:00,17140.0,17402.44,21727.0,262.44,4587.0,0.015312,0.26762,21,7,Thursday,18.2,0.0,0.1999999999999993
2025-07-17 22:00:00,15962.0,17044.416,20433.0,1082.416,4471.0,0.067812,0.280103,22,7,Thursday,17.8,0.1999999999999993,0.0
2025-07-17 23:00:00,14829.0,16615.736,19148.0,1786.736,4319.0,0.120489,0.291254,23,7,Thursday,17.1,0.8999999999999986,0.0
2025-07-18 00:00:00,14024.0,15876.114,18155.0,1852.114,4131.0,0.132067,0.294566,0,7,Friday,16.8,1.1999999999999993,0.0
2025-07-18 01:00:00,13537.0,15228.43,17422.0,1691.43,3885.0,0.124949,0.286991,1,7,Friday,16.5,1.5,0.0
2025-07-18 02:00:00,13154.0,14823.212,16895.0,1669.212,3741.0,0.126898,0.2844,2,7,Friday,16.0,2.0,0.0
2025-07-18 03:00:00,13137.0,14797.426,16645.0,1660.426,3508.0,0.126393,0.267032,3,7,Friday,15.6,2.4000000000000004,0.0
2025-07-18 04:00:00,13366.0,14919.633,16903.0,1553.633,3537.0,0.116238,0.264627,4,7,Friday,15.2,2.8000000000000007,0.0
2025-07-18 05:00:00,13813.0,15846.997,17848.0,2033.997,4035.0,0.147252,0.292116,5,7,Friday,14.8,3.1999999999999993,0.0
2025-07-18 06:00:00,15190.0,16423.818,19213.0,1233.818,4023.0,0.081226,0.264845,6,7,Friday,15.3,2.6999999999999993,0.0
2025-07-18 07:00:00,15980.0,16854.379,20124.0,874.379,4144.0,0.054717,0.259324,7,7,Friday,16.8,1.1999999999999993,0.0
2025-07-18 08:00:00,16399.0,16893.568,20399.0,494.568,4000.0,0.030158,0.243917,8,7,Friday,18.3,0.0,0.3000000000000007
2025-07-18 09:00:00,16570.0,17111.506,20851.0,541.506,4281.0,0.03268,0.258358,9,7,Friday,19.9,0.0,1.8999999999999986
2025-07-18 10:00:00,16762.0,17471.834,21084.0,709.834,4322.0,0.042348,0.257845,10,7,Friday,21.1,0.0,3.1000000000000014
2025-07-18 11:00:00,17040.0,17595.457,20996.0,555.457,3956.0,0.032597,0.23216,11,7,Friday,21.7,0.0,3.6999999999999993
2025-07-18 12:00:00,17305.0,17589.135,21212.0,284.135,3907.0,0.016419,0.225773,12,7,Friday,21.8,0.0,3.8000000000000007
2025-07-18 13:00:00,17363.0,17630.83,21217.0,267.83,3854.0,0.015425,0.221966,13,7,Friday,22.0,0.0,4.0
2025-07-18 14:00:00,17529.0,17648.264,21041.0,119.264,3512.0,0.006804,0.200354,14,7,Friday,22.2,0.0,4.199999999999999
2025-07-18 15:00:00,18056.0,18037.545,20757.0,18.455,2701.0,0.001022,0.14959,15,7,Friday,22.5,0.0,4.5
2025-07-18 16:00:00,18867.0,18526.635,20467.0,340.365,1600.0,0.01804,0.084804,16,7,Friday,22.8,0.0,4.800000000000001
2025-07-18 17:00:00,19170.0,18667.797,19870.0,502.203,700.0,0.026197,0.036515,17,7,Friday,22.9,0.0,4.899999999999999
2025-07-18 18:00:00,19204.0,18499.73,19164.0,704.27,40.0,0.036673,0.002083,18,7,Friday,22.6,0.0,4.600000000000001
2025-07-18 19:00:00,18498.0,18046.488,18601.0,451.512,103.0,0.024409,0.005568,19,7,Friday,22.0,0.0,4.0
2025-07-18 20:00:00,17760.0,17970.227,18391.0,210.227,631.0,0.011837,0.035529,20,7,Friday,21.7,0.0,3.6999999999999993
2025-07-18 21:00:00,16726.0,16779.414,17140.0,53.414,414.0,0.003193,0.024752,21,7,Friday,21.4,0.0,3.3999999999999986
2025-07-18 22:00:00,15619.0,15774.352,15962.0,155.352,343.0,0.009946,0.02196,22,7,Friday,21.0,0.0,3.0
2025-07-18 23:00:00,14503.0,14842.913,14829.0,339.913,326.0,0.023437,0.022478,23,7,Friday,20.4,0.0,2.3999999999999986
2025-07-19 00:00:00,13655.0,13882.115,14024.0,227.115,369.0,0.016632,0.027023,0,7,Saturday,19.8,0.0,1.8000000000000007
2025-07-19 01:00:00,13252.0,13361.584,13537.0,109.584,285.0,0.008269,0.021506,1,7,Saturday,19.4,0.0,1.3999999999999986
2025-07-19 02:00:00,12926.0,13034.813,13154.0,108.813,228.0,0.008418,0.017639,2,7,Saturday,19.3,0.0,1.3000000000000007
2025-07-19 03:00:00,12729.0,12895.238,13137.0,166.238,408.0,0.01306,0.032053,3,7,Saturday,18.8,0.0,0.8000000000000007
2025-07-19 04:00:00,12927.0,12671.872,13366.0,255.128,439.0,0.019736,0.03396,4,7,Saturday,17.8,0.1999999999999993,0.0
2025-07-19 05:00:00,12935.0,12832.853,13813.0,102.147,878.0,0.007897,0.067878,5,7,Saturday,17.4,0.6000000000000014,0.0
2025-07-19 06:00:00,13558.0,13755.326,15190.0,197.326,1632.0,0.014554,0.120372,6,7,Saturday,18.1,0.0,0.10000000000000142
2025-07-19 07:00:00,14245.0,14814.54,15980.0,569.54,1735.0,0.039982,0.121797,7,7,Saturday,20.3,0.0,2.3000000000000007
2025-07-19 08:00:00,15088.0,15357.775,16399.0,269.775,1311.0,0.01788,0.08689,8,7,Saturday,21.2,0.0,3.1999999999999993
2025-07-19 09:00:00,15886.0,15762.63,16570.0,123.37,684.0,0.007766,0.043057,9,7,Saturday,22.8,0.0,4.800000000000001
2025-07-19 10:00:00,16452.0,16092.034,16762.0,359.966,310.0,0.02188,0.018843,10,7,Saturday,23.9,0.0,5.899999999999999
2025-07-19 11:00:00,17018.0,16279.083,17040.0,738.917,22.0,0.04342,0.001293,11,7,Saturday,24.2,0.0,6.199999999999999
2025-07-19 12:00:00,17248.0,16808.928,17305.0,439.072,57.0,0.025456,0.003305,12,7,Saturday,24.6,0.0,6.600000000000001
2025-07-19 13:00:00,17662.0,16848.273,17363.0,813.727,299.0,0.046072,0.016929,13,7,Saturday,25.0,0.0,7.0
2025-07-19 14:00:00,18152.0,17173.15,17529.0,978.85,623.0,0.053925,0.034321,14,7,Saturday,25.7,0.0,7.699999999999999
2025-07-19 15:00:00,18891.0,17862.816,18056.0,1028.184,835.0,0.054427,0.044201,15,7,Saturday,25.6,0.0,7.600000000000001
2025-07-19 16:00:00,19450.0,18801.295,18867.0,648.705,583.0,0.033352,0.029974,16,7,Saturday,26.2,0.0,8.2
2025-07-19 17:00:00,19312.0,19065.438,19170.0,246.562,142.0,0.012767,0.007353,17,7,Saturday,26.0,0.0,8.0
2025-07-19 18:00:00,18823.0,18738.998,19204.0,84.002,381.0,0.004463,0.020241,18,7,Saturday,24.9,0.0,6.899999999999999
2025-07-19 19:00:00,18247.0,18206.164,18498.0,40.836,251.0,0.002238,0.013756,19,7,Saturday,24.5,0.0,6.5
2025-07-19 20:00:00,18149.0,17611.68,17760.0,537.32,389.0,0.029606,0.021434,20,7,Saturday,23.6,0.0,5.600000000000001
2025-07-19 21:00:00,17562.0,16747.654,16726.0,814.346,836.0,0.04637,0.047603,21,7,Saturday,23.6,0.0,5.600000000000001
2025-07-19 22:00:00,16559.0,15887.239,15619.0,671.761,940.0,0.040568,0.056767,22,7,Saturday,23.6,0.0,5.600000000000001
2025-07-19 23:00:00,15386.0,14774.724,14503.0,611.276,883.0,0.039729,0.05739,23,7,Saturday,22.7,0.0,4.699999999999999
2025-07-20 00:00:00,14770.0,13697.143,13655.0,1072.857,1115.0,0.072638,0.075491,0,7,Sunday,20.5,0.0,2.5
2025-07-20 01:00:00,14299.0,13576.14,13252.0,722.86,1047.0,0.050553,0.073222,1,7,Sunday,20.6,0.0,2.6000000000000014
2025-07-20 02:00:00,13930.0,13279.225,12926.0,650.775,1004.0,0.046718,0.072075,2,7,Sunday,20.7,0.0,2.6999999999999993
2025-07-20 03:00:00,13934.0,13138.561,12729.0,795.439,1205.0,0.057086,0.086479,3,7,Sunday,20.7,0.0,2.6999999999999993
2025-07-20 04:00:00,13764.0,13190.559,12927.0,573.441,837.0,0.041662,0.060811,4,7,Sunday,21.0,0.0,3.0
2025-07-20 05:00:00,13900.0,13144.21,12935.0,755.79,965.0,0.054373,0.069424,5,7,Sunday,20.8,0.0,2.8000000000000007
2025-07-20 06:00:00,14344.0,13763.017,13558.0,580.983,786.0,0.040504,0.054796,6,7,Sunday,21.2,0.0,3.1999999999999993
2025-07-20 07:00:00,15563.0,14398.028,14245.0,1164.972,1318.0,0.074855,0.084688,7,7,Sunday,21.9,0.0,3.8999999999999986
2025-07-20 08:00:00,16617.0,15342.275,15088.0,1274.725,1529.0,0.076712,0.092014,8,7,Sunday,22.9,0.0,4.899999999999999
2025-07-20 09:00:00,17003.0,16015.086,15886.0,987.914,1117.0,0.058102,0.065694,9,7,Sunday,24.0,0.0,6.0
2025-07-20 10:00:00,17787.0,16348.417,16452.0,1438.583,1335.0,0.080878,0.075055,10,7,Sunday,24.0,0.0,6.0
2025-07-20 11:00:00,18242.0,16780.387,17018.0,1461.613,1224.0,0.080124,0.067098,11,7,Sunday,24.8,0.0,6.800000000000001
2025-07-20 12:00:00,18512.0,17131.004,17248.0,1380.996,1264.0,0.0746,0.06828,12,7,Sunday,25.3,0.0,7.300000000000001
2025-07-20 13:00:00,18557.0,17323.99,17662.0,1233.01,895.0,0.066444,0.04823,13,7,Sunday,25.8,0.0,7.800000000000001
2025-07-20 14:00:00,18966.0,17727.994,18152.0,1238.006,814.0,0.065275,0.042919,14,7,Sunday,26.3,0.0,8.3
2025-07-20 15:00:00,19536.0,18493.0,18891.0,1043.0,645.0,0.053389,0.033016,15,7,Sunday,26.3,0.0,8.3
2025-07-20 16:00:00,20135.0,19057.82,19450.0,1077.18,685.0,0.053498,0.03402,16,7,Sunday,25.8,0.0,7.800000000000001
2025-07-20 17:00:00,20177.0,18760.629,19312.0,1416.371,865.0,0.070197,0.042871,17,7,Sunday,25.0,0.0,7.0
2025-07-20 18:00:00,19914.0,18336.404,18823.0,1577.596,1091.0,0.07922,0.054786,18,7,Sunday,23.8,0.0,5.800000000000001
2025-07-20 19:00:00,19268.0,17852.46,18247.0,1415.54,1021.0,0.073466,0.052989,19,7,Sunday,22.4,0.0,4.399999999999999
2025-07-20 20:00:00,18439.0,17623.703,18149.0,815.297,290.0,0.044216,0.015728,20,7,Sunday,21.6,0.0,3.6000000000000014
2025-07-20 21:00:00,17595.0,16740.873,17562.0,854.127,33.0,0.048544,0.001876,21,7,Sunday,20.6,0.0,2.6000000000000014
2025-07-20 22:00:00,16315.0,15650.277,16559.0,664.723,244.0,0.040743,0.014956,22,7,Sunday,19.9,0.0,1.8999999999999986
2025-07-20 23:00:00,15142.0,14943.482,15386.0,198.518,244.0,0.01311,0.016114,23,7,Sunday,19.2,0.0,1.1999999999999993
2025-07-21 00:00:00,14343.0,14802.067,14770.0,459.067,427.0,0.032006,0.029771,0,7,Monday,18.7,0.0,0.6999999999999993
2025-07-21 01:00:00,13904.0,14082.969,14299.0,178.969,395.0,0.012872,0.028409,1,7,Monday,18.2,0.0,0.1999999999999993
2025-07-21 02:00:00,13369.0,13835.839,13930.0,466.839,561.0,0.03492,0.041963,2,7,Monday,17.7,0.3000000000000007,0.0
2025-07-21 03:00:00,13253.0,13806.353,13934.0,553.353,681.0,0.041753,0.051385,3,7,Monday,17.6,0.3999999999999986,0.0
2025-07-21 04:00:00,13458.0,13986.156,13764.0,528.156,306.0,0.039245,0.022737,4,7,Monday,17.1,0.8999999999999986,0.0
2025-07-21 05:00:00,13978.0,14755.392,13900.0,777.392,78.0,0.055615,0.00558,5,7,Monday,16.5,1.5,0.0
2025-07-21 06:00:00,15313.0,15290.895,14344.0,22.105,969.0,0.001444,0.06328,6,7,Monday,16.6,1.3999999999999986,0.0
2025-07-21 07:00:00,16058.0,16158.547,15563.0,100.547,495.0,0.006261,0.030826,7,7,Monday,17.4,0.6000000000000014,0.0
2025-07-21 08:00:00,16260.0,16811.6,16617.0,551.6,357.0,0.033924,0.021956,8,7,Monday,18.6,0.0,0.6000000000000014
2025-07-21 09:00:00,16652.0,17016.645,17003.0,364.645,351.0,0.021898,0.021079,9,7,Monday,19.5,0.0,1.5
2025-07-21 10:00:00,16938.0,17417.33,17787.0,479.33,849.0,0.028299,0.050124,10,7,Monday,20.4,0.0,2.3999999999999986
2025-07-21 11:00:00,17198.0,17629.01,18242.0,431.01,1044.0,0.025062,0.060705,11,7,Monday,21.2,0.0,3.1999999999999993
2025-07-21 12:00:00,17531.0,17850.932,18512.0,319.932,981.0,0.01825,0.055958,12,7,Monday,22.1,0.0,4.100000000000001
2025-07-21 13:00:00,17445.0,17883.848,18557.0,438.848,1112.0,0.025156,0.063743,13,7,Monday,22.3,0.0,4.300000000000001
2025-07-21 14:00:00,17886.0,18108.709,18966.0,222.709,1080.0,0.012452,0.060382,14,7,Monday,23.1,0.0,5.100000000000001
2025-07-21 15:00:00,18411.0,18528.875,19536.0,117.875,1125.0,0.006402,0.061105,15,7,Monday,23.5,0.0,5.5
2025-07-21 16:00:00,19224.0,19004.719,20135.0,219.281,911.0,0.011407,0.047389,16,7,Monday,23.3,0.0,5.300000000000001
2025-07-21 17:00:00,19582.0,19059.139,20177.0,522.861,595.0,0.026701,0.030385,17,7,Monday,23.0,0.0,5.0
2025-07-21 18:00:00,19243.0,19014.672,19914.0,228.328,671.0,0.011866,0.03487,18,7,Monday,22.3,0.0,4.300000000000001
2025-07-21 19:00:00,18626.0,18802.95,19268.0,176.95,642.0,0.0095,0.034468,19,7,Monday,21.5,0.0,3.5
2025-07-21 20:00:00,18059.0,18324.555,18439.0,265.555,380.0,0.014705,0.021042,20,7,Monday,20.6,0.0,2.6000000000000014
2025-07-21 21:00:00,17056.0,17139.172,17595.0,83.172,539.0,0.004876,0.031602,21,7,Monday,19.0,0.0,1.0
2025-07-21 22:00:00,15503.0,15718.869,16315.0,215.869,812.0,0.013924,0.052377,22,7,Monday,17.8,0.1999999999999993,0.0
2025-07-21 23:00:00,14411.0,15110.73,15142.0,699.73,731.0,0.048555,0.050725,23,7,Monday,17.2,0.8000000000000007,0.0
2025-07-22 00:00:00,13788.0,14203.938,14343.0,415.938,555.0,0.030167,0.040252,0,7,Tuesday,17.0,1.0,0.0
2025-07-22 01:00:00,13280.0,13822.071,13904.0,542.071,624.0,0.040819,0.046988,1,7,Tuesday,17.0,1.0,0.0
2025-07-22 02:00:00,12924.0,13344.475,13369.0,420.475,445.0,0.032534,0.034432,2,7,Tuesday,16.7,1.3000000000000007,0.0
2025-07-22 03:00:00,12905.0,13298.035,13253.0,393.035,348.0,0.030456,0.026966,3,7,Tuesday,16.6,1.3999999999999986,0.0
2025-07-22 04:00:00,13286.0,13373.778,13458.0,87.778,172.0,0.006607,0.012946,4,7,Tuesday,16.2,1.8000000000000007,0.0
2025-07-22 05:00:00,13805.0,14021.923,13978.0,216.923,173.0,0.015713,0.012532,5,7,Tuesday,15.9,2.0999999999999996,0.0
2025-07-22 06:00:00,14886.0,15208.336,15313.0,322.336,427.0,0.021654,0.028685,6,7,Tuesday,16.3,1.6999999999999993,0.0
2025-07-22 07:00:00,15767.0,15733.246,16058.0,33.754,291.0,0.002141,0.018456,7,7,Tuesday,17.5,0.5,0.0
2025-07-22 08:00:00,16322.0,16074.143,16260.0,247.857,62.0,0.015185,0.003799,8,7,Tuesday,18.9,0.0,0.8999999999999986
2025-07-22 09:00:00,16864.0,16455.596,16652.0,408.404,212.0,0.024218,0.012571,9,7,Tuesday,20.4,0.0,2.3999999999999986
2025-07-22 10:00:00,17250.0,16821.357,16938.0,428.643,312.0,0.024849,0.018087,10,7,Tuesday,21.8,0.0,3.8000000000000007
2025-07-22 11:00:00,17519.0,17014.992,17198.0,504.008,321.0,0.028769,0.018323,11,7,Tuesday,22.2,0.0,4.199999999999999
2025-07-22 12:00:00,17726.0,17306.299,17531.0,419.701,195.0,0.023677,0.011001,12,7,Tuesday,22.8,0.0,4.800000000000001
2025-07-22 13:00:00,17935.0,17296.012,17445.0,638.988,490.0,0.035628,0.027321,13,7,Tuesday,22.9,0.0,4.899999999999999
2025-07-22 14:00:00,18321.0,17665.627,17886.0,655.373,435.0,0.035772,0.023743,14,7,Tuesday,23.2,0.0,5.199999999999999
2025-07-22 15:00:00,18813.0,18132.064,18411.0,680.936,402.0,0.036195,0.021368,15,7,Tuesday,23.6,0.0,5.600000000000001
2025-07-22 16:00:00,19503.0,19080.541,19224.0,422.459,279.0,0.021661,0.014305,16,7,Tuesday,23.6,0.0,5.600000000000001
2025-07-22 17:00:00,19907.0,19045.959,19582.0,861.041,325.0,0.043253,0.016326,17,7,Tuesday,23.0,0.0,5.0
2025-07-22 18:00:00,19851.0,18920.299,19243.0,930.701,608.0,0.046884,0.030628,18,7,Tuesday,22.4,0.0,4.399999999999999
2025-07-22 19:00:00,19355.0,18415.082,18626.0,939.918,729.0,0.048562,0.037665,19,7,Tuesday,21.4,0.0,3.3999999999999986
2025-07-22 20:00:00,18680.0,17818.117,18059.0,861.883,621.0,0.046139,0.033244,20,7,Tuesday,20.8,0.0,2.8000000000000007
2025-07-22 21:00:00,17673.0,17080.201,17056.0,592.799,617.0,0.033543,0.034912,21,7,Tuesday,20.4,0.0,2.3999999999999986
2025-07-22 22:00:00,16335.0,15806.039,15503.0,528.961,832.0,0.032382,0.050934,22,7,Tuesday,20.0,0.0,2.0
2025-07-22 23:00:00,15019.0,14821.146,14411.0,197.854,608.0,0.013174,0.040482,23,7,Tuesday,19.5,0.0,1.5
2025-07-23 00:00:00,14197.0,14163.634,13788.0,33.366,409.0,0.00235,0.028809,0,7,Wednesday,19.7,0.0,1.6999999999999993
2025-07-23 01:00:00,13876.0,13630.542,13280.0,245.458,596.0,0.017689,0.042952,1,7,Wednesday,19.5,0.0,1.5
2025-07-23 02:00:00,13572.0,13126.665,12924.0,445.335,648.0,0.032813,0.047745,2,7,Wednesday,18.6,0.0,0.6000000000000014
2025-07-23 03:00:00,13338.0,13078.445,12905.0,259.555,433.0,0.01946,0.032464,3,7,Wednesday,18.4,0.0,0.3999999999999986
2025-07-23 04:00:00,13678.0,13406.744,13286.0,271.256,392.0,0.019832,0.028659,4,7,Wednesday,18.0,0.0,0.0
2025-07-23 05:00:00,14132.0,13945.746,13805.0,186.254,327.0,0.01318,0.023139,5,7,Wednesday,17.6,0.3999999999999986,0.0
2025-07-23 06:00:00,15307.0,15190.504,14886.0,116.496,421.0,0.007611,0.027504,6,7,Wednesday,18.6,0.0,0.6000000000000014
2025-07-23 07:00:00,16149.0,16086.098,15767.0,62.902,382.0,0.003895,0.023655,7,7,Wednesday,20.3,0.0,2.3000000000000007
2025-07-23 08:00:00,17028.0,16691.314,16322.0,336.686,706.0,0.019772,0.041461,8,7,Wednesday,21.8,0.0,3.8000000000000007
2025-07-23 09:00:00,17678.0,17047.734,16864.0,630.266,814.0,0.035653,0.046046,9,7,Wednesday,22.9,0.0,4.899999999999999
2025-07-23 10:00:00,18204.0,17777.83,17250.0,426.17,954.0,0.023411,0.052406,10,7,Wednesday,23.8,0.0,5.800000000000001
2025-07-23 11:00:00,18498.0,18358.125,17519.0,139.875,979.0,0.007562,0.052925,11,7,Wednesday,24.9,0.0,6.899999999999999
2025-07-23 12:00:00,19054.0,18739.963,17726.0,314.037,1328.0,0.016481,0.069697,12,7,Wednesday,26.1,0.0,8.100000000000001
2025-07-23 13:00:00,19517.0,19375.271,17935.0,141.729,1582.0,0.007262,0.081058,13,7,Wednesday,26.9,0.0,8.899999999999999
2025-07-23 14:00:00,20182.0,19888.33,18321.0,293.67,1861.0,0.014551,0.092211,14,7,Wednesday,27.4,0.0,9.399999999999999
2025-07-23 15:00:00,21075.0,20111.22,18813.0,963.78,2262.0,0.045731,0.107331,15,7,Wednesday,27.5,0.0,9.5
2025-07-23 16:00:00,21935.0,20377.1,19503.0,1557.9,2432.0,0.071023,0.110873,16,7,Wednesday,27.0,0.0,9.0
2025-07-23 17:00:00,22095.0,20423.396,19907.0,1671.604,2188.0,0.075655,0.099027,17,7,Wednesday,26.1,0.0,8.100000000000001
2025-07-23 18:00:00,21888.0,20046.309,19851.0,1841.691,2037.0,0.084142,0.093065,18,7,Wednesday,25.2,0.0,7.199999999999999
2025-07-23 19:00:00,21165.0,19453.979,19355.0,1711.021,1810.0,0.080842,0.085519,19,7,Wednesday,23.8,0.0,5.800000000000001
2025-07-23 20:00:00,20311.0,18706.018,18680.0,1604.982,1631.0,0.07902,0.080301,20,7,Wednesday,22.5,0.0,4.5
2025-07-23 21:00:00,18954.0,17804.451,17673.0,1149.549,1281.0,0.060649,0.067585,21,7,Wednesday,22.2,0.0,4.199999999999999
2025-07-23 22:00:00,17479.0,16732.973,16335.0,746.027,1144.0,0.042681,0.06545,22,7,Wednesday,22.6,0.0,4.600000000000001
2025-07-23 23:00:00,16239.0,15761.479,15019.0,477.521,1220.0,0.029406,0.075128,23,7,Wednesday,22.3,0.0,4.300000000000001
2025-07-24 00:00:00,15402.0,14942.42,14197.0,459.58,1205.0,0.029839,0.078237,0,7,Thursday,21.9,0.0,3.8999999999999986
2025-07-24 01:00:00,14517.0,14578.151,13876.0,61.151,641.0,0.004212,0.044155,1,7,Thursday,21.9,0.0,3.8999999999999986
2025-07-24 02:00:00,14074.0,14241.494,13572.0,167.494,502.0,0.011901,0.035669,2,7,Thursday,21.6,0.0,3.6000000000000014
2025-07-24 03:00:00,14005.0,14161.712,13338.0,156.712,667.0,0.01119,0.047626,3,7,Thursday,21.4,0.0,3.3999999999999986
2025-07-24 04:00:00,14237.0,14369.553,13678.0,132.553,559.0,0.00931,0.039264,4,7,Thursday,21.5,0.0,3.5
2025-07-24 05:00:00,15051.0,15116.128,14132.0,65.128,919.0,0.004327,0.061059,5,7,Thursday,21.3,0.0,3.3000000000000007
2025-07-24 06:00:00,16825.0,16164.595,15307.0,660.405,1518.0,0.039251,0.090223,6,7,Thursday,22.0,0.0,4.0
2025-07-24 07:00:00,18310.0,17175.54,16149.0,1134.46,2161.0,0.061958,0.118023,7,7,Thursday,23.6,0.0,5.600000000000001
2025-07-24 08:00:00,19375.0,18224.518,17028.0,1150.482,2347.0,0.05938,0.121135,8,7,Thursday,25.2,0.0,7.199999999999999
2025-07-24 09:00:00,20550.0,19279.47,17678.0,1270.53,2872.0,0.061826,0.139757,9,7,Thursday,26.8,0.0,8.8
2025-07-24 10:00:00,21569.0,20348.041,18204.0,1220.959,3365.0,0.056607,0.156011,10,7,Thursday,28.5,0.0,10.5
2025-07-24 11:00:00,22199.0,20918.295,18498.0,1280.705,3701.0,0.057692,0.166719,11,7,Thursday,30.2,0.0,12.2
2025-07-24 12:00:00,22736.0,21213.168,19054.0,1522.832,3682.0,0.066979,0.161946,12,7,Thursday,31.3,0.0,13.3
2025-07-24 13:00:00,23057.0,21377.09,19517.0,1679.91,3540.0,0.072859,0.153533,13,7,Thursday,31.7,0.0,13.7
2025-07-24 14:00:00,23250.0,21608.6,20182.0,1641.4,3068.0,0.070598,0.131957,14,7,Thursday,31.6,0.0,13.600000000000001
2025-07-24 15:00:00,23683.0,22179.924,21075.0,1503.076,2608.0,0.063466,0.110121,15,7,Thursday,32.1,0.0,14.100000000000001
2025-07-24 16:00:00,24401.0,22883.477,21935.0,1517.523,2466.0,0.062191,0.101061,16,7,Thursday,32.4,0.0,14.399999999999999
2025-07-24 17:00:00,24524.0,22881.166,22095.0,1642.834,2429.0,0.066989,0.099046,17,7,Thursday,32.3,0.0,14.299999999999997
2025-07-24 18:00:00,24528.0,22760.002,21888.0,1767.998,2640.0,0.072081,0.107632,18,7,Thursday,31.6,0.0,13.600000000000001
2025-07-24 19:00:00,23968.0,22065.154,21165.0,1902.846,2803.0,0.079391,0.116948,19,7,Thursday,30.7,0.0,12.7
2025-07-24 20:00:00,22428.0,20718.479,20311.0,1709.521,2117.0,0.076223,0.094391,20,7,Thursday,26.5,0.0,8.5
2025-07-24 21:00:00,21183.0,19278.637,18954.0,1904.363,2229.0,0.089901,0.105226,21,7,Thursday,25.1,0.0,7.100000000000001
2025-07-24 22:00:00,19988.0,18513.523,17479.0,1474.477,2509.0,0.073768,0.125525,22,7,Thursday,25.2,0.0,7.199999999999999
2025-07-24 23:00:00,18694.0,17210.281,16239.0,1483.719,2455.0,0.079369,0.131326,23,7,Thursday,24.9,0.0,6.899999999999999
2025-07-25 00:00:00,17602.0,16056.675,15402.0,1545.325,2200.0,0.087793,0.124986,0,7,Friday,24.8,0.0,6.800000000000001
2025-07-25 01:00:00,16803.0,15330.991,14517.0,1472.009,2286.0,0.087604,0.136047,1,7,Friday,24.3,0.0,6.300000000000001
2025-07-25 02:00:00,16432.0,14914.867,14074.0,1517.133,2358.0,0.092328,0.1435,2,7,Friday,23.9,0.0,5.899999999999999
2025-07-25 03:00:00,16410.0,14824.067,14005.0,1585.933,2405.0,0.096644,0.146557,3,7,Friday,23.7,0.0,5.699999999999999
2025-07-25 04:00:00,16455.0,15066.188,14237.0,1388.812,2218.0,0.084401,0.134792,4,7,Friday,23.5,0.0,5.5
2025-07-25 05:00:00,17283.0,15847.312,15051.0,1435.688,2232.0,0.083069,0.129144,5,7,Friday,23.1,0.0,5.100000000000001
2025-07-25 06:00:00,18451.0,17140.861,16825.0,1310.139,1626.0,0.071006,0.088125,6,7,Friday,23.2,0.0,5.199999999999999
2025-07-25 07:00:00,19554.0,18150.492,18310.0,1403.508,1244.0,0.071776,0.063619,7,7,Friday,23.5,0.0,5.5
2025-07-25 08:00:00,20007.0,18817.535,19375.0,1189.465,632.0,0.059452,0.031589,8,7,Friday,24.8,0.0,6.800000000000001
2025-07-25 09:00:00,20514.0,19941.234,20550.0,572.766,36.0,0.027921,0.001755,9,7,Friday,25.8,0.0,7.800000000000001
2025-07-25 10:00:00,21110.0,20315.732,21569.0,794.268,459.0,0.037625,0.021743,10,7,Friday,26.7,0.0,8.7
2025-07-25 11:00:00,21657.0,21079.672,22199.0,577.328,542.0,0.026658,0.025027,11,7,Friday,27.9,0.0,9.899999999999999
2025-07-25 12:00:00,22045.0,21719.12,22736.0,325.88,691.0,0.014782,0.031345,12,7,Friday,29.4,0.0,11.399999999999999
2025-07-25 13:00:00,22357.0,21839.262,23057.0,517.738,700.0,0.023158,0.03131,13,7,Friday,29.6,0.0,11.600000000000001
2025-07-25 14:00:00,22646.0,21524.762,23250.0,1121.238,604.0,0.049512,0.026671,14,7,Friday,29.0,0.0,11.0
2025-07-25 15:00:00,23029.0,21989.375,23683.0,1039.625,654.0,0.045144,0.028399,15,7,Friday,29.7,0.0,11.7
2025-07-25 16:00:00,23055.0,22197.836,24401.0,857.164,1346.0,0.037179,0.058382,16,7,Friday,29.7,0.0,11.7
2025-07-25 17:00:00,22983.0,21863.863,24524.0,1119.137,1541.0,0.048694,0.06705,17,7,Friday,29.2,0.0,11.2
2025-07-25 18:00:00,22921.0,21617.24,24528.0,1303.76,1607.0,0.056881,0.07011,18,7,Friday,28.7,0.0,10.7
2025-07-25 19:00:00,22314.0,21166.26,23968.0,1147.74,1654.0,0.051436,0.074124,19,7,Friday,27.4,0.0,9.399999999999999
2025-07-25 20:00:00,21625.0,20742.023,22428.0,882.977,803.0,0.040831,0.037133,20,7,Friday,25.9,0.0,7.899999999999999
2025-07-25 21:00:00,20283.0,19359.076,21183.0,923.924,900.0,0.045552,0.044372,21,7,Friday,24.7,0.0,6.699999999999999
2025-07-25 22:00:00,18858.0,18089.564,19988.0,768.436,1130.0,0.040749,0.059922,22,7,Friday,23.4,0.0,5.399999999999999
2025-07-25 23:00:00,17588.0,17273.734,18694.0,314.266,1106.0,0.017868,0.062884,23,7,Friday,22.4,0.0,4.399999999999999
2025-07-26 00:00:00,16270.0,15819.189,17602.0,450.811,1332.0,0.027708,0.081868,0,7,Saturday,21.8,0.0,3.8000000000000007
2025-07-26 01:00:00,15615.0,15028.907,16803.0,586.093,1188.0,0.037534,0.076081,1,7,Saturday,21.3,0.0,3.3000000000000007
2025-07-26 02:00:00,15041.0,14552.706,16432.0,488.294,1391.0,0.032464,0.092481,2,7,Saturday,20.8,0.0,2.8000000000000007
2025-07-26 03:00:00,14735.0,14479.094,16410.0,255.906,1675.0,0.017367,0.113675,3,7,Saturday,20.5,0.0,2.5
2025-07-26 04:00:00,14646.0,14320.354,16455.0,325.646,1809.0,0.022234,0.123515,4,7,Saturday,20.2,0.0,2.1999999999999993
2025-07-26 05:00:00,14548.0,14622.556,17283.0,74.556,2735.0,0.005125,0.187998,5,7,Saturday,20.1,0.0,2.1000000000000014
2025-07-26 06:00:00,15218.0,15514.864,18451.0,296.864,3233.0,0.019507,0.212446,6,7,Saturday,20.5,0.0,2.5
2025-07-26 07:00:00,16463.0,16056.824,19554.0,406.176,3091.0,0.024672,0.187754,7,7,Saturday,22.0,0.0,4.0
2025-07-26 08:00:00,18000.0,16866.312,20007.0,1133.688,2007.0,0.062983,0.1115,8,7,Saturday,23.4,0.0,5.399999999999999
2025-07-26 09:00:00,19318.0,17620.576,20514.0,1697.424,1196.0,0.087867,0.061911,9,7,Saturday,24.8,0.0,6.800000000000001
2025-07-26 10:00:00,20083.0,18306.8,21110.0,1776.2,1027.0,0.088443,0.051138,10,7,Saturday,25.5,0.0,7.5
2025-07-26 11:00:00,20789.0,18695.203,21657.0,2093.797,868.0,0.100717,0.041753,11,7,Saturday,26.0,0.0,8.0
2025-07-26 12:00:00,21130.0,18982.41,22045.0,2147.59,915.0,0.101637,0.043303,12,7,Saturday,26.7,0.0,8.7
2025-07-26 13:00:00,21747.0,19074.904,22357.0,2672.096,610.0,0.122872,0.02805,13,7,Saturday,27.0,0.0,9.0
2025-07-26 14:00:00,21911.0,19599.49,22646.0,2311.51,735.0,0.105495,0.033545,14,7,Saturday,28.1,0.0,10.100000000000001
2025-07-26 15:00:00,21846.0,19861.752,23029.0,1984.248,1183.0,0.090829,0.054152,15,7,Saturday,27.9,0.0,9.899999999999999
2025-07-26 16:00:00,21697.0,19562.87,23055.0,2134.13,1358.0,0.098361,0.062589,16,7,Saturday,26.2,0.0,8.2
2025-07-26 17:00:00,21314.0,19728.316,22983.0,1585.684,1669.0,0.074396,0.078305,17,7,Saturday,25.8,0.0,7.800000000000001
2025-07-26 18:00:00,20903.0,19085.977,22921.0,1817.023,2018.0,0.086926,0.096541,18,7,Saturday,24.6,0.0,6.600000000000001
2025-07-26 19:00:00,20378.0,18838.781,22314.0,1539.219,1936.0,0.075533,0.095004,19,7,Saturday,24.1,0.0,6.100000000000001
2025-07-26 20:00:00,20195.0,18302.77,21625.0,1892.23,1430.0,0.093698,0.07081,20,7,Saturday,22.9,0.0,4.899999999999999
2025-07-26 21:00:00,19565.0,17484.297,20283.0,2080.703,718.0,0.106348,0.036698,21,7,Saturday,22.9,0.0,4.899999999999999
2025-07-26 22:00:00,18502.0,16792.28,18858.0,1709.72,356.0,0.092407,0.019241,22,7,Saturday,23.0,0.0,5.0
2025-07-26 23:00:00,17267.0,15945.032,17588.0,1321.968,321.0,0.07656,0.01859,23,7,Saturday,22.5,0.0,4.5
2025-07-27 00:00:00,16478.0,14873.723,16270.0,1604.277,208.0,0.097359,0.012623,0,7,Sunday,22.3,0.0,4.300000000000001
2025-07-27 01:00:00,16077.0,14413.618,15615.0,1663.382,462.0,0.103463,0.028737,1,7,Sunday,22.4,0.0,4.399999999999999
2025-07-27 02:00:00,15585.0,14089.044,15041.0,1495.956,544.0,0.095987,0.034905,2,7,Sunday,22.3,0.0,4.300000000000001
2025-07-27 03:00:00,15337.0,13939.614,14735.0,1397.386,602.0,0.091112,0.039251,3,7,Sunday,22.2,0.0,4.199999999999999
2025-07-27 04:00:00,15323.0,13782.563,14646.0,1540.437,677.0,0.100531,0.044182,4,7,Sunday,21.9,0.0,3.8999999999999986
2025-07-27 05:00:00,15415.0,13704.52,14548.0,1710.48,867.0,0.110962,0.056244,5,7,Sunday,21.8,0.0,3.8000000000000007
2025-07-27 06:00:00,16018.0,14166.798,15218.0,1851.202,800.0,0.11557,0.049944,6,7,Sunday,22.3,0.0,4.300000000000001
2025-07-27 07:00:00,17190.0,15663.848,16463.0,1526.152,727.0,0.088781,0.042292,7,7,Sunday,23.5,0.0,5.5
2025-07-27 08:00:00,18576.0,17311.992,18000.0,1264.008,576.0,0.068045,0.031008,8,7,Sunday,25.7,0.0,7.699999999999999
2025-07-27 09:00:00,19837.0,18421.596,19318.0,1415.404,519.0,0.071352,0.026163,9,7,Sunday,27.0,0.0,9.0
2025-07-27 10:00:00,20575.0,19286.168,20083.0,1288.832,492.0,0.062641,0.023913,10,7,Sunday,28.4,0.0,10.399999999999999
2025-07-27 11:00:00,21092.0,20144.447,20789.0,947.553,303.0,0.044925,0.014366,11,7,Sunday,29.6,0.0,11.600000000000001
2025-07-27 12:00:00,21602.0,20458.68,21130.0,1143.32,472.0,0.052927,0.02185,12,7,Sunday,30.5,0.0,12.5
2025-07-27 13:00:00,22048.0,20710.895,21747.0,1337.105,301.0,0.060645,0.013652,13,7,Sunday,30.8,0.0,12.8
2025-07-27 14:00:00,22343.0,21053.45,21911.0,1289.55,432.0,0.057716,0.019335,14,7,Sunday,32.2,0.0,14.200000000000003
2025-07-27 15:00:00,22612.0,21387.322,21846.0,1224.678,766.0,0.054161,0.033876,15,7,Sunday,32.8,0.0,14.799999999999997
2025-07-27 16:00:00,23270.0,21672.7,21697.0,1597.3,1573.0,0.068642,0.067598,16,7,Sunday,32.5,0.0,14.5
2025-07-27 17:00:00,23347.0,21571.549,21314.0,1775.451,2033.0,0.076046,0.087078,17,7,Sunday,31.8,0.0,13.8
2025-07-27 18:00:00,23103.0,21314.19,20903.0,1788.81,2200.0,0.077428,0.095226,18,7,Sunday,30.9,0.0,12.899999999999999
2025-07-27 19:00:00,22457.0,20734.47,20378.0,1722.53,2079.0,0.076703,0.092577,19,7,Sunday,29.4,0.0,11.399999999999999
2025-07-27 20:00:00,22117.0,20055.064,20195.0,2061.936,1922.0,0.093229,0.086901,20,7,Sunday,27.1,0.0,9.100000000000001
2025-07-27 21:00:00,21146.0,19146.436,19565.0,1999.564,1581.0,0.09456,0.074766,21,7,Sunday,25.7,0.0,7.699999999999999
2025-07-27 22:00:00,19553.0,17539.307,18502.0,2013.693,1051.0,0.102986,0.053751,22,7,Sunday,24.7,0.0,6.699999999999999
2025-07-27 23:00:00,18189.0,16681.236,17267.0,1507.764,922.0,0.082894,0.05069,23,7,Sunday,23.9,0.0,5.899999999999999
2025-07-28 00:00:00,17228.0,16514.588,16478.0,713.412,750.0,0.04141,0.043534,0,7,Monday,23.3,0.0,5.300000000000001
2025-07-28 01:00:00,16509.0,15931.513,16077.0,577.487,432.0,0.03498,0.026168,1,7,Monday,22.7,0.0,4.699999999999999
2025-07-28 02:00:00,15989.0,15506.043,15585.0,482.957,404.0,0.030206,0.025267,2,7,Monday,22.2,0.0,4.199999999999999
2025-07-28 03:00:00,15706.0,15320.58,15337.0,385.42,369.0,0.02454,0.023494,3,7,Monday,21.7,0.0,3.6999999999999993
2025-07-28 04:00:00,15981.0,15264.222,15323.0,716.778,658.0,0.044852,0.041174,4,7,Monday,20.8,0.0,2.8000000000000007
2025-07-28 05:00:00,16501.0,15441.261,15415.0,1059.739,1086.0,0.064223,0.065814,5,7,Monday,20.3,0.0,2.3000000000000007
2025-07-28 06:00:00,17839.0,16621.639,16018.0,1217.361,1821.0,0.068242,0.10208,6,7,Monday,21.3,0.0,3.3000000000000007
2025-07-28 07:00:00,19242.0,17576.41,17190.0,1665.59,2052.0,0.08656,0.106642,7,7,Monday,22.7,0.0,4.699999999999999
2025-07-28 08:00:00,20542.0,19287.6,18576.0,1254.4,1966.0,0.061065,0.095706,8,7,Monday,25.4,0.0,7.399999999999999
2025-07-28 09:00:00,21598.0,20297.744,19837.0,1300.256,1761.0,0.060203,0.081535,9,7,Monday,27.1,0.0,9.100000000000001
2025-07-28 10:00:00,22012.0,20912.229,20575.0,1099.771,1437.0,0.049962,0.065283,10,7,Monday,28.2,0.0,10.2
2025-07-28 11:00:00,22657.0,21438.855,21092.0,1218.145,1565.0,0.053765,0.069074,11,7,Monday,29.4,0.0,11.399999999999999
2025-07-28 12:00:00,23402.0,21947.75,21602.0,1454.25,1800.0,0.062142,0.076917,12,7,Monday,30.0,0.0,12.0
2025-07-28 13:00:00,23492.0,22392.451,22048.0,1099.549,1444.0,0.046805,0.061468,13,7,Monday,30.8,0.0,12.8
2025-07-28 14:00:00,23846.0,22468.398,22343.0,1377.602,1503.0,0.057771,0.063029,14,7,Monday,31.1,0.0,13.100000000000001
2025-07-28 15:00:00,24211.0,22743.553,22612.0,1467.447,1599.0,0.060611,0.066044,15,7,Monday,31.3,0.0,13.3
2025-07-28 16:00:00,24187.0,22783.68,23270.0,1403.32,917.0,0.05802,0.037913,16,7,Monday,31.1,0.0,13.100000000000001
2025-07-28 17:00:00,23948.0,22779.365,23347.0,1168.635,601.0,0.048799,0.025096,17,7,Monday,30.6,0.0,12.600000000000001
2025-07-28 18:00:00,23685.0,22707.953,23103.0,977.047,582.0,0.041252,0.024573,18,7,Monday,30.1,0.0,12.100000000000001
2025-07-28 19:00:00,23889.0,22552.664,22457.0,1336.336,1432.0,0.055939,0.059944,19,7,Monday,29.9,0.0,11.899999999999999
2025-07-28 20:00:00,23636.0,22037.98,22117.0,1598.02,1519.0,0.06761,0.064266,20,7,Monday,28.7,0.0,10.7
2025-07-28 21:00:00,22571.0,21446.33,21146.0,1124.67,1425.0,0.049828,0.063134,21,7,Monday,28.8,0.0,10.8
2025-07-28 22:00:00,20952.0,20287.137,19553.0,664.863,1399.0,0.031733,0.066772,22,7,Monday,28.5,0.0,10.5
2025-07-28 23:00:00,19782.0,19561.727,18189.0,220.273,1593.0,0.011135,0.080528,23,7,Monday,27.9,0.0,9.899999999999999
2025-07-29 00:00:00,18580.0,18535.436,17228.0,44.564,1352.0,0.002398,0.072766,0,7,Tuesday,27.1,0.0,9.100000000000001
2025-07-29 01:00:00,17683.0,17463.959,16509.0,219.041,1174.0,0.012387,0.066391,1,7,Tuesday,26.1,0.0,8.100000000000001
2025-07-29 02:00:00,16990.0,16778.871,15989.0,211.129,1001.0,0.012427,0.058917,2,7,Tuesday,25.4,0.0,7.399999999999999
2025-07-29 03:00:00,16639.0,16145.586,15706.0,493.414,933.0,0.029654,0.056073,3,7,Tuesday,24.5,0.0,6.5
2025-07-29 04:00:00,16727.0,16168.015,15981.0,558.985,746.0,0.033418,0.044599,4,7,Tuesday,23.2,0.0,5.199999999999999
2025-07-29 05:00:00,17126.0,16358.286,16501.0,767.714,625.0,0.044827,0.036494,5,7,Tuesday,22.3,0.0,4.300000000000001
2025-07-29 06:00:00,18357.0,17090.914,17839.0,1266.086,518.0,0.06897,0.028218,6,7,Tuesday,22.1,0.0,4.100000000000001
2025-07-29 07:00:00,19547.0,18149.775,19242.0,1397.225,305.0,0.07148,0.015603,7,7,Tuesday,23.1,0.0,5.100000000000001
2025-07-29 08:00:00,20445.0,19723.547,20542.0,721.453,97.0,0.035288,0.004744,8,7,Tuesday,25.6,0.0,7.600000000000001
2025-07-29 09:00:00,21257.0,21255.64,21598.0,1.36,341.0,6.4e-05,0.016042,9,7,Tuesday,27.9,0.0,9.899999999999999
2025-07-29 10:00:00,21863.0,22126.016,22012.0,263.016,149.0,0.01203,0.006815,10,7,Tuesday,29.6,0.0,11.600000000000001
2025-07-29 11:00:00,22443.0,22217.717,22657.0,225.283,214.0,0.010038,0.009535,11,7,Tuesday,29.8,0.0,11.8
2025-07-29 12:00:00,23023.0,22187.223,23402.0,835.777,379.0,0.036302,0.016462,12,7,Tuesday,29.8,0.0,11.8
2025-07-29 13:00:00,22994.0,22201.604,23492.0,792.396,498.0,0.034461,0.021658,13,7,Tuesday,29.7,0.0,11.7
2025-07-29 14:00:00,23205.0,22202.176,23846.0,1002.824,641.0,0.043216,0.027623,14,7,Tuesday,29.9,0.0,11.899999999999999
2025-07-29 15:00:00,23492.0,22365.83,24211.0,1126.17,719.0,0.047938,0.030606,15,7,Tuesday,29.9,0.0,11.899999999999999
2025-07-29 16:00:00,23525.0,22333.889,24187.0,1191.111,662.0,0.050632,0.02814,16,7,Tuesday,29.6,0.0,11.600000000000001
2025-07-29 17:00:00,23607.0,22045.63,23948.0,1561.37,341.0,0.06614,0.014445,17,7,Tuesday,28.9,0.0,10.899999999999999
2025-07-29 18:00:00,23238.0,21623.773,23685.0,1614.227,447.0,0.069465,0.019236,18,7,Tuesday,27.9,0.0,9.899999999999999
2025-07-29 19:00:00,23407.0,21419.125,23889.0,1987.875,482.0,0.084927,0.020592,19,7,Tuesday,27.4,0.0,9.399999999999999
2025-07-29 20:00:00,22812.0,21659.578,23636.0,1152.422,824.0,0.050518,0.036121,20,7,Tuesday,27.8,0.0,9.8
2025-07-29 21:00:00,21525.0,20830.297,22571.0,694.703,1046.0,0.032274,0.048595,21,7,Tuesday,26.5,0.0,8.5
2025-07-29 22:00:00,20175.0,19998.059,20952.0,176.941,777.0,0.00877,0.038513,22,7,Tuesday,25.9,0.0,7.899999999999999
2025-07-29 23:00:00,18723.0,18580.018,19782.0,142.982,1059.0,0.007637,0.056561,23,7,Tuesday,25.1,0.0,7.100000000000001
2025-07-30 00:00:00,17603.0,17980.709,18580.0,377.709,977.0,0.021457,0.055502,0,7,Wednesday,24.5,0.0,6.5
2025-07-30 01:00:00,16854.0,17242.502,17683.0,388.502,829.0,0.023051,0.049187,1,7,Wednesday,23.9,0.0,5.899999999999999
2025-07-30 02:00:00,16226.0,16764.72,16990.0,538.72,764.0,0.033201,0.047085,2,7,Wednesday,23.3,0.0,5.300000000000001
2025-07-30 03:00:00,15913.0,16366.961,16639.0,453.961,726.0,0.028528,0.045623,3,7,Wednesday,22.9,0.0,4.899999999999999
2025-07-30 04:00:00,16210.0,16433.303,16727.0,223.303,517.0,0.013776,0.031894,4,7,Wednesday,22.4,0.0,4.399999999999999
2025-07-30 05:00:00,16675.0,16474.777,17126.0,200.223,451.0,0.012007,0.027046,5,7,Wednesday,22.0,0.0,4.0
2025-07-30 06:00:00,17803.0,17349.14,18357.0,453.86,554.0,0.025493,0.031118,6,7,Wednesday,22.2,0.0,4.199999999999999
2025-07-30 07:00:00,18884.0,18170.428,19547.0,713.572,663.0,0.037787,0.035109,7,7,Wednesday,23.0,0.0,5.0
2025-07-30 08:00:00,19842.0,19128.762,20445.0,713.238,603.0,0.035946,0.03039,8,7,Wednesday,25.1,0.0,7.100000000000001
2025-07-30 09:00:00,20599.0,20502.646,21257.0,96.354,658.0,0.004678,0.031943,9,7,Wednesday,27.2,0.0,9.2
2025-07-30 10:00:00,21262.0,21474.52,21863.0,212.52,601.0,0.009995,0.028266,10,7,Wednesday,28.6,0.0,10.600000000000001
2025-07-30 11:00:00,21925.0,21934.996,22443.0,9.996,518.0,0.000456,0.023626,11,7,Wednesday,29.2,0.0,11.2
2025-07-30 12:00:00,22893.0,21756.865,23023.0,1136.135,130.0,0.049628,0.005679,12,7,Wednesday,28.8,0.0,10.8
2025-07-30 13:00:00,22634.0,21874.836,22994.0,759.164,360.0,0.033541,0.015905,13,7,Wednesday,29.1,0.0,11.100000000000001
2025-07-30 14:00:00,23048.0,21723.271,23205.0,1324.729,157.0,0.057477,0.006812,14,7,Wednesday,28.7,0.0,10.7
2025-07-30 15:00:00,22837.0,22003.87,23492.0,833.13,655.0,0.036482,0.028682,15,7,Wednesday,29.2,0.0,11.2
2025-07-30 16:00:00,23005.0,22306.912,23525.0,698.088,520.0,0.030345,0.022604,16,7,Wednesday,29.4,0.0,11.399999999999999
2025-07-30 17:00:00,22693.0,22308.457,23607.0,384.543,914.0,0.016945,0.040277,17,7,Wednesday,29.3,0.0,11.3
2025-07-30 18:00:00,21457.0,21681.637,23238.0,224.637,1781.0,0.010469,0.083003,18,7,Wednesday,27.9,0.0,9.899999999999999
2025-07-30 19:00:00,20973.0,20985.521,23407.0,12.521,2434.0,0.000597,0.116054,19,7,Wednesday,26.0,0.0,8.0
2025-07-30 20:00:00,20632.0,20052.691,22812.0,579.309,2180.0,0.028078,0.105661,20,7,Wednesday,24.1,0.0,6.100000000000001
2025-07-30 21:00:00,19172.0,18999.79,21525.0,172.21,2353.0,0.008982,0.122731,21,7,Wednesday,23.3,0.0,5.300000000000001
2025-07-30 22:00:00,18048.0,17939.906,20175.0,108.094,2127.0,0.005989,0.117852,22,7,Wednesday,22.4,0.0,4.399999999999999
2025-07-30 23:00:00,16556.0,17347.8,18723.0,791.8,2167.0,0.047826,0.130889,23,7,Wednesday,21.8,0.0,3.8000000000000007
2025-07-31 00:00:00,15642.0,16317.423,17603.0,675.423,1961.0,0.04318,0.125368,0,7,Thursday,20.8,0.0,2.8000000000000007
2025-07-31 01:00:00,14796.0,15526.526,16854.0,730.526,2058.0,0.049373,0.139092,1,7,Thursday,20.3,0.0,2.3000000000000007
2025-07-31 02:00:00,14292.0,14975.955,16226.0,683.955,1934.0,0.047856,0.13532,2,7,Thursday,19.6,0.0,1.6000000000000014
2025-07-31 03:00:00,14278.0,14556.49,15913.0,278.49,1635.0,0.019505,0.114512,3,7,Thursday,18.6,0.0,0.6000000000000014
2025-07-31 04:00:00,14659.0,14630.142,16210.0,28.858,1551.0,0.001969,0.105805,4,7,Thursday,17.9,0.10000000000000142,0.0
2025-07-31 05:00:00,15056.0,15180.216,16675.0,124.216,1619.0,0.00825,0.107532,5,7,Thursday,18.0,0.0,0.0
2025-07-31 06:00:00,15948.0,16130.619,17803.0,182.619,1855.0,0.011451,0.116316,6,7,Thursday,18.2,0.0,0.1999999999999993
2025-07-31 07:00:00,16832.0,17031.244,18884.0,199.244,2052.0,0.011837,0.121911,7,7,Thursday,18.6,0.0,0.6000000000000014
2025-07-31 08:00:00,17165.0,17218.95,19842.0,53.95,2677.0,0.003143,0.155957,8,7,Thursday,18.5,0.0,0.5
2025-07-31 09:00:00,17224.0,17298.781,20599.0,74.781,3375.0,0.004342,0.195948,9,7,Thursday,19.2,0.0,1.1999999999999993
2025-07-31 10:00:00,17395.0,17380.596,21262.0,14.404,3867.0,0.000828,0.222305,10,7,Thursday,20.0,0.0,2.0
2025-07-31 11:00:00,17398.0,17756.71,21925.0,358.71,4527.0,0.020618,0.260202,11,7,Thursday,20.6,0.0,2.6000000000000014
2025-07-31 12:00:00,17609.0,17894.592,22893.0,285.592,5284.0,0.016219,0.300074,12,7,Thursday,21.2,0.0,3.1999999999999993
2025-07-31 13:00:00,17414.0,17986.006,22634.0,572.006,5220.0,0.032847,0.299759,13,7,Thursday,21.7,0.0,3.6999999999999993
2025-07-31 14:00:00,17364.0,18254.45,23048.0,890.45,5684.0,0.051281,0.327344,14,7,Thursday,22.7,0.0,4.699999999999999
2025-07-31 15:00:00,18481.0,18642.635,22837.0,161.635,4356.0,0.008746,0.235702,15,7,Thursday,23.2,0.0,5.199999999999999
2025-07-31 16:00:00,19080.0,19091.525,23005.0,11.525,3925.0,0.000604,0.205713,16,7,Thursday,22.6,0.0,4.600000000000001
2025-07-31 17:00:00,19053.0,18890.691,22693.0,162.309,3640.0,0.008519,0.191046,17,7,Thursday,22.0,0.0,4.0
2025-07-31 18:00:00,19057.0,18917.902,21457.0,139.098,2400.0,0.007299,0.125938,18,7,Thursday,21.5,0.0,3.5
2025-07-31 19:00:00,18658.0,18606.705,20973.0,51.295,2315.0,0.002749,0.124075,19,7,Thursday,20.9,0.0,2.8999999999999986
2025-07-31 20:00:00,18227.0,18249.68,20632.0,22.68,2405.0,0.001244,0.131947,20,7,Thursday,20.1,0.0,2.1000000000000014
2025-07-31 21:00:00,17253.0,17556.95,19172.0,303.95,1919.0,0.017617,0.111227,21,7,Thursday,19.9,0.0,1.8999999999999986
2025-07-31 22:00:00,16083.0,16629.855,18048.0,546.855,1965.0,0.034002,0.122179,22,7,Thursday,19.4,0.0,1.3999999999999986
2025-07-31 23:00:00,14938.0,15773.701,16556.0,835.701,1618.0,0.055945,0.108314,23,7,Thursday,19.5,0.0,1.5
2025-08-01 00:00:00,13990.0,14824.465,15642.0,834.465,1652.0,0.059647,0.118084,0,8,Friday,18.8,0.0,0.8000000000000007
2025-08-01 01:00:00,13534.0,14073.441,14796.0,539.441,1262.0,0.039858,0.093247,1,8,Friday,18.0,0.0,0.0
2025-08-01 02:00:00,13423.0,13799.142,14292.0,376.142,869.0,0.028022,0.06474,2,8,Friday,17.6,0.3999999999999986,0.0
2025-08-01 03:00:00,13216.0,13827.906,14278.0,611.906,1062.0,0.0463,0.080357,3,8,Friday,17.1,0.8999999999999986,0.0
2025-08-01 04:00:00,13452.0,14007.132,14659.0,555.132,1207.0,0.041268,0.089726,4,8,Friday,16.9,1.1000000000000014,0.0
2025-08-01 05:00:00,13995.0,14471.837,15056.0,476.837,1061.0,0.034072,0.075813,5,8,Friday,16.5,1.5,0.0
2025-08-01 06:00:00,14940.0,15187.606,15948.0,247.606,1008.0,0.016573,0.06747,6,8,Friday,16.5,1.5,0.0
2025-08-01 07:00:00,16042.0,15712.935,16832.0,329.065,790.0,0.020513,0.049246,7,8,Friday,17.4,0.6000000000000014,0.0
2025-08-01 08:00:00,16420.0,15926.09,17165.0,493.91,745.0,0.03008,0.045371,8,8,Friday,18.4,0.0,0.3999999999999986
2025-08-01 09:00:00,16598.0,16231.73,17224.0,366.27,626.0,0.022067,0.037715,9,8,Friday,20.1,0.0,2.1000000000000014
2025-08-01 10:00:00,16945.0,16692.533,17395.0,252.467,450.0,0.014899,0.026557,10,8,Friday,21.5,0.0,3.5
2025-08-01 11:00:00,17010.0,17051.84,17398.0,41.84,388.0,0.00246,0.02281,11,8,Friday,22.6,0.0,4.600000000000001
2025-08-01 12:00:00,17077.0,17207.629,17609.0,130.629,532.0,0.007649,0.031153,12,8,Friday,23.0,0.0,5.0
2025-08-01 13:00:00,17164.0,17359.809,17414.0,195.809,250.0,0.011408,0.014565,13,8,Friday,23.3,0.0,5.300000000000001
2025-08-01 14:00:00,17403.0,17617.889,17364.0,214.889,39.0,0.012348,0.002241,14,8,Friday,23.7,0.0,5.699999999999999
2025-08-01 15:00:00,17948.0,17794.48,18481.0,153.52,533.0,0.008554,0.029697,15,8,Friday,23.2,0.0,5.199999999999999
2025-08-01 16:00:00,18519.0,18280.055,19080.0,238.945,561.0,0.012903,0.030293,16,8,Friday,22.8,0.0,4.800000000000001
2025-08-01 17:00:00,18686.0,18293.236,19053.0,392.764,367.0,0.021019,0.01964,17,8,Friday,22.5,0.0,4.5
2025-08-01 18:00:00,18689.0,18166.275,19057.0,522.725,368.0,0.02797,0.019691,18,8,Friday,21.7,0.0,3.6999999999999993
2025-08-01 19:00:00,18356.0,17754.824,18658.0,601.176,302.0,0.032751,0.016452,19,8,Friday,20.9,0.0,2.8999999999999986
2025-08-01 20:00:00,17832.0,17803.195,18227.0,28.805,395.0,0.001615,0.022151,20,8,Friday,21.6,0.0,3.6000000000000014
2025-08-01 21:00:00,16718.0,16858.635,17253.0,140.635,535.0,0.008412,0.032001,21,8,Friday,20.3,0.0,2.3000000000000007
2025-08-01 22:00:00,15599.0,15924.199,16083.0,325.199,484.0,0.020847,0.031028,22,8,Friday,19.4,0.0,1.3999999999999986
2025-08-01 23:00:00,14406.0,14899.904,14938.0,493.904,532.0,0.034285,0.036929,23,8,Friday,18.6,0.0,0.6000000000000014
2025-08-02 00:00:00,13752.0,13773.618,13990.0,21.618,238.0,0.001572,0.017307,0,8,Saturday,18.3,0.0,0.3000000000000007
2025-08-02 01:00:00,13255.0,13256.408,13534.0,1.408,279.0,0.000106,0.021049,1,8,Saturday,17.8,0.1999999999999993,0.0
2025-08-02 02:00:00,12793.0,12969.914,13423.0,176.914,630.0,0.013829,0.049246,2,8,Saturday,17.5,0.5,0.0
2025-08-02 03:00:00,12660.0,12752.88,13216.0,92.88,556.0,0.007336,0.043918,3,8,Saturday,17.1,0.8999999999999986,0.0
2025-08-02 04:00:00,12788.0,12809.544,13452.0,21.544,664.0,0.001685,0.051924,4,8,Saturday,16.8,1.1999999999999993,0.0
2025-08-02 05:00:00,12722.0,12957.454,13995.0,235.454,1273.0,0.018508,0.100063,5,8,Saturday,16.2,1.8000000000000007,0.0
2025-08-02 06:00:00,13134.0,13616.188,14940.0,482.188,1806.0,0.036713,0.137506,6,8,Saturday,16.3,1.6999999999999993,0.0
2025-08-02 07:00:00,13767.0,14328.43,16042.0,561.43,2275.0,0.040781,0.16525,7,8,Saturday,17.7,0.3000000000000007,0.0
2025-08-02 08:00:00,14509.0,14919.144,16420.0,410.144,1911.0,0.028268,0.131711,8,8,Saturday,19.2,0.0,1.1999999999999993
2025-08-02 09:00:00,15234.0,15443.208,16598.0,209.208,1364.0,0.013733,0.089537,9,8,Saturday,21.6,0.0,3.6000000000000014
2025-08-02 10:00:00,15641.0,15849.076,16945.0,208.076,1304.0,0.013303,0.083371,10,8,Saturday,23.1,0.0,5.100000000000001
2025-08-02 11:00:00,16028.0,16144.237,17010.0,116.237,982.0,0.007252,0.061268,11,8,Saturday,24.1,0.0,6.100000000000001
2025-08-02 12:00:00,16343.0,16594.54,17077.0,251.54,734.0,0.015391,0.044912,12,8,Saturday,25.0,0.0,7.0
2025-08-02 13:00:00,16719.0,16715.127,17164.0,3.873,445.0,0.000232,0.026616,13,8,Saturday,25.3,0.0,7.300000000000001
2025-08-02 14:00:00,17309.0,16895.98,17403.0,413.02,94.0,0.023862,0.005431,14,8,Saturday,25.4,0.0,7.399999999999999
2025-08-02 15:00:00,17946.0,17171.898,17948.0,774.102,2.0,0.043135,0.000111,15,8,Saturday,24.4,0.0,6.399999999999999
2025-08-02 16:00:00,18610.0,17638.654,18519.0,971.346,91.0,0.052195,0.00489,16,8,Saturday,24.0,0.0,6.0
2025-08-02 17:00:00,18854.0,18231.537,18686.0,622.463,168.0,0.033015,0.008911,17,8,Saturday,24.6,0.0,6.600000000000001
2025-08-02 18:00:00,18562.0,18103.098,18689.0,458.902,127.0,0.024723,0.006842,18,8,Saturday,24.3,0.0,6.300000000000001
2025-08-02 19:00:00,17921.0,17874.97,18356.0,46.03,435.0,0.002568,0.024273,19,8,Saturday,23.7,0.0,5.699999999999999
2025-08-02 20:00:00,17585.0,17394.371,17832.0,190.629,247.0,0.01084,0.014046,20,8,Saturday,22.8,0.0,4.800000000000001
2025-08-02 21:00:00,16687.0,16496.219,16718.0,190.781,31.0,0.011433,0.001858,21,8,Saturday,22.5,0.0,4.5
2025-08-02 22:00:00,15697.0,15432.606,15599.0,264.394,98.0,0.016844,0.006243,22,8,Saturday,22.1,0.0,4.100000000000001
2025-08-02 23:00:00,14675.0,14583.095,14406.0,91.905,269.0,0.006263,0.01833,23,8,Saturday,21.1,0.0,3.1000000000000014
2025-08-03 00:00:00,13880.0,13746.817,13752.0,133.183,128.0,0.009595,0.009222,0,8,Sunday,20.4,0.0,2.3999999999999986
2025-08-03 01:00:00,13346.0,13253.092,13255.0,92.908,91.0,0.006961,0.006819,1,8,Sunday,19.7,0.0,1.6999999999999993
2025-08-03 02:00:00,12958.0,12765.436,12793.0,192.564,165.0,0.014861,0.012733,2,8,Sunday,19.1,0.0,1.1000000000000014
2025-08-03 03:00:00,12753.0,12642.345,12660.0,110.655,93.0,0.008677,0.007292,3,8,Sunday,18.6,0.0,0.6000000000000014
2025-08-03 04:00:00,12602.0,12572.235,12788.0,29.765,186.0,0.002362,0.01476,4,8,Sunday,18.1,0.0,0.10000000000000142
2025-08-03 05:00:00,12604.0,12604.937,12722.0,0.937,118.0,7.4e-05,0.009362,5,8,Sunday,17.7,0.3000000000000007,0.0
2025-08-03 06:00:00,13050.0,12845.753,13134.0,204.247,84.0,0.015651,0.006437,6,8,Sunday,18.0,0.0,0.0
2025-08-03 07:00:00,13830.0,13668.104,13767.0,161.896,63.0,0.011706,0.004555,7,8,Sunday,19.5,0.0,1.5
2025-08-03 08:00:00,14638.0,14351.349,14509.0,286.651,129.0,0.019583,0.008813,8,8,Sunday,21.0,0.0,3.0
2025-08-03 09:00:00,15491.0,15383.503,15234.0,107.497,257.0,0.006939,0.01659,9,8,Sunday,23.4,0.0,5.399999999999999
2025-08-03 10:00:00,16314.0,15903.437,15641.0,410.563,673.0,0.025166,0.041253,10,8,Sunday,25.4,0.0,7.399999999999999
2025-08-03 11:00:00,16931.0,16975.088,16028.0,44.088,903.0,0.002604,0.053334,11,8,Sunday,27.0,0.0,9.0
2025-08-03 12:00:00,17535.0,17299.328,16343.0,235.672,1192.0,0.01344,0.067978,12,8,Sunday,27.6,0.0,9.600000000000001
2025-08-03 13:00:00,17974.0,17626.424,16719.0,347.576,1255.0,0.019338,0.069823,13,8,Sunday,28.2,0.0,10.2
2025-08-03 14:00:00,18565.0,17784.432,17309.0,780.568,1256.0,0.042045,0.067654,14,8,Sunday,27.5,0.0,9.5
2025-08-03 15:00:00,19155.0,18782.594,17946.0,372.406,1209.0,0.019442,0.063117,15,8,Sunday,27.4,0.0,9.399999999999999
2025-08-03 16:00:00,19699.0,19832.87,18610.0,133.87,1089.0,0.006796,0.055282,16,8,Sunday,28.1,0.0,10.100000000000001
2025-08-03 17:00:00,19854.0,19923.586,18854.0,69.586,1000.0,0.003505,0.050368,17,8,Sunday,27.7,0.0,9.7
2025-08-03 18:00:00,19563.0,19554.45,18562.0,8.55,1001.0,0.000437,0.051168,18,8,Sunday,27.5,0.0,9.5
2025-08-03 19:00:00,18909.0,19108.062,17921.0,199.062,988.0,0.010527,0.05225,19,8,Sunday,27.1,0.0,9.100000000000001
2025-08-03 20:00:00,18479.0,18550.062,17585.0,71.062,894.0,0.003846,0.048379,20,8,Sunday,24.7,0.0,6.699999999999999
2025-08-03 21:00:00,17519.0,17579.129,16687.0,60.129,832.0,0.003432,0.047491,21,8,Sunday,24.4,0.0,6.399999999999999
2025-08-03 22:00:00,16435.0,16368.631,15697.0,66.369,738.0,0.004038,0.044904,22,8,Sunday,24.2,0.0,6.199999999999999
2025-08-03 23:00:00,15282.0,15238.748,14675.0,43.252,607.0,0.00283,0.03972,23,8,Sunday,23.3,0.0,5.300000000000001
2025-08-04 00:00:00,14426.0,14681.943,13880.0,255.943,546.0,0.017742,0.037848,0,8,Monday,22.3,0.0,4.300000000000001
2025-08-04 01:00:00,13830.0,14223.5,13346.0,393.5,484.0,0.028453,0.034996,1,8,Monday,21.6,0.0,3.6000000000000014
2025-08-04 02:00:00,13436.0,13936.82,12958.0,500.82,478.0,0.037274,0.035576,2,8,Monday,20.7,0.0,2.6999999999999993
2025-08-04 03:00:00,13121.0,13560.395,12753.0,439.395,368.0,0.033488,0.028047,3,8,Monday,20.0,0.0,2.0
2025-08-04 04:00:00,13126.0,13640.219,12602.0,514.219,524.0,0.039176,0.039921,4,8,Monday,19.5,0.0,1.5
2025-08-04 05:00:00,13239.0,14099.303,12604.0,860.303,635.0,0.064982,0.047964,5,8,Monday,18.9,0.0,0.8999999999999986
2025-08-04 06:00:00,13656.0,14988.465,13050.0,1332.465,606.0,0.097574,0.044376,6,8,Monday,19.1,0.0,1.1000000000000014
2025-08-04 07:00:00,14393.0,15724.032,13830.0,1331.032,563.0,0.092478,0.039116,7,8,Monday,20.5,0.0,2.5
2025-08-04 08:00:00,15406.0,16219.795,14638.0,813.795,768.0,0.052823,0.049851,8,8,Monday,21.6,0.0,3.6000000000000014
2025-08-04 09:00:00,16525.0,17308.713,15491.0,783.713,1034.0,0.047426,0.062572,9,8,Monday,24.1,0.0,6.100000000000001
2025-08-04 10:00:00,17344.0,18246.182,16314.0,902.182,1030.0,0.052017,0.059387,10,8,Monday,26.2,0.0,8.2
2025-08-04 11:00:00,17993.0,19318.248,16931.0,1325.248,1062.0,0.073654,0.059023,11,8,Monday,27.5,0.0,9.5
2025-08-04 12:00:00,18826.0,19606.932,17535.0,780.932,1291.0,0.041482,0.068575,12,8,Monday,27.3,0.0,9.3
2025-08-04 13:00:00,19143.0,19804.512,17974.0,661.512,1169.0,0.034556,0.061067,13,8,Monday,27.2,0.0,9.2
2025-08-04 14:00:00,19551.0,19897.256,18565.0,346.256,986.0,0.01771,0.050432,14,8,Monday,27.1,0.0,9.100000000000001
2025-08-04 15:00:00,20272.0,19894.578,19155.0,377.422,1117.0,0.018618,0.055101,15,8,Monday,26.6,0.0,8.600000000000001
2025-08-04 16:00:00,20900.0,20402.49,19699.0,497.51,1201.0,0.023804,0.057464,16,8,Monday,26.4,0.0,8.399999999999999
2025-08-04 17:00:00,20854.0,20366.432,19854.0,487.568,1000.0,0.02338,0.047952,17,8,Monday,26.2,0.0,8.2
2025-08-04 18:00:00,20372.0,20319.67,19563.0,52.33,809.0,0.002569,0.039711,18,8,Monday,25.8,0.0,7.800000000000001
2025-08-04 19:00:00,19639.0,19861.256,18909.0,222.256,730.0,0.011317,0.037171,19,8,Monday,25.2,0.0,7.199999999999999
2025-08-04 20:00:00,19156.0,19632.121,18479.0,476.121,677.0,0.024855,0.035341,20,8,Monday,24.7,0.0,6.699999999999999
2025-08-04 21:00:00,18074.0,19226.115,17519.0,1152.115,555.0,0.063744,0.030707,21,8,Monday,25.1,0.0,7.100000000000001
2025-08-04 22:00:00,16909.0,17841.102,16435.0,932.102,474.0,0.055125,0.028032,22,8,Monday,24.9,0.0,6.899999999999999
2025-08-04 23:00:00,15531.0,16811.023,15282.0,1280.023,249.0,0.082417,0.016032,23,8,Monday,24.0,0.0,6.0
2025-08-05 00:00:00,14860.0,15378.629,14426.0,518.629,434.0,0.034901,0.029206,0,8,Tuesday,23.0,0.0,5.0
2025-08-05 01:00:00,14327.0,14468.663,13830.0,141.663,497.0,0.009888,0.03469,1,8,Tuesday,22.3,0.0,4.300000000000001
2025-08-05 02:00:00,13860.0,14327.185,13436.0,467.185,424.0,0.033707,0.030592,2,8,Tuesday,22.2,0.0,4.199999999999999
2025-08-05 03:00:00,13812.0,14233.396,13121.0,421.396,691.0,0.030509,0.050029,3,8,Tuesday,21.8,0.0,3.8000000000000007
2025-08-05 04:00:00,14130.0,14290.731,13126.0,160.731,1004.0,0.011375,0.071054,4,8,Tuesday,21.5,0.0,3.5
2025-08-05 05:00:00,15061.0,14727.83,13239.0,333.17,1822.0,0.022121,0.120975,5,8,Tuesday,21.4,0.0,3.3999999999999986
2025-08-05 06:00:00,16001.0,15223.498,13656.0,777.502,2345.0,0.048591,0.146553,6,8,Tuesday,21.5,0.0,3.5
2025-08-05 07:00:00,17153.0,15929.376,14393.0,1223.624,2760.0,0.071336,0.160905,7,8,Tuesday,22.0,0.0,4.0
2025-08-05 08:00:00,17910.0,16305.362,15406.0,1604.638,2504.0,0.089595,0.13981,8,8,Tuesday,22.4,0.0,4.399999999999999
2025-08-05 09:00:00,18795.0,17162.287,16525.0,1632.713,2270.0,0.08687,0.120777,9,8,Tuesday,23.6,0.0,5.600000000000001
2025-08-05 10:00:00,19273.0,17970.234,17344.0,1302.766,1929.0,0.067595,0.100088,10,8,Tuesday,24.3,0.0,6.300000000000001
2025-08-05 11:00:00,19944.0,18353.178,17993.0,1590.822,1951.0,0.079764,0.097824,11,8,Tuesday,24.9,0.0,6.899999999999999
2025-08-05 12:00:00,20517.0,18960.906,18826.0,1556.094,1691.0,0.075844,0.082419,12,8,Tuesday,25.6,0.0,7.600000000000001
2025-08-05 13:00:00,20760.0,19281.498,19143.0,1478.502,1617.0,0.071219,0.07789,13,8,Tuesday,26.0,0.0,8.0
2025-08-05 14:00:00,21130.0,19514.479,19551.0,1615.521,1579.0,0.076456,0.074728,14,8,Tuesday,25.8,0.0,7.800000000000001
2025-08-05 15:00:00,21764.0,19675.92,20272.0,2088.08,1492.0,0.095942,0.068554,15,8,Tuesday,25.6,0.0,7.600000000000001
2025-08-05 16:00:00,22101.0,20357.799,20900.0,1743.201,1201.0,0.078874,0.054341,16,8,Tuesday,25.5,0.0,7.5
2025-08-05 17:00:00,22514.0,20149.732,20854.0,2364.268,1660.0,0.105013,0.073732,17,8,Tuesday,24.9,0.0,6.899999999999999
2025-08-05 18:00:00,22200.0,19897.746,20372.0,2302.254,1828.0,0.103705,0.082342,18,8,Tuesday,24.3,0.0,6.300000000000001
2025-08-05 19:00:00,21382.0,19554.082,19639.0,1827.918,1743.0,0.085489,0.081517,19,8,Tuesday,23.5,0.0,5.5
2025-08-05 20:00:00,20776.0,19263.785,19156.0,1512.215,1620.0,0.072787,0.077975,20,8,Tuesday,23.4,0.0,5.399999999999999
2025-08-05 21:00:00,19254.0,18218.863,18074.0,1035.137,1180.0,0.053762,0.061286,21,8,Tuesday,22.9,0.0,4.899999999999999
2025-08-05 22:00:00,17964.0,17022.299,16909.0,941.701,1055.0,0.052422,0.058729,22,8,Tuesday,22.6,0.0,4.600000000000001
2025-08-05 23:00:00,16753.0,16399.201,15531.0,353.799,1222.0,0.021119,0.072942,23,8,Tuesday,22.5,0.0,4.5
2025-08-06 00:00:00,15633.0,15658.113,14860.0,25.113,773.0,0.001606,0.049447,0,8,Wednesday,22.5,0.0,4.5
2025-08-06 01:00:00,14984.0,15018.6,14327.0,34.6,657.0,0.002309,0.043847,1,8,Wednesday,22.2,0.0,4.199999999999999
2025-08-06 02:00:00,14525.0,14574.563,13860.0,49.563,665.0,0.003412,0.045783,2,8,Wednesday,21.8,0.0,3.8000000000000007
2025-08-06 03:00:00,14453.0,14376.876,13812.0,76.124,641.0,0.005267,0.044351,3,8,Wednesday,21.4,0.0,3.3999999999999986
2025-08-06 04:00:00,14776.0,14782.442,14130.0,6.442,646.0,0.000436,0.04372,4,8,Wednesday,21.0,0.0,3.0
2025-08-06 05:00:00,15544.0,15454.049,15061.0,89.951,483.0,0.005787,0.031073,5,8,Wednesday,20.6,0.0,2.6000000000000014
2025-08-06 06:00:00,16467.0,16228.684,16001.0,238.316,466.0,0.014472,0.028299,6,8,Wednesday,20.7,0.0,2.6999999999999993
2025-08-06 07:00:00,17220.0,16933.469,17153.0,286.531,67.0,0.016639,0.003891,7,8,Wednesday,21.5,0.0,3.5
2025-08-06 08:00:00,17844.0,17517.94,17910.0,326.06,66.0,0.018273,0.003699,8,8,Wednesday,22.3,0.0,4.300000000000001
2025-08-06 09:00:00,18827.0,17977.219,18795.0,849.781,32.0,0.045136,0.0017,9,8,Wednesday,23.2,0.0,5.199999999999999
2025-08-06 10:00:00,19272.0,18401.727,19273.0,870.273,1.0,0.045157,5.2e-05,10,8,Wednesday,23.9,0.0,5.899999999999999
2025-08-06 11:00:00,19859.0,18851.514,19944.0,1007.486,85.0,0.050732,0.00428,11,8,Wednesday,24.8,0.0,6.800000000000001
2025-08-06 12:00:00,20523.0,18970.648,20517.0,1552.352,6.0,0.07564,0.000292,12,8,Wednesday,24.6,0.0,6.600000000000001
2025-08-06 13:00:00,20976.0,19503.666,20760.0,1472.334,216.0,0.070191,0.010297,13,8,Wednesday,25.4,0.0,7.399999999999999
2025-08-06 14:00:00,21680.0,19922.209,21130.0,1757.791,550.0,0.081079,0.025369,14,8,Wednesday,26.2,0.0,8.2
2025-08-06 15:00:00,22200.0,20162.69,21764.0,2037.31,436.0,0.091771,0.01964,15,8,Wednesday,26.2,0.0,8.2
2025-08-06 16:00:00,22638.0,20426.023,22101.0,2211.977,537.0,0.097711,0.023721,16,8,Wednesday,25.6,0.0,7.600000000000001
2025-08-06 17:00:00,22591.0,20581.436,22514.0,2009.564,77.0,0.088954,0.003408,17,8,Wednesday,25.5,0.0,7.5
2025-08-06 18:00:00,22101.0,20280.332,22200.0,1820.668,99.0,0.082379,0.004479,18,8,Wednesday,24.9,0.0,6.899999999999999
2025-08-06 19:00:00,21699.0,20024.91,21382.0,1674.09,317.0,0.077151,0.014609,19,8,Wednesday,24.1,0.0,6.100000000000001
2025-08-06 20:00:00,20942.0,19507.28,20776.0,1434.72,166.0,0.068509,0.007927,20,8,Wednesday,23.3,0.0,5.300000000000001
2025-08-06 21:00:00,19562.0,18757.598,19254.0,804.402,308.0,0.041121,0.015745,21,8,Wednesday,22.9,0.0,4.899999999999999
2025-08-06 22:00:00,18086.0,17521.254,17964.0,564.746,122.0,0.031226,0.006746,22,8,Wednesday,22.5,0.0,4.5
2025-08-06 23:00:00,16875.0,16766.807,16753.0,108.193,122.0,0.006411,0.00723,23,8,Wednesday,22.1,0.0,4.100000000000001
2025-08-07 00:00:00,15833.0,15794.398,15633.0,38.602,200.0,0.002438,0.012632,0,8,Thursday,21.9,0.0,3.8999999999999986
2025-08-07 01:00:00,15142.0,15028.037,14984.0,113.963,158.0,0.007526,0.010435,1,8,Thursday,21.8,0.0,3.8000000000000007
2025-08-07 02:00:00,14819.0,14782.458,14525.0,36.542,294.0,0.002466,0.019839,2,8,Thursday,21.6,0.0,3.6000000000000014
2025-08-07 03:00:00,14771.0,14706.864,14453.0,64.136,318.0,0.004342,0.021529,3,8,Thursday,21.3,0.0,3.3000000000000007
2025-08-07 04:00:00,15205.0,14893.449,14776.0,311.551,429.0,0.02049,0.028214,4,8,Thursday,21.0,0.0,3.0
2025-08-07 05:00:00,15810.0,15581.044,15544.0,228.956,266.0,0.014482,0.016825,5,8,Thursday,21.1,0.0,3.1000000000000014
2025-08-07 06:00:00,16682.0,16578.455,16467.0,103.545,215.0,0.006207,0.012888,6,8,Thursday,21.5,0.0,3.5
2025-08-07 07:00:00,17944.0,17375.146,17220.0,568.854,724.0,0.031702,0.040348,7,8,Thursday,22.6,0.0,4.600000000000001
2025-08-07 08:00:00,18811.0,17995.162,17844.0,815.838,967.0,0.04337,0.051406,8,8,Thursday,23.4,0.0,5.399999999999999
2025-08-07 09:00:00,19458.0,18431.037,18827.0,1026.963,631.0,0.052778,0.032429,9,8,Thursday,24.0,0.0,6.0
2025-08-07 10:00:00,20028.0,18689.49,19272.0,1338.51,756.0,0.066832,0.037747,10,8,Thursday,24.7,0.0,6.699999999999999
2025-08-07 11:00:00,20584.0,19382.383,19859.0,1201.617,725.0,0.058376,0.035222,11,8,Thursday,25.3,0.0,7.300000000000001
2025-08-07 12:00:00,21212.0,19890.107,20523.0,1321.893,689.0,0.062318,0.032482,12,8,Thursday,25.9,0.0,7.899999999999999
2025-08-07 13:00:00,21579.0,20163.203,20976.0,1415.797,603.0,0.06561,0.027944,13,8,Thursday,26.6,0.0,8.600000000000001
2025-08-07 14:00:00,21863.0,20448.357,21680.0,1414.643,183.0,0.064705,0.00837,14,8,Thursday,27.1,0.0,9.100000000000001
2025-08-07 15:00:00,22289.0,21071.18,22200.0,1217.82,89.0,0.054638,0.003993,15,8,Thursday,27.8,0.0,9.8
2025-08-07 16:00:00,22703.0,20956.18,22638.0,1746.82,65.0,0.076942,0.002863,16,8,Thursday,27.0,0.0,9.0
2025-08-07 17:00:00,22453.0,20551.182,22591.0,1901.818,138.0,0.084702,0.006146,17,8,Thursday,25.4,0.0,7.399999999999999
2025-08-07 18:00:00,22110.0,20223.32,22101.0,1886.68,9.0,0.085332,0.000407,18,8,Thursday,24.8,0.0,6.800000000000001
2025-08-07 19:00:00,21580.0,20093.31,21699.0,1486.69,119.0,0.068892,0.005514,19,8,Thursday,24.3,0.0,6.300000000000001
2025-08-07 20:00:00,20925.0,19835.604,20942.0,1089.396,17.0,0.052062,0.000812,20,8,Thursday,23.9,0.0,5.899999999999999
2025-08-07 21:00:00,19636.0,18804.033,19562.0,831.967,74.0,0.042369,0.003769,21,8,Thursday,23.4,0.0,5.399999999999999
2025-08-07 22:00:00,18322.0,17843.703,18086.0,478.297,236.0,0.026105,0.012881,22,8,Thursday,23.1,0.0,5.100000000000001
2025-08-07 23:00:00,17154.0,17021.506,16875.0,132.494,279.0,0.007724,0.016264,23,8,Thursday,22.9,0.0,4.899999999999999
2025-08-08 00:00:00,16006.0,15728.609,15833.0,277.391,173.0,0.01733,0.010808,0,8,Friday,22.4,0.0,4.399999999999999
2025-08-08 01:00:00,15418.0,15502.853,15142.0,84.853,276.0,0.005504,0.017901,1,8,Friday,22.7,0.0,4.699999999999999
2025-08-08 02:00:00,15013.0,15242.508,14819.0,229.508,194.0,0.015287,0.012922,2,8,Friday,22.5,0.0,4.5
2025-08-08 03:00:00,14756.0,15173.895,14771.0,417.895,15.0,0.02832,0.001017,3,8,Friday,22.2,0.0,4.199999999999999
2025-08-08 04:00:00,15033.0,15372.376,15205.0,339.376,172.0,0.022575,0.011441,4,8,Friday,22.0,0.0,4.0
2025-08-08 05:00:00,15942.0,15755.523,15810.0,186.477,132.0,0.011697,0.00828,5,8,Friday,21.8,0.0,3.8000000000000007
2025-08-08 06:00:00,16727.0,16482.84,16682.0,244.16,45.0,0.014597,0.00269,6,8,Friday,22.0,0.0,4.0
2025-08-08 07:00:00,18139.0,17762.701,17944.0,376.299,195.0,0.020745,0.01075,7,8,Friday,23.1,0.0,5.100000000000001
2025-08-08 08:00:00,19137.0,18232.924,18811.0,904.076,326.0,0.047242,0.017035,8,8,Friday,23.8,0.0,5.800000000000001
2025-08-08 09:00:00,20028.0,18604.547,19458.0,1423.453,570.0,0.071073,0.02846,9,8,Friday,24.8,0.0,6.800000000000001
2025-08-08 10:00:00,20538.0,19272.883,20028.0,1265.117,510.0,0.061599,0.024832,10,8,Friday,25.6,0.0,7.600000000000001
2025-08-08 11:00:00,21250.0,20070.676,20584.0,1179.324,666.0,0.055498,0.031341,11,8,Friday,26.7,0.0,8.7
2025-08-08 12:00:00,22186.0,20485.068,21212.0,1700.932,974.0,0.076667,0.043902,12,8,Friday,27.5,0.0,9.5
2025-08-08 13:00:00,22364.0,20987.086,21579.0,1376.914,785.0,0.061568,0.035101,13,8,Friday,28.1,0.0,10.100000000000001
2025-08-08 14:00:00,22483.0,21143.455,21863.0,1339.545,620.0,0.05958,0.027576,14,8,Friday,28.6,0.0,10.600000000000001
2025-08-08 15:00:00,22643.0,21235.908,22289.0,1407.092,354.0,0.062142,0.015634,15,8,Friday,28.6,0.0,10.600000000000001
2025-08-08 16:00:00,22299.0,21663.9,22703.0,635.1,404.0,0.028481,0.018117,16,8,Friday,28.7,0.0,10.7
2025-08-08 17:00:00,21899.0,21535.717,22453.0,363.283,554.0,0.016589,0.025298,17,8,Friday,28.5,0.0,10.5
2025-08-08 18:00:00,21722.0,20963.734,22110.0,758.266,388.0,0.034908,0.017862,18,8,Friday,27.2,0.0,9.2
2025-08-08 19:00:00,21636.0,20651.56,21580.0,984.44,56.0,0.0455,0.002588,19,8,Friday,26.1,0.0,8.100000000000001
2025-08-08 20:00:00,21310.0,20339.318,20925.0,970.682,385.0,0.045551,0.018067,20,8,Friday,25.3,0.0,7.300000000000001
2025-08-08 21:00:00,20029.0,19046.12,19636.0,982.88,393.0,0.049073,0.019622,21,8,Friday,24.7,0.0,6.699999999999999
2025-08-08 22:00:00,18578.0,18206.465,18322.0,371.535,256.0,0.019999,0.01378,22,8,Friday,24.2,0.0,6.199999999999999
2025-08-08 23:00:00,17433.0,17046.89,17154.0,386.11,279.0,0.022148,0.016004,23,8,Friday,23.7,0.0,5.699999999999999
2025-08-09 00:00:00,16588.0,15190.272,16006.0,1397.728,582.0,0.084261,0.035086,0,8,Saturday,23.3,0.0,5.300000000000001
2025-08-09 01:00:00,15610.0,14394.263,15418.0,1215.737,192.0,0.077882,0.0123,1,8,Saturday,22.8,0.0,4.800000000000001
2025-08-09 02:00:00,14939.0,14143.246,15013.0,795.754,74.0,0.053267,0.004953,2,8,Saturday,22.5,0.0,4.5
2025-08-09 03:00:00,14810.0,13978.805,14756.0,831.195,54.0,0.056124,0.003646,3,8,Saturday,22.3,0.0,4.300000000000001
2025-08-09 04:00:00,14823.0,13958.326,15033.0,864.674,210.0,0.058333,0.014167,4,8,Saturday,22.2,0.0,4.199999999999999
2025-08-09 05:00:00,15005.0,14491.622,15942.0,513.378,937.0,0.034214,0.062446,5,8,Saturday,21.8,0.0,3.8000000000000007
2025-08-09 06:00:00,15671.0,15149.966,16727.0,521.034,1056.0,0.033248,0.067386,6,8,Saturday,22.6,0.0,4.600000000000001
2025-08-09 07:00:00,17262.0,16414.467,18139.0,847.533,877.0,0.049098,0.050805,7,8,Saturday,23.8,0.0,5.800000000000001
2025-08-09 08:00:00,18291.0,17094.719,19137.0,1196.281,846.0,0.065403,0.046252,8,8,Saturday,24.4,0.0,6.399999999999999
2025-08-09 09:00:00,19895.0,17949.066,20028.0,1945.934,133.0,0.09781,0.006685,9,8,Saturday,25.3,0.0,7.300000000000001
2025-08-09 10:00:00,20937.0,18588.877,20538.0,2348.123,399.0,0.112152,0.019057,10,8,Saturday,26.3,0.0,8.3
2025-08-09 11:00:00,21618.0,19049.547,21250.0,2568.453,368.0,0.118811,0.017023,11,8,Saturday,27.0,0.0,9.0
2025-08-09 12:00:00,22024.0,19735.943,22186.0,2288.057,162.0,0.103889,0.007356,12,8,Saturday,27.9,0.0,9.899999999999999
2025-08-09 13:00:00,22529.0,20398.29,22364.0,2130.71,165.0,0.094576,0.007324,13,8,Saturday,28.9,0.0,10.899999999999999
2025-08-09 14:00:00,22827.0,20653.06,22483.0,2173.94,344.0,0.095235,0.01507,14,8,Saturday,29.4,0.0,11.399999999999999
2025-08-09 15:00:00,23040.0,20898.22,22643.0,2141.78,397.0,0.092959,0.017231,15,8,Saturday,29.6,0.0,11.600000000000001
2025-08-09 16:00:00,23217.0,21228.287,22299.0,1988.713,918.0,0.085658,0.03954,16,8,Saturday,29.5,0.0,11.5
2025-08-09 17:00:00,23248.0,21242.518,21899.0,2005.482,1349.0,0.086265,0.058026,17,8,Saturday,29.3,0.0,11.3
2025-08-09 18:00:00,23049.0,20622.65,21722.0,2426.35,1327.0,0.105269,0.057573,18,8,Saturday,28.5,0.0,10.5
2025-08-09 19:00:00,22186.0,20162.72,21636.0,2023.28,550.0,0.091196,0.02479,19,8,Saturday,27.2,0.0,9.2
2025-08-09 20:00:00,21726.0,20456.176,21310.0,1269.824,416.0,0.058447,0.019148,20,8,Saturday,27.7,0.0,9.7
2025-08-09 21:00:00,20686.0,19613.13,20029.0,1072.87,657.0,0.051865,0.031761,21,8,Saturday,26.9,0.0,8.899999999999999
2025-08-09 22:00:00,19362.0,17911.219,18578.0,1450.781,784.0,0.074929,0.040492,22,8,Saturday,26.3,0.0,8.3
2025-08-09 23:00:00,18026.0,17010.572,17433.0,1015.428,593.0,0.056331,0.032897,23,8,Saturday,25.8,0.0,7.800000000000001
2025-08-10 00:00:00,16908.0,16277.802,16588.0,630.198,320.0,0.037272,0.018926,0,8,Sunday,25.2,0.0,7.199999999999999
2025-08-10 01:00:00,16135.0,14804.084,15610.0,1330.916,525.0,0.082486,0.032538,1,8,Sunday,24.8,0.0,6.800000000000001
2025-08-10 02:00:00,15644.0,14353.23,14939.0,1290.771,705.0,0.082509,0.045065,2,8,Sunday,24.5,0.0,6.5
2025-08-10 03:00:00,15376.0,14156.601,14810.0,1219.399,566.0,0.079305,0.036811,3,8,Sunday,24.1,0.0,6.100000000000001
2025-08-10 04:00:00,15092.0,14030.445,14823.0,1061.555,269.0,0.070339,0.017824,4,8,Sunday,23.5,0.0,5.5
2025-08-10 05:00:00,15299.0,14153.205,15005.0,1145.795,294.0,0.074893,0.019217,5,8,Sunday,22.9,0.0,4.899999999999999
2025-08-10 06:00:00,15859.0,14643.454,15671.0,1215.546,188.0,0.076647,0.011854,6,8,Sunday,23.5,0.0,5.5
2025-08-10 07:00:00,17456.0,16578.576,17262.0,877.424,194.0,0.050265,0.011114,7,8,Sunday,24.6,0.0,6.600000000000001
2025-08-10 08:00:00,18787.0,16924.438,18291.0,1862.562,496.0,0.099141,0.026401,8,8,Sunday,25.2,0.0,7.199999999999999
2025-08-10 09:00:00,20209.0,18181.143,19895.0,2027.857,314.0,0.100344,0.015538,9,8,Sunday,26.2,0.0,8.2
2025-08-10 10:00:00,21098.0,19115.758,20937.0,1982.242,161.0,0.093954,0.007631,10,8,Sunday,27.1,0.0,9.100000000000001
2025-08-10 11:00:00,22009.0,19740.506,21618.0,2268.494,391.0,0.103071,0.017765,11,8,Sunday,28.1,0.0,10.100000000000001
2025-08-10 12:00:00,22450.0,20366.445,22024.0,2083.555,426.0,0.092809,0.018976,12,8,Sunday,29.4,0.0,11.399999999999999
2025-08-10 13:00:00,22860.0,20549.938,22529.0,2310.062,331.0,0.101053,0.014479,13,8,Sunday,30.2,0.0,12.2
2025-08-10 14:00:00,23244.0,20672.62,22827.0,2571.38,417.0,0.110626,0.01794,14,8,Sunday,30.8,0.0,12.8
2025-08-10 15:00:00,23726.0,20820.006,23040.0,2905.994,686.0,0.122481,0.028913,15,8,Sunday,30.8,0.0,12.8
2025-08-10 16:00:00,23993.0,21111.684,23217.0,2881.316,776.0,0.12009,0.032343,16,8,Sunday,30.5,0.0,12.5
2025-08-10 17:00:00,24063.0,21054.588,23248.0,3008.412,815.0,0.125022,0.033869,17,8,Sunday,30.1,0.0,12.100000000000001
2025-08-10 18:00:00,23824.0,21070.322,23049.0,2753.678,775.0,0.115584,0.03253,18,8,Sunday,29.3,0.0,11.3
2025-08-10 19:00:00,23292.0,20707.926,22186.0,2584.074,1106.0,0.110943,0.047484,19,8,Sunday,28.2,0.0,10.2
2025-08-10 20:00:00,22998.0,20298.361,21726.0,2699.639,1272.0,0.117386,0.055309,20,8,Sunday,27.3,0.0,9.3
2025-08-10 21:00:00,21494.0,19882.295,20686.0,1611.705,808.0,0.074984,0.037592,21,8,Sunday,27.1,0.0,9.100000000000001
2025-08-10 22:00:00,19966.0,18234.072,19362.0,1731.928,604.0,0.086744,0.030251,22,8,Sunday,26.3,0.0,8.3
2025-08-10 23:00:00,18880.0,17468.76,18026.0,1411.24,854.0,0.074748,0.045233,23,8,Sunday,25.8,0.0,7.800000000000001
2025-08-11 00:00:00,17745.0,17467.291,16908.0,277.709,837.0,0.01565,0.047168,0,8,Monday,25.3,0.0,7.300000000000001
2025-08-11 01:00:00,16898.0,16585.072,16135.0,312.928,763.0,0.018519,0.045153,1,8,Monday,24.7,0.0,6.699999999999999
2025-08-11 02:00:00,16259.0,15798.01,15644.0,460.99,615.0,0.028353,0.037825,2,8,Monday,24.3,0.0,6.300000000000001
2025-08-11 03:00:00,16089.0,15679.589,15376.0,409.411,713.0,0.025447,0.044316,3,8,Monday,23.7,0.0,5.699999999999999
2025-08-11 04:00:00,16390.0,15685.768,15092.0,704.232,1298.0,0.042967,0.079195,4,8,Monday,22.6,0.0,4.600000000000001
2025-08-11 05:00:00,17198.0,16092.773,15299.0,1105.227,1899.0,0.064265,0.11042,5,8,Monday,22.3,0.0,4.300000000000001
2025-08-11 06:00:00,18536.0,16773.97,15859.0,1762.03,2677.0,0.09506,0.144422,6,8,Monday,22.7,0.0,4.699999999999999
2025-08-11 07:00:00,19946.0,18207.064,17456.0,1738.936,2490.0,0.087182,0.124837,7,8,Monday,24.0,0.0,6.0
2025-08-11 08:00:00,21262.0,19026.443,18787.0,2235.557,2475.0,0.105143,0.116405,8,8,Monday,25.2,0.0,7.199999999999999
2025-08-11 09:00:00,22240.0,20214.229,20209.0,2025.771,2031.0,0.091087,0.091322,9,8,Monday,26.6,0.0,8.600000000000001
2025-08-11 10:00:00,22975.0,20921.086,21098.0,2053.914,1877.0,0.089398,0.081697,10,8,Monday,27.8,0.0,9.8
2025-08-11 11:00:00,23484.0,21545.777,22009.0,1938.223,1475.0,0.082534,0.062809,11,8,Monday,28.6,0.0,10.600000000000001
2025-08-11 12:00:00,24493.0,22204.814,22450.0,2288.186,2043.0,0.093422,0.083412,12,8,Monday,29.6,0.0,11.600000000000001
2025-08-11 13:00:00,24270.0,22620.312,22860.0,1649.688,1410.0,0.067972,0.058096,13,8,Monday,30.5,0.0,12.5
2025-08-11 14:00:00,24107.0,22722.137,23244.0,1384.863,863.0,0.057447,0.035799,14,8,Monday,31.1,0.0,13.100000000000001
2025-08-11 15:00:00,24094.0,22901.1,23726.0,1192.9,368.0,0.04951,0.015274,15,8,Monday,31.5,0.0,13.5
2025-08-11 16:00:00,24500.0,23007.42,23993.0,1492.58,507.0,0.060922,0.020694,16,8,Monday,31.5,0.0,13.5
2025-08-11 17:00:00,24789.0,22893.139,24063.0,1895.861,726.0,0.07648,0.029287,17,8,Monday,31.0,0.0,13.0
2025-08-11 18:00:00,24584.0,22588.703,23824.0,1995.297,760.0,0.081162,0.030914,18,8,Monday,29.9,0.0,11.899999999999999
2025-08-11 19:00:00,24101.0,21872.635,23292.0,2228.365,809.0,0.092459,0.033567,19,8,Monday,28.4,0.0,10.399999999999999
2025-08-11 20:00:00,23762.0,21877.266,22998.0,1884.734,764.0,0.079317,0.032152,20,8,Monday,28.4,0.0,10.399999999999999
2025-08-11 21:00:00,22427.0,21376.08,21494.0,1050.92,933.0,0.04686,0.041602,21,8,Monday,27.8,0.0,9.8
2025-08-11 22:00:00,20925.0,20254.328,19966.0,670.672,959.0,0.032051,0.04583,22,8,Monday,27.2,0.0,9.2
2025-08-11 23:00:00,19529.0,19435.574,18880.0,93.426,649.0,0.004784,0.033233,23,8,Monday,26.5,0.0,8.5
2025-08-12 00:00:00,18577.0,18184.027,17745.0,392.973,832.0,0.021154,0.044787,0,8,Tuesday,25.8,0.0,7.800000000000001
2025-08-12 01:00:00,17795.0,17603.45,16898.0,191.55,897.0,0.010764,0.050407,1,8,Tuesday,25.4,0.0,7.399999999999999
2025-08-12 02:00:00,17245.0,17109.164,16259.0,135.836,986.0,0.007877,0.057176,2,8,Tuesday,25.1,0.0,7.100000000000001
2025-08-12 03:00:00,17087.0,16962.896,16089.0,124.104,998.0,0.007263,0.058407,3,8,Tuesday,24.8,0.0,6.800000000000001
2025-08-12 04:00:00,17362.0,17153.348,16390.0,208.652,972.0,0.012018,0.055984,4,8,Tuesday,24.4,0.0,6.399999999999999
2025-08-12 05:00:00,18080.0,17142.28,17198.0,937.72,882.0,0.051865,0.048783,5,8,Tuesday,23.6,0.0,5.600000000000001
2025-08-12 06:00:00,19177.0,17609.36,18536.0,1567.64,641.0,0.081746,0.033425,6,8,Tuesday,22.6,0.0,4.600000000000001
2025-08-12 07:00:00,20481.0,18568.004,19946.0,1912.996,535.0,0.093403,0.026122,7,8,Tuesday,23.6,0.0,5.600000000000001
2025-08-12 08:00:00,21648.0,20600.57,21262.0,1047.43,386.0,0.048385,0.017831,8,8,Tuesday,26.9,0.0,8.899999999999999
2025-08-12 09:00:00,22747.0,21463.541,22240.0,1283.459,507.0,0.056423,0.022289,9,8,Tuesday,28.4,0.0,10.399999999999999
2025-08-12 10:00:00,23367.0,21445.03,22975.0,1921.97,392.0,0.082251,0.016776,10,8,Tuesday,28.4,0.0,10.399999999999999
2025-08-12 11:00:00,23781.0,21446.457,23484.0,2334.543,297.0,0.098168,0.012489,11,8,Tuesday,28.4,0.0,10.399999999999999
2025-08-12 12:00:00,24006.0,21923.697,24493.0,2082.303,487.0,0.086741,0.020287,12,8,Tuesday,29.2,0.0,11.2
2025-08-12 13:00:00,23894.0,21829.078,24270.0,2064.922,376.0,0.08642,0.015736,13,8,Tuesday,29.0,0.0,11.0
2025-08-12 14:00:00,23973.0,20694.434,24107.0,3278.566,134.0,0.136761,0.00559,14,8,Tuesday,27.3,0.0,9.3
2025-08-12 15:00:00,23233.0,21417.31,24094.0,1815.69,861.0,0.078151,0.037059,15,8,Tuesday,28.4,0.0,10.399999999999999
2025-08-12 16:00:00,22874.0,22198.479,24500.0,675.521,1626.0,0.029532,0.071085,16,8,Tuesday,29.4,0.0,11.399999999999999
2025-08-12 17:00:00,23312.0,22360.834,24789.0,951.166,1477.0,0.040802,0.063358,17,8,Tuesday,29.6,0.0,11.600000000000001
2025-08-12 18:00:00,23726.0,21947.412,24584.0,1778.588,858.0,0.074964,0.036163,18,8,Tuesday,28.8,0.0,10.8
2025-08-12 19:00:00,23594.0,21595.918,24101.0,1998.082,507.0,0.084686,0.021489,19,8,Tuesday,27.7,0.0,9.7
2025-08-12 20:00:00,23084.0,20961.832,23762.0,2122.168,678.0,0.091932,0.029371,20,8,Tuesday,26.1,0.0,8.100000000000001
2025-08-12 21:00:00,21846.0,20202.37,22427.0,1643.63,581.0,0.075237,0.026595,21,8,Tuesday,25.6,0.0,7.600000000000001
2025-08-12 22:00:00,20493.0,19191.201,20925.0,1301.799,432.0,0.063524,0.02108,22,8,Tuesday,25.1,0.0,7.100000000000001
2025-08-12 23:00:00,19212.0,18760.723,19529.0,451.277,317.0,0.023489,0.0165,23,8,Tuesday,24.7,0.0,6.699999999999999
2025-08-13 00:00:00,18288.0,18082.42,18577.0,205.58,289.0,0.011241,0.015803,0,8,Wednesday,24.1,0.0,6.100000000000001
2025-08-13 01:00:00,17551.0,17707.965,17795.0,156.965,244.0,0.008943,0.013902,1,8,Wednesday,24.2,0.0,6.199999999999999
2025-08-13 02:00:00,16938.0,17160.13,17245.0,222.13,307.0,0.013114,0.018125,2,8,Wednesday,23.9,0.0,5.899999999999999
2025-08-13 03:00:00,16681.0,17041.162,17087.0,360.162,406.0,0.021591,0.024339,3,8,Wednesday,23.6,0.0,5.600000000000001
2025-08-13 04:00:00,16690.0,17035.945,17362.0,345.945,672.0,0.020728,0.040264,4,8,Wednesday,23.1,0.0,5.100000000000001
2025-08-13 05:00:00,17468.0,17634.068,18080.0,166.068,612.0,0.009507,0.035035,5,8,Wednesday,23.1,0.0,5.100000000000001
2025-08-13 06:00:00,18662.0,18131.703,19177.0,530.297,515.0,0.028416,0.027596,6,8,Wednesday,23.1,0.0,5.100000000000001
2025-08-13 07:00:00,19399.0,18342.697,20481.0,1056.303,1082.0,0.054451,0.055776,7,8,Wednesday,23.1,0.0,5.100000000000001
2025-08-13 08:00:00,19904.0,18393.809,21648.0,1510.191,1744.0,0.075874,0.087621,8,8,Wednesday,22.9,0.0,4.899999999999999
2025-08-13 09:00:00,20430.0,18986.828,22747.0,1443.172,2317.0,0.07064,0.113412,9,8,Wednesday,24.4,0.0,6.399999999999999
2025-08-13 10:00:00,21016.0,20056.129,23367.0,959.871,2351.0,0.045673,0.111867,10,8,Wednesday,25.8,0.0,7.800000000000001
2025-08-13 11:00:00,21758.0,20409.51,23781.0,1348.49,2023.0,0.061977,0.092977,11,8,Wednesday,26.7,0.0,8.7
2025-08-13 12:00:00,22120.0,20737.53,24006.0,1382.47,1886.0,0.062499,0.085262,12,8,Wednesday,27.3,0.0,9.3
2025-08-13 13:00:00,22768.0,20911.043,23894.0,1856.957,1126.0,0.08156,0.049455,13,8,Wednesday,27.5,0.0,9.5
2025-08-13 14:00:00,22905.0,20340.703,23973.0,2564.297,1068.0,0.111954,0.046627,14,8,Wednesday,26.6,0.0,8.600000000000001
2025-08-13 15:00:00,23389.0,20679.71,23233.0,2709.29,156.0,0.115836,0.00667,15,8,Wednesday,27.2,0.0,9.2
2025-08-13 16:00:00,23843.0,20705.27,22874.0,3137.73,969.0,0.1316,0.040641,16,8,Wednesday,26.1,0.0,8.100000000000001
2025-08-13 17:00:00,23752.0,20608.941,23312.0,3143.059,440.0,0.132328,0.018525,17,8,Wednesday,25.6,0.0,7.600000000000001
2025-08-13 18:00:00,23259.0,20643.688,23726.0,2615.312,467.0,0.112443,0.020078,18,8,Wednesday,25.4,0.0,7.399999999999999
2025-08-13 19:00:00,22657.0,19729.62,23594.0,2927.38,937.0,0.129204,0.041356,19,8,Wednesday,23.6,0.0,5.600000000000001
2025-08-13 20:00:00,21983.0,19892.277,23084.0,2090.723,1101.0,0.095106,0.050084,20,8,Wednesday,23.8,0.0,5.800000000000001
2025-08-13 21:00:00,20438.0,18748.559,21846.0,1689.441,1408.0,0.082662,0.068891,21,8,Wednesday,22.3,0.0,4.300000000000001
2025-08-13 22:00:00,18796.0,17854.11,20493.0,941.89,1697.0,0.050111,0.090285,22,8,Wednesday,21.4,0.0,3.3999999999999986
2025-08-13 23:00:00,17304.0,17273.016,19212.0,30.984,1908.0,0.001791,0.110264,23,8,Wednesday,20.7,0.0,2.6999999999999993
2025-08-14 00:00:00,16122.0,16436.262,18288.0,314.262,2166.0,0.019493,0.134351,0,8,Thursday,20.1,0.0,2.1000000000000014
2025-08-14 01:00:00,15543.0,15744.299,17551.0,201.299,2008.0,0.012951,0.12919,1,8,Thursday,19.8,0.0,1.8000000000000007
2025-08-14 02:00:00,15109.0,15355.141,16938.0,246.141,1829.0,0.016291,0.121054,2,8,Thursday,19.5,0.0,1.5
2025-08-14 03:00:00,14950.0,15367.663,16681.0,417.663,1731.0,0.027937,0.115786,3,8,Thursday,19.3,0.0,1.3000000000000007
2025-08-14 04:00:00,15186.0,15333.365,16690.0,147.365,1504.0,0.009704,0.099039,4,8,Thursday,19.1,0.0,1.1000000000000014
2025-08-14 05:00:00,15846.0,15897.097,17468.0,51.097,1622.0,0.003225,0.10236,5,8,Thursday,18.9,0.0,0.8999999999999986
2025-08-14 06:00:00,16944.0,16574.945,18662.0,369.055,1718.0,0.021781,0.101393,6,8,Thursday,18.9,0.0,0.8999999999999986
2025-08-14 07:00:00,18094.0,17348.367,19399.0,745.633,1305.0,0.041209,0.072123,7,8,Thursday,20.1,0.0,2.1000000000000014
2025-08-14 08:00:00,18718.0,17978.928,19904.0,739.072,1186.0,0.039485,0.063361,8,8,Thursday,21.9,0.0,3.8999999999999986
2025-08-14 09:00:00,19491.0,18251.63,20430.0,1239.37,939.0,0.063587,0.048176,9,8,Thursday,23.3,0.0,5.300000000000001
2025-08-14 10:00:00,20118.0,18767.54,21016.0,1350.46,898.0,0.067127,0.044637,10,8,Thursday,24.4,0.0,6.399999999999999
2025-08-14 11:00:00,20723.0,19006.195,21758.0,1716.805,1035.0,0.082845,0.049945,11,8,Thursday,25.2,0.0,7.199999999999999
2025-08-14 12:00:00,21363.0,19532.848,22120.0,1830.152,757.0,0.085669,0.035435,12,8,Thursday,25.4,0.0,7.399999999999999
2025-08-14 13:00:00,21609.0,19541.492,22768.0,2067.508,1159.0,0.095678,0.053635,13,8,Thursday,25.6,0.0,7.600000000000001
2025-08-14 14:00:00,21883.0,19889.398,22905.0,1993.602,1022.0,0.091103,0.046703,14,8,Thursday,25.7,0.0,7.699999999999999
2025-08-14 15:00:00,22395.0,19732.322,23389.0,2662.678,994.0,0.118896,0.044385,15,8,Thursday,25.6,0.0,7.600000000000001
2025-08-14 16:00:00,22834.0,20390.586,23843.0,2443.414,1009.0,0.107008,0.044188,16,8,Thursday,25.6,0.0,7.600000000000001
2025-08-14 17:00:00,22949.0,20573.652,23752.0,2375.348,803.0,0.103506,0.034991,17,8,Thursday,25.3,0.0,7.300000000000001
2025-08-14 18:00:00,22532.0,20239.719,23259.0,2292.281,727.0,0.101734,0.032265,18,8,Thursday,24.7,0.0,6.699999999999999
2025-08-14 19:00:00,21855.0,19736.2,22657.0,2118.8,802.0,0.096948,0.036696,19,8,Thursday,23.6,0.0,5.600000000000001
2025-08-14 20:00:00,21129.0,19566.014,21983.0,1562.986,854.0,0.073973,0.040418,20,8,Thursday,23.3,0.0,5.300000000000001
2025-08-14 21:00:00,19681.0,18813.434,20438.0,867.566,757.0,0.044081,0.038463,21,8,Thursday,23.1,0.0,5.100000000000001
2025-08-14 22:00:00,18301.0,17792.752,18796.0,508.248,495.0,0.027772,0.027048,22,8,Thursday,22.4,0.0,4.399999999999999
2025-08-14 23:00:00,16936.0,16726.121,17304.0,209.879,368.0,0.012392,0.021729,23,8,Thursday,21.9,0.0,3.8999999999999986
2025-08-15 00:00:00,16017.0,15685.854,16122.0,331.146,105.0,0.020675,0.006556,0,8,Friday,21.3,0.0,3.3000000000000007
2025-08-15 01:00:00,15342.0,15003.377,15543.0,338.623,201.0,0.022072,0.013101,1,8,Friday,20.8,0.0,2.8000000000000007
2025-08-15 02:00:00,14913.0,14561.113,15109.0,351.887,196.0,0.023596,0.013143,2,8,Friday,20.3,0.0,2.3000000000000007
2025-08-15 03:00:00,14654.0,14630.122,14950.0,23.878,296.0,0.001629,0.020199,3,8,Friday,20.7,0.0,2.6999999999999993
2025-08-15 04:00:00,15001.0,14790.524,15186.0,210.476,185.0,0.014031,0.012333,4,8,Friday,21.0,0.0,3.0
2025-08-15 05:00:00,15574.0,15646.832,15846.0,72.832,272.0,0.004677,0.017465,5,8,Friday,21.0,0.0,3.0
2025-08-15 06:00:00,16420.0,16466.484,16944.0,46.484,524.0,0.002831,0.031912,6,8,Friday,21.6,0.0,3.6000000000000014
2025-08-15 07:00:00,17559.0,17681.7,18094.0,122.7,535.0,0.006988,0.030469,7,8,Friday,22.6,0.0,4.600000000000001
2025-08-15 08:00:00,18487.0,17955.492,18718.0,531.508,231.0,0.02875,0.012495,8,8,Friday,23.4,0.0,5.399999999999999
2025-08-15 09:00:00,19465.0,18195.201,19491.0,1269.799,26.0,0.065235,0.001336,9,8,Friday,23.9,0.0,5.899999999999999
2025-08-15 10:00:00,20208.0,18412.682,20118.0,1795.318,90.0,0.088842,0.004454,10,8,Friday,24.3,0.0,6.300000000000001
2025-08-15 11:00:00,20799.0,18614.252,20723.0,2184.748,76.0,0.105041,0.003654,11,8,Friday,24.8,0.0,6.800000000000001
2025-08-15 12:00:00,21453.0,19354.508,21363.0,2098.492,90.0,0.097818,0.004195,12,8,Friday,25.3,0.0,7.300000000000001
2025-08-15 13:00:00,21805.0,19753.146,21609.0,2051.854,196.0,0.0941,0.008989,13,8,Friday,25.8,0.0,7.800000000000001
2025-08-15 14:00:00,22194.0,20168.928,21883.0,2025.072,311.0,0.091244,0.014013,14,8,Friday,26.4,0.0,8.399999999999999
2025-08-15 15:00:00,22717.0,20408.932,22395.0,2308.068,322.0,0.101601,0.014174,15,8,Friday,26.7,0.0,8.7
2025-08-15 16:00:00,23257.0,20840.633,22834.0,2416.367,423.0,0.103898,0.018188,16,8,Friday,26.7,0.0,8.7
2025-08-15 17:00:00,23110.0,20371.514,22949.0,2738.486,161.0,0.118498,0.006967,17,8,Friday,25.3,0.0,7.300000000000001
2025-08-15 18:00:00,22670.0,19387.857,22532.0,3282.143,138.0,0.144779,0.006087,18,8,Friday,24.0,0.0,6.0
2025-08-15 19:00:00,21945.0,18971.17,21855.0,2973.83,90.0,0.135513,0.004101,19,8,Friday,23.1,0.0,5.100000000000001
2025-08-15 20:00:00,21281.0,18662.236,21129.0,2618.764,152.0,0.123056,0.007143,20,8,Friday,22.5,0.0,4.5
2025-08-15 21:00:00,19915.0,18044.55,19681.0,1870.45,234.0,0.093922,0.01175,21,8,Friday,22.1,0.0,4.100000000000001
2025-08-15 22:00:00,18232.0,17388.11,18301.0,843.89,69.0,0.046286,0.003785,22,8,Friday,21.8,0.0,3.8000000000000007
2025-08-15 23:00:00,17004.0,16103.029,16936.0,900.971,68.0,0.052986,0.003999,23,8,Friday,21.3,0.0,3.3000000000000007
2025-08-16 00:00:00,16054.0,14521.853,16017.0,1532.147,37.0,0.095437,0.002305,0,8,Saturday,20.2,0.0,2.1999999999999993
2025-08-16 01:00:00,15515.0,13994.467,15342.0,1520.533,173.0,0.098004,0.01115,1,8,Saturday,19.9,0.0,1.8999999999999986
2025-08-16 02:00:00,14899.0,13449.139,14913.0,1449.861,14.0,0.097313,0.00094,2,8,Saturday,19.9,0.0,1.8999999999999986
2025-08-16 03:00:00,14600.0,13284.791,14654.0,1315.209,54.0,0.090083,0.003699,3,8,Saturday,19.8,0.0,1.8000000000000007
2025-08-16 04:00:00,14550.0,13263.787,15001.0,1286.213,451.0,0.0884,0.030997,4,8,Saturday,19.7,0.0,1.6999999999999993
2025-08-16 05:00:00,14852.0,13425.321,15574.0,1426.679,722.0,0.09606,0.048613,5,8,Saturday,18.9,0.0,0.8999999999999986
2025-08-16 06:00:00,15379.0,14023.609,16420.0,1355.391,1041.0,0.088133,0.06769,6,8,Saturday,19.0,0.0,1.0
2025-08-16 07:00:00,16262.0,15495.095,17559.0,766.905,1297.0,0.047159,0.079756,7,8,Saturday,21.3,0.0,3.3000000000000007
2025-08-16 08:00:00,17638.0,16390.502,18487.0,1247.498,849.0,0.070728,0.048135,8,8,Saturday,22.9,0.0,4.899999999999999
2025-08-16 09:00:00,18887.0,17101.588,19465.0,1785.412,578.0,0.094531,0.030603,9,8,Saturday,24.7,0.0,6.699999999999999
2025-08-16 10:00:00,20024.0,18178.64,20208.0,1845.36,184.0,0.092157,0.009189,10,8,Saturday,25.7,0.0,7.699999999999999
2025-08-16 11:00:00,20886.0,19026.412,20799.0,1859.588,87.0,0.089035,0.004165,11,8,Saturday,26.6,0.0,8.600000000000001
2025-08-16 12:00:00,21233.0,19468.145,21453.0,1764.855,220.0,0.083118,0.010361,12,8,Saturday,27.5,0.0,9.5
2025-08-16 13:00:00,21673.0,19620.262,21805.0,2052.738,132.0,0.094714,0.006091,13,8,Saturday,27.7,0.0,9.7
2025-08-16 14:00:00,22214.0,19778.602,22194.0,2435.398,20.0,0.109633,0.0009,14,8,Saturday,27.9,0.0,9.899999999999999
2025-08-16 15:00:00,22698.0,20104.285,22717.0,2593.715,19.0,0.114271,0.000837,15,8,Saturday,28.6,0.0,10.600000000000001
2025-08-16 16:00:00,23070.0,20928.84,23257.0,2141.16,187.0,0.092811,0.008106,16,8,Saturday,28.8,0.0,10.8
2025-08-16 17:00:00,23079.0,20667.742,23110.0,2411.258,31.0,0.104478,0.001343,17,8,Saturday,28.4,0.0,10.399999999999999
2025-08-16 18:00:00,22579.0,20393.154,22670.0,2185.846,91.0,0.096809,0.00403,18,8,Saturday,27.4,0.0,9.399999999999999
2025-08-16 19:00:00,21887.0,19777.473,21945.0,2109.527,58.0,0.096383,0.00265,19,8,Saturday,25.9,0.0,7.899999999999999
2025-08-16 20:00:00,21173.0,19857.354,21281.0,1315.646,108.0,0.062138,0.005101,20,8,Saturday,26.6,0.0,8.600000000000001
2025-08-16 21:00:00,20068.0,19038.994,19915.0,1029.006,153.0,0.051276,0.007624,21,8,Saturday,26.1,0.0,8.100000000000001
2025-08-16 22:00:00,18624.0,17633.053,18232.0,990.947,392.0,0.053208,0.021048,22,8,Saturday,25.4,0.0,7.399999999999999
2025-08-16 23:00:00,17627.0,16575.281,17004.0,1051.719,623.0,0.059665,0.035344,23,8,Saturday,25.0,0.0,7.0
2025-08-17 00:00:00,16747.0,15928.916,16054.0,818.084,693.0,0.04885,0.041381,0,8,Sunday,24.3,0.0,6.300000000000001
2025-08-17 01:00:00,16133.0,15091.514,15515.0,1041.486,618.0,0.064556,0.038307,1,8,Sunday,23.4,0.0,5.399999999999999
2025-08-17 02:00:00,15765.0,14893.624,14899.0,871.376,866.0,0.055273,0.054932,2,8,Sunday,23.6,0.0,5.600000000000001
2025-08-17 03:00:00,15597.0,14399.457,14600.0,1197.543,997.0,0.07678,0.063923,3,8,Sunday,23.3,0.0,5.300000000000001
2025-08-17 04:00:00,15437.0,14058.583,14550.0,1378.417,887.0,0.089293,0.057459,4,8,Sunday,23.2,0.0,5.199999999999999
2025-08-17 05:00:00,15474.0,14391.124,14852.0,1082.876,622.0,0.06998,0.040196,5,8,Sunday,22.7,0.0,4.699999999999999
2025-08-17 06:00:00,15791.0,14444.647,15379.0,1346.353,412.0,0.085261,0.026091,6,8,Sunday,21.8,0.0,3.8000000000000007
2025-08-17 07:00:00,16477.0,15399.142,16262.0,1077.858,215.0,0.065416,0.013048,7,8,Sunday,22.1,0.0,4.100000000000001
2025-08-17 08:00:00,17211.0,15749.446,17638.0,1461.554,427.0,0.08492,0.02481,8,8,Sunday,21.5,0.0,3.5
2025-08-17 09:00:00,17950.0,16202.73,18887.0,1747.271,937.0,0.097341,0.052201,9,8,Sunday,22.1,0.0,4.100000000000001
2025-08-17 10:00:00,18607.0,16785.05,20024.0,1821.95,1417.0,0.097917,0.076154,10,8,Sunday,23.6,0.0,5.600000000000001
2025-08-17 11:00:00,18949.0,18018.473,20886.0,930.527,1937.0,0.049107,0.102222,11,8,Sunday,25.6,0.0,7.600000000000001
2025-08-17 12:00:00,19001.0,17307.781,21233.0,1693.219,2232.0,0.089112,0.117468,12,8,Sunday,24.7,0.0,6.699999999999999
2025-08-17 13:00:00,18371.0,16925.768,21673.0,1445.232,3302.0,0.078669,0.17974,13,8,Sunday,23.9,0.0,5.899999999999999
2025-08-17 14:00:00,18248.0,17368.12,22214.0,879.88,3966.0,0.048218,0.217339,14,8,Sunday,25.0,0.0,7.0
2025-08-17 15:00:00,18136.0,17549.998,22698.0,586.002,4562.0,0.032312,0.251544,15,8,Sunday,24.7,0.0,6.699999999999999
2025-08-17 16:00:00,18516.0,18279.623,23070.0,236.377,4554.0,0.012766,0.245949,16,8,Sunday,24.5,0.0,6.5
2025-08-17 17:00:00,19103.0,18208.65,23079.0,894.35,3976.0,0.046817,0.208135,17,8,Sunday,23.9,0.0,5.899999999999999
2025-08-17 18:00:00,19009.0,18052.713,22579.0,956.287,3570.0,0.050307,0.187806,18,8,Sunday,23.2,0.0,5.199999999999999
2025-08-17 19:00:00,18516.0,17645.59,21887.0,870.41,3371.0,0.047009,0.182059,19,8,Sunday,21.7,0.0,3.6999999999999993
2025-08-17 20:00:00,17738.0,17629.893,21173.0,108.107,3435.0,0.006095,0.193652,20,8,Sunday,21.3,0.0,3.3000000000000007
2025-08-17 21:00:00,16626.0,16770.94,20068.0,144.94,3442.0,0.008718,0.207025,21,8,Sunday,20.6,0.0,2.6000000000000014
2025-08-17 22:00:00,15546.0,15892.039,18624.0,346.039,3078.0,0.022259,0.197993,22,8,Sunday,19.8,0.0,1.8000000000000007
2025-08-17 23:00:00,14430.0,15180.761,17627.0,750.761,3197.0,0.052028,0.221552,23,8,Sunday,18.4,0.0,0.3999999999999986
2025-08-18 00:00:00,13571.0,15403.551,16747.0,1832.551,3176.0,0.135034,0.234028,0,8,Monday,17.6,0.3999999999999986,0.0
2025-08-18 01:00:00,13360.0,14827.092,16133.0,1467.092,2773.0,0.109812,0.20756,1,8,Monday,16.7,1.3000000000000007,0.0
2025-08-18 02:00:00,13052.0,14561.486,15765.0,1509.486,2713.0,0.115652,0.207861,2,8,Monday,15.9,2.0999999999999996,0.0
2025-08-18 03:00:00,12834.0,14753.831,15597.0,1919.831,2763.0,0.149589,0.215288,3,8,Monday,15.4,2.5999999999999996,0.0
2025-08-18 04:00:00,13329.0,14920.568,15437.0,1591.568,2108.0,0.119406,0.158151,4,8,Monday,14.9,3.0999999999999996,0.0
2025-08-18 05:00:00,14063.0,15360.146,15474.0,1297.146,1411.0,0.092238,0.100334,5,8,Monday,14.5,3.5,0.0
2025-08-18 06:00:00,14803.0,15850.879,15791.0,1047.879,988.0,0.070788,0.066743,6,8,Monday,14.2,3.8000000000000007,0.0
2025-08-18 07:00:00,15572.0,16215.713,16477.0,643.713,905.0,0.041338,0.058117,7,8,Monday,15.0,3.0,0.0
2025-08-18 08:00:00,15935.0,16542.336,17211.0,607.336,1276.0,0.038113,0.080075,8,8,Monday,16.4,1.6000000000000014,0.0
2025-08-18 09:00:00,15962.0,16750.75,17950.0,788.75,1988.0,0.049414,0.124546,9,8,Monday,17.5,0.5,0.0
2025-08-18 10:00:00,16405.0,16981.242,18607.0,576.242,2202.0,0.035126,0.134227,10,8,Monday,18.4,0.0,0.3999999999999986
2025-08-18 11:00:00,16873.0,17192.441,18949.0,319.441,2076.0,0.018932,0.123037,11,8,Monday,19.2,0.0,1.1999999999999993
2025-08-18 12:00:00,17139.0,17262.453,19001.0,123.453,1862.0,0.007203,0.108641,12,8,Monday,19.9,0.0,1.8999999999999986
2025-08-18 13:00:00,17318.0,17149.969,18371.0,168.031,1053.0,0.009703,0.060804,13,8,Monday,19.9,0.0,1.8999999999999986
2025-08-18 14:00:00,17457.0,17079.86,18248.0,377.14,791.0,0.021604,0.045311,14,8,Monday,19.9,0.0,1.8999999999999986
2025-08-18 15:00:00,18073.0,17316.133,18136.0,756.867,63.0,0.041878,0.003486,15,8,Monday,20.0,0.0,2.0
2025-08-18 16:00:00,18932.0,17705.521,18516.0,1226.479,416.0,0.064783,0.021973,16,8,Monday,19.9,0.0,1.8999999999999986
2025-08-18 17:00:00,18769.0,18031.033,19103.0,737.967,334.0,0.039318,0.017795,17,8,Monday,19.7,0.0,1.6999999999999993
2025-08-18 18:00:00,18401.0,18066.564,19009.0,334.436,608.0,0.018175,0.033042,18,8,Monday,19.2,0.0,1.1999999999999993
2025-08-18 19:00:00,18177.0,17580.674,18516.0,596.326,339.0,0.032807,0.01865,19,8,Monday,18.5,0.0,0.5
2025-08-18 20:00:00,17574.0,17249.28,17738.0,324.72,164.0,0.018477,0.009332,20,8,Monday,18.7,0.0,0.6999999999999993
2025-08-18 21:00:00,16655.0,16548.77,16626.0,106.23,29.0,0.006378,0.001741,21,8,Monday,18.5,0.0,0.5
2025-08-18 22:00:00,15455.0,15604.776,15546.0,149.776,91.0,0.009691,0.005888,22,8,Monday,18.9,0.0,0.8999999999999986
2025-08-18 23:00:00,14528.0,14784.067,14430.0,256.067,98.0,0.017626,0.006746,23,8,Monday,18.9,0.0,0.8999999999999986
2025-08-19 00:00:00,13886.0,13957.309,13571.0,71.309,315.0,0.005135,0.022685,0,8,Tuesday,18.7,0.0,0.6999999999999993
2025-08-19 01:00:00,13403.0,13812.685,13360.0,409.685,43.0,0.030567,0.003208,1,8,Tuesday,18.6,0.0,0.6000000000000014
2025-08-19 02:00:00,13283.0,13761.962,13052.0,478.962,231.0,0.036058,0.017391,2,8,Tuesday,19.0,0.0,1.0
2025-08-19 03:00:00,13441.0,13611.13,12834.0,170.13,607.0,0.012658,0.04516,3,8,Tuesday,19.0,0.0,1.0
2025-08-19 04:00:00,13513.0,13879.2,13329.0,366.2,184.0,0.0271,0.013617,4,8,Tuesday,18.8,0.0,0.8000000000000007
2025-08-19 05:00:00,14322.0,14609.07,14063.0,287.07,259.0,0.020044,0.018084,5,8,Tuesday,18.5,0.0,0.5
2025-08-19 06:00:00,15314.0,15302.051,14803.0,11.949,511.0,0.00078,0.033368,6,8,Tuesday,18.4,0.0,0.3999999999999986
2025-08-19 07:00:00,16213.0,15690.877,15572.0,522.123,641.0,0.032204,0.039536,7,8,Tuesday,18.6,0.0,0.6000000000000014
2025-08-19 08:00:00,16670.0,16109.398,15935.0,560.602,735.0,0.033629,0.044091,8,8,Tuesday,19.7,0.0,1.6999999999999993
2025-08-19 09:00:00,16910.0,16126.931,15962.0,783.069,948.0,0.046308,0.056062,9,8,Tuesday,20.2,0.0,2.1999999999999993
2025-08-19 10:00:00,17156.0,16305.52,16405.0,850.479,751.0,0.049573,0.043775,10,8,Tuesday,20.5,0.0,2.5
2025-08-19 11:00:00,17430.0,16465.646,16873.0,964.354,557.0,0.055327,0.031956,11,8,Tuesday,20.7,0.0,2.6999999999999993
2025-08-19 12:00:00,17928.0,16583.438,17139.0,1344.562,789.0,0.074998,0.044009,12,8,Tuesday,20.7,0.0,2.6999999999999993
2025-08-19 13:00:00,17759.0,16650.215,17318.0,1108.785,441.0,0.062435,0.024832,13,8,Tuesday,20.4,0.0,2.3999999999999986
2025-08-19 14:00:00,17693.0,16761.121,17457.0,931.879,236.0,0.052669,0.013339,14,8,Tuesday,20.6,0.0,2.6000000000000014
2025-08-19 15:00:00,18175.0,17050.818,18073.0,1124.182,102.0,0.061853,0.005612,15,8,Tuesday,20.1,0.0,2.1000000000000014
2025-08-19 16:00:00,18418.0,17895.441,18932.0,522.559,514.0,0.028372,0.027907,16,8,Tuesday,19.4,0.0,1.3999999999999986
2025-08-19 17:00:00,18292.0,17833.951,18769.0,458.049,477.0,0.025041,0.026077,17,8,Tuesday,19.6,0.0,1.6000000000000014
2025-08-19 18:00:00,18217.0,17830.86,18401.0,386.14,184.0,0.021197,0.0101,18,8,Tuesday,19.9,0.0,1.8999999999999986
2025-08-19 19:00:00,18397.0,17693.412,18177.0,703.588,220.0,0.038245,0.011958,19,8,Tuesday,20.0,0.0,2.0
2025-08-19 20:00:00,17979.0,17241.541,17574.0,737.459,405.0,0.041018,0.022526,20,8,Tuesday,19.4,0.0,1.3999999999999986
2025-08-19 21:00:00,16917.0,16624.035,16655.0,292.965,262.0,0.017318,0.015487,21,8,Tuesday,19.5,0.0,1.5
2025-08-19 22:00:00,15879.0,15630.016,15455.0,248.984,424.0,0.01568,0.026702,22,8,Tuesday,19.4,0.0,1.3999999999999986
2025-08-19 23:00:00,15191.0,14758.616,14528.0,432.384,663.0,0.028463,0.043644,23,8,Tuesday,19.6,0.0,1.6000000000000014
2025-08-20 00:00:00,14577.0,14160.344,13886.0,416.656,691.0,0.028583,0.047403,0,8,Wednesday,19.7,0.0,1.6999999999999993
2025-08-20 01:00:00,14193.0,13704.636,13403.0,488.364,790.0,0.034409,0.055661,1,8,Wednesday,19.8,0.0,1.8000000000000007
2025-08-20 02:00:00,13917.0,13608.012,13283.0,308.988,634.0,0.022202,0.045556,2,8,Wednesday,19.3,0.0,1.3000000000000007
2025-08-20 03:00:00,13876.0,13566.536,13441.0,309.464,435.0,0.022302,0.031349,3,8,Wednesday,19.1,0.0,1.1000000000000014
2025-08-20 04:00:00,14257.0,13740.01,13513.0,516.99,744.0,0.036262,0.052185,4,8,Wednesday,19.0,0.0,1.0
2025-08-20 05:00:00,15196.0,14583.024,14322.0,612.976,874.0,0.040338,0.057515,5,8,Wednesday,19.0,0.0,1.0
2025-08-20 06:00:00,16129.0,15064.679,15314.0,1064.321,815.0,0.065988,0.05053,6,8,Wednesday,18.2,0.0,0.1999999999999993
2025-08-20 07:00:00,16847.0,15897.404,16213.0,949.596,634.0,0.056366,0.037633,7,8,Wednesday,18.5,0.0,0.5
2025-08-20 08:00:00,16994.0,16156.219,16670.0,837.781,324.0,0.049299,0.019066,8,8,Wednesday,19.2,0.0,1.1999999999999993
2025-08-20 09:00:00,17073.0,16168.541,16910.0,904.459,163.0,0.052976,0.009547,9,8,Wednesday,19.6,0.0,1.6000000000000014
2025-08-20 10:00:00,17316.0,16502.223,17156.0,813.777,160.0,0.046996,0.00924,10,8,Wednesday,20.6,0.0,2.6000000000000014
2025-08-20 11:00:00,17495.0,16779.25,17430.0,715.75,65.0,0.040912,0.003715,11,8,Wednesday,21.5,0.0,3.5
2025-08-20 12:00:00,17527.0,17138.326,17928.0,388.674,401.0,0.022176,0.022879,12,8,Wednesday,21.4,0.0,3.3999999999999986
2025-08-20 13:00:00,17555.0,16931.254,17759.0,623.746,204.0,0.035531,0.011621,13,8,Wednesday,21.2,0.0,3.1999999999999993
2025-08-20 14:00:00,17547.0,16861.201,17693.0,685.799,146.0,0.039084,0.008321,14,8,Wednesday,21.0,0.0,3.0
2025-08-20 15:00:00,17603.0,17356.037,18175.0,246.963,572.0,0.01403,0.032494,15,8,Wednesday,20.8,0.0,2.8000000000000007
2025-08-20 16:00:00,17954.0,17675.68,18418.0,278.32,464.0,0.015502,0.025844,16,8,Wednesday,20.2,0.0,2.1999999999999993
2025-08-20 17:00:00,17877.0,17608.693,18292.0,268.307,415.0,0.015009,0.023214,17,8,Wednesday,19.9,0.0,1.8999999999999986
2025-08-20 18:00:00,17917.0,17608.422,18217.0,308.578,300.0,0.017223,0.016744,18,8,Wednesday,19.4,0.0,1.3999999999999986
2025-08-20 19:00:00,18222.0,17578.818,18397.0,643.182,175.0,0.035297,0.009604,19,8,Wednesday,19.1,0.0,1.1000000000000014
2025-08-20 20:00:00,17814.0,17094.555,17979.0,719.445,165.0,0.040386,0.009262,20,8,Wednesday,18.8,0.0,0.8000000000000007
2025-08-20 21:00:00,16923.0,16023.235,16917.0,899.765,6.0,0.053168,0.000355,21,8,Wednesday,18.3,0.0,0.3000000000000007
2025-08-20 22:00:00,15882.0,15412.064,15879.0,469.936,3.0,0.029589,0.000189,22,8,Wednesday,18.0,0.0,0.0
2025-08-20 23:00:00,14766.0,14755.813,15191.0,10.187,425.0,0.00069,0.028782,23,8,Wednesday,17.5,0.5,0.0
2025-08-21 00:00:00,14031.0,14116.407,14577.0,85.407,546.0,0.006087,0.038914,0,8,Thursday,17.2,0.8000000000000007,0.0
2025-08-21 01:00:00,13616.0,13798.049,14193.0,182.049,577.0,0.01337,0.042377,1,8,Thursday,16.8,1.1999999999999993,0.0
2025-08-21 02:00:00,13371.0,13569.749,13917.0,198.749,546.0,0.014864,0.040835,2,8,Thursday,16.4,1.6000000000000014,0.0
2025-08-21 03:00:00,13443.0,13515.347,13876.0,72.347,433.0,0.005382,0.03221,3,8,Thursday,16.2,1.8000000000000007,0.0
2025-08-21 04:00:00,13823.0,13822.413,14257.0,0.587,434.0,4.2e-05,0.031397,4,8,Thursday,16.0,2.0,0.0
2025-08-21 05:00:00,14381.0,14665.816,15196.0,284.816,815.0,0.019805,0.056672,5,8,Thursday,15.8,2.1999999999999993,0.0
2025-08-21 06:00:00,15414.0,15463.438,16129.0,49.438,715.0,0.003207,0.046386,6,8,Thursday,15.8,2.1999999999999993,0.0
2025-08-21 07:00:00,16218.0,15818.909,16847.0,399.091,629.0,0.024608,0.038784,7,8,Thursday,16.6,1.3999999999999986,0.0
2025-08-21 08:00:00,16290.0,15878.001,16994.0,411.999,704.0,0.025292,0.043217,8,8,Thursday,17.5,0.5,0.0
2025-08-21 09:00:00,16772.0,16103.77,17073.0,668.23,301.0,0.039842,0.017947,9,8,Thursday,18.7,0.0,0.6999999999999993
2025-08-21 10:00:00,17081.0,16352.665,17316.0,728.335,235.0,0.04264,0.013758,10,8,Thursday,19.7,0.0,1.6999999999999993
2025-08-21 11:00:00,17270.0,16674.03,17495.0,595.97,225.0,0.034509,0.013028,11,8,Thursday,20.7,0.0,2.6999999999999993
2025-08-21 12:00:00,17605.0,16843.74,17527.0,761.26,78.0,0.043241,0.004431,12,8,Thursday,21.3,0.0,3.3000000000000007
2025-08-21 13:00:00,17951.0,16706.365,17555.0,1244.635,396.0,0.069335,0.02206,13,8,Thursday,20.9,0.0,2.8999999999999986
2025-08-21 14:00:00,18241.0,16713.396,17547.0,1527.604,694.0,0.083746,0.038046,14,8,Thursday,20.8,0.0,2.8000000000000007
2025-08-21 15:00:00,18639.0,17148.898,17603.0,1490.102,1036.0,0.079945,0.055582,15,8,Thursday,21.2,0.0,3.1999999999999993
2025-08-21 16:00:00,19478.0,17664.295,17954.0,1813.705,1524.0,0.093116,0.078242,16,8,Thursday,21.5,0.0,3.5
2025-08-21 17:00:00,19597.0,17743.408,17877.0,1853.592,1720.0,0.094585,0.087769,17,8,Thursday,21.5,0.0,3.5
2025-08-21 18:00:00,19486.0,17670.271,17917.0,1815.729,1569.0,0.093181,0.080519,18,8,Thursday,20.9,0.0,2.8999999999999986
2025-08-21 19:00:00,19084.0,17681.137,18222.0,1402.863,862.0,0.07351,0.045169,19,8,Thursday,20.0,0.0,2.0
2025-08-21 20:00:00,18525.0,17161.525,17814.0,1363.475,711.0,0.073602,0.038381,20,8,Thursday,19.0,0.0,1.0
2025-08-21 21:00:00,17358.0,16276.519,16923.0,1081.481,435.0,0.062304,0.02506,21,8,Thursday,18.7,0.0,0.6999999999999993
2025-08-21 22:00:00,16138.0,15679.181,15882.0,458.819,256.0,0.028431,0.015863,22,8,Thursday,18.5,0.0,0.5
2025-08-21 23:00:00,15073.0,14593.41,14766.0,479.59,307.0,0.031818,0.020368,23,8,Thursday,18.0,0.0,0.0
2025-08-22 00:00:00,14205.0,13929.016,14031.0,275.984,174.0,0.019429,0.012249,0,8,Friday,17.6,0.3999999999999986,0.0
2025-08-22 01:00:00,13766.0,13322.686,13616.0,443.314,150.0,0.032204,0.010896,1,8,Friday,17.3,0.6999999999999993,0.0
2025-08-22 02:00:00,13681.0,13143.28,13371.0,537.72,310.0,0.039304,0.022659,2,8,Friday,16.9,1.1000000000000014,0.0
2025-08-22 03:00:00,13709.0,13153.481,13443.0,555.519,266.0,0.040522,0.019403,3,8,Friday,16.6,1.3999999999999986,0.0
2025-08-22 04:00:00,13786.0,13461.866,13823.0,324.134,37.0,0.023512,0.002684,4,8,Friday,16.3,1.6999999999999993,0.0
2025-08-22 05:00:00,14509.0,14181.711,14381.0,327.289,128.0,0.022558,0.008822,5,8,Friday,16.2,1.8000000000000007,0.0
2025-08-22 06:00:00,15424.0,14977.569,15414.0,446.431,10.0,0.028944,0.000648,6,8,Friday,16.0,2.0,0.0
2025-08-22 07:00:00,16338.0,15640.133,16218.0,697.867,120.0,0.042714,0.007345,7,8,Friday,17.1,0.8999999999999986,0.0
2025-08-22 08:00:00,16986.0,16036.406,16290.0,949.594,696.0,0.055905,0.040975,8,8,Friday,19.5,0.0,1.5
2025-08-22 09:00:00,17592.0,16624.867,16772.0,967.133,820.0,0.054976,0.046612,9,8,Friday,22.0,0.0,4.0
2025-08-22 10:00:00,18216.0,17037.13,17081.0,1178.87,1135.0,0.064716,0.062308,10,8,Friday,23.1,0.0,5.100000000000001
2025-08-22 11:00:00,18763.0,17480.49,17270.0,1282.51,1493.0,0.068353,0.079571,11,8,Friday,23.6,0.0,5.600000000000001
2025-08-22 12:00:00,19176.0,17878.797,17605.0,1297.203,1571.0,0.067647,0.081925,12,8,Friday,24.2,0.0,6.199999999999999
2025-08-22 13:00:00,19548.0,18136.746,17951.0,1411.254,1597.0,0.072194,0.081696,13,8,Friday,24.8,0.0,6.800000000000001
2025-08-22 14:00:00,19782.0,18233.947,18241.0,1548.053,1541.0,0.078256,0.077899,14,8,Friday,24.9,0.0,6.899999999999999
2025-08-22 15:00:00,20256.0,18415.932,18639.0,1840.068,1617.0,0.090841,0.079828,15,8,Friday,24.6,0.0,6.600000000000001
2025-08-22 16:00:00,20922.0,19066.605,19478.0,1855.395,1444.0,0.088682,0.069018,16,8,Friday,24.4,0.0,6.399999999999999
2025-08-22 17:00:00,20808.0,19330.357,19597.0,1477.643,1211.0,0.071013,0.058199,17,8,Friday,24.3,0.0,6.300000000000001
2025-08-22 18:00:00,20401.0,18856.234,19486.0,1544.766,915.0,0.07572,0.044851,18,8,Friday,23.3,0.0,5.300000000000001
2025-08-22 19:00:00,19863.0,18588.385,19084.0,1274.615,779.0,0.06417,0.039219,19,8,Friday,22.5,0.0,4.5
2025-08-22 20:00:00,19271.0,18426.346,18525.0,844.654,746.0,0.04383,0.038711,20,8,Friday,22.8,0.0,4.800000000000001
2025-08-22 21:00:00,18005.0,17549.469,17358.0,455.531,647.0,0.0253,0.035934,21,8,Friday,22.6,0.0,4.600000000000001
2025-08-22 22:00:00,16677.0,16289.576,16138.0,387.424,539.0,0.023231,0.03232,22,8,Friday,21.5,0.0,3.5
2025-08-22 23:00:00,15636.0,15237.271,15073.0,398.729,563.0,0.025501,0.036007,23,8,Friday,20.5,0.0,2.5
2025-08-23 00:00:00,14667.0,14025.761,14205.0,641.239,462.0,0.04372,0.031499,0,8,Saturday,19.6,0.0,1.6000000000000014
2025-08-23 01:00:00,14083.0,13585.978,13766.0,497.022,317.0,0.035292,0.022509,1,8,Saturday,19.3,0.0,1.3000000000000007
2025-08-23 02:00:00,13715.0,13310.342,13681.0,404.658,34.0,0.029505,0.002479,2,8,Saturday,19.0,0.0,1.0
2025-08-23 03:00:00,13382.0,13277.831,13709.0,104.169,327.0,0.007784,0.024436,3,8,Saturday,19.0,0.0,1.0
2025-08-23 04:00:00,13427.0,13163.106,13786.0,263.894,359.0,0.019654,0.026737,4,8,Saturday,18.3,0.0,0.3000000000000007
2025-08-23 05:00:00,13554.0,13394.748,14509.0,159.252,955.0,0.011749,0.070459,5,8,Saturday,18.2,0.0,0.1999999999999993
2025-08-23 06:00:00,14291.0,14076.999,15424.0,214.001,1133.0,0.014975,0.079281,6,8,Saturday,18.3,0.0,0.3000000000000007
2025-08-23 07:00:00,15242.0,14816.019,16338.0,425.981,1096.0,0.027948,0.071907,7,8,Saturday,19.5,0.0,1.5
2025-08-23 08:00:00,16265.0,15295.452,16986.0,969.548,721.0,0.059609,0.044328,8,8,Saturday,20.7,0.0,2.6999999999999993
2025-08-23 09:00:00,17208.0,15974.274,17592.0,1233.726,384.0,0.071695,0.022315,9,8,Saturday,22.0,0.0,4.0
2025-08-23 10:00:00,17607.0,16530.105,18216.0,1076.895,609.0,0.061163,0.034589,10,8,Saturday,23.2,0.0,5.199999999999999
2025-08-23 11:00:00,17759.0,16866.443,18763.0,892.557,1004.0,0.050259,0.056535,11,8,Saturday,23.6,0.0,5.600000000000001
2025-08-23 12:00:00,17776.0,17215.117,19176.0,560.883,1400.0,0.031553,0.078758,12,8,Saturday,24.2,0.0,6.199999999999999
2025-08-23 13:00:00,17942.0,17438.744,19548.0,503.256,1606.0,0.028049,0.089511,13,8,Saturday,24.6,0.0,6.600000000000001
2025-08-23 14:00:00,17976.0,18099.41,19782.0,123.41,1806.0,0.006865,0.100467,14,8,Saturday,25.3,0.0,7.300000000000001
2025-08-23 15:00:00,18394.0,17771.07,20256.0,622.93,1862.0,0.033866,0.101229,15,8,Saturday,24.3,0.0,6.300000000000001
2025-08-23 16:00:00,18466.0,18340.717,20922.0,125.283,2456.0,0.006785,0.133001,16,8,Saturday,23.3,0.0,5.300000000000001
2025-08-23 17:00:00,18444.0,18689.084,20808.0,245.084,2364.0,0.013288,0.128172,17,8,Saturday,23.5,0.0,5.5
2025-08-23 18:00:00,18052.0,18512.322,20401.0,460.322,2349.0,0.0255,0.130124,18,8,Saturday,23.2,0.0,5.199999999999999
2025-08-23 19:00:00,18146.0,18398.182,19863.0,252.182,1717.0,0.013897,0.094621,19,8,Saturday,22.7,0.0,4.699999999999999
2025-08-23 20:00:00,17711.0,18168.426,19271.0,457.426,1560.0,0.025827,0.088081,20,8,Saturday,22.7,0.0,4.699999999999999
2025-08-23 21:00:00,16960.0,17104.494,18005.0,144.494,1045.0,0.00852,0.061616,21,8,Saturday,22.3,0.0,4.300000000000001
2025-08-23 22:00:00,16066.0,15924.282,16677.0,141.718,611.0,0.008821,0.038031,22,8,Saturday,21.8,0.0,3.8000000000000007
2025-08-23 23:00:00,15150.0,15326.533,15636.0,176.533,486.0,0.011652,0.032079,23,8,Saturday,21.4,0.0,3.3999999999999986
2025-08-24 00:00:00,14241.0,14354.965,14667.0,113.965,426.0,0.008003,0.029914,0,8,Sunday,20.1,0.0,2.1000000000000014
2025-08-24 01:00:00,13583.0,13947.025,14083.0,364.025,500.0,0.0268,0.036811,1,8,Sunday,19.2,0.0,1.1999999999999993
2025-08-24 02:00:00,13107.0,13585.776,13715.0,478.776,608.0,0.036528,0.046387,2,8,Sunday,19.0,0.0,1.0
2025-08-24 03:00:00,13042.0,13253.461,13382.0,211.461,340.0,0.016214,0.02607,3,8,Sunday,18.6,0.0,0.6000000000000014
2025-08-24 04:00:00,12931.0,13039.107,13427.0,108.107,496.0,0.00836,0.038357,4,8,Sunday,18.0,0.0,0.0
2025-08-24 05:00:00,13038.0,13127.499,13554.0,89.499,516.0,0.006864,0.039577,5,8,Sunday,17.4,0.6000000000000014,0.0
2025-08-24 06:00:00,13430.0,13591.844,14291.0,161.844,861.0,0.012051,0.06411,6,8,Sunday,16.9,1.1000000000000014,0.0
2025-08-24 07:00:00,14299.0,14140.245,15242.0,158.755,943.0,0.011103,0.065949,7,8,Sunday,17.3,0.6999999999999993,0.0
2025-08-24 08:00:00,14990.0,15142.696,16265.0,152.696,1275.0,0.010187,0.085057,8,8,Sunday,19.1,0.0,1.1000000000000014
2025-08-24 09:00:00,15822.0,15552.496,17208.0,269.504,1386.0,0.017033,0.0876,9,8,Sunday,20.6,0.0,2.6000000000000014
2025-08-24 10:00:00,16563.0,16068.422,17607.0,494.578,1044.0,0.02986,0.063032,10,8,Sunday,21.6,0.0,3.6000000000000014
2025-08-24 11:00:00,17118.0,16258.81,17759.0,859.19,641.0,0.050192,0.037446,11,8,Sunday,22.4,0.0,4.399999999999999
2025-08-24 12:00:00,17084.0,16498.438,17776.0,585.562,692.0,0.034275,0.040506,12,8,Sunday,22.8,0.0,4.800000000000001
2025-08-24 13:00:00,17007.0,16623.61,17942.0,383.39,935.0,0.022543,0.054977,13,8,Sunday,22.9,0.0,4.899999999999999
2025-08-24 14:00:00,17354.0,16534.627,17976.0,819.373,622.0,0.047215,0.035842,14,8,Sunday,22.6,0.0,4.600000000000001
2025-08-24 15:00:00,17754.0,16971.463,18394.0,782.537,640.0,0.044077,0.036048,15,8,Sunday,22.5,0.0,4.5
2025-08-24 16:00:00,18526.0,17864.152,18466.0,661.848,60.0,0.035725,0.003239,16,8,Sunday,23.0,0.0,5.0
2025-08-24 17:00:00,18610.0,18226.46,18444.0,383.54,166.0,0.020609,0.00892,17,8,Sunday,23.4,0.0,5.399999999999999
2025-08-24 18:00:00,18330.0,17938.367,18052.0,391.633,278.0,0.021366,0.015166,18,8,Sunday,22.6,0.0,4.600000000000001
2025-08-24 19:00:00,17810.0,17599.912,18146.0,210.088,336.0,0.011796,0.018866,19,8,Sunday,21.0,0.0,3.0
2025-08-24 20:00:00,17286.0,17299.91,17711.0,13.91,425.0,0.000805,0.024586,20,8,Sunday,20.5,0.0,2.5
2025-08-24 21:00:00,16197.0,16203.504,16960.0,6.504,763.0,0.000402,0.047107,21,8,Sunday,19.8,0.0,1.8000000000000007
2025-08-24 22:00:00,15210.0,14968.286,16066.0,241.714,856.0,0.015892,0.056279,22,8,Sunday,18.8,0.0,0.8000000000000007
2025-08-24 23:00:00,14310.0,14365.593,15150.0,55.593,840.0,0.003885,0.0587,23,8,Sunday,18.1,0.0,0.10000000000000142
2025-08-25 00:00:00,13675.0,14017.8,14241.0,342.8,566.0,0.025068,0.041389,0,8,Monday,17.5,0.5,0.0
2025-08-25 01:00:00,13230.0,13346.223,13583.0,116.223,353.0,0.008785,0.026682,1,8,Monday,16.9,1.1000000000000014,0.0
2025-08-25 02:00:00,12934.0,13011.584,13107.0,77.584,173.0,0.005998,0.013376,2,8,Monday,16.2,1.8000000000000007,0.0
2025-08-25 03:00:00,12929.0,12918.329,13042.0,10.671,113.0,0.000825,0.00874,3,8,Monday,15.6,2.4000000000000004,0.0
2025-08-25 04:00:00,13291.0,13040.138,12931.0,250.862,360.0,0.018875,0.027086,4,8,Monday,15.2,2.8000000000000007,0.0
2025-08-25 05:00:00,14113.0,13896.293,13038.0,216.707,1075.0,0.015355,0.076171,5,8,Monday,14.8,3.1999999999999993,0.0
2025-08-25 06:00:00,15016.0,14641.6,13430.0,374.4,1586.0,0.024933,0.105621,6,8,Monday,14.6,3.4000000000000004,0.0
2025-08-25 07:00:00,15812.0,15321.499,14299.0,490.501,1513.0,0.031021,0.095687,7,8,Monday,15.5,2.5,0.0
2025-08-25 08:00:00,15989.0,15763.365,14990.0,225.635,999.0,0.014112,0.06248,8,8,Monday,16.8,1.1999999999999993,0.0
2025-08-25 09:00:00,16135.0,16249.474,15822.0,114.474,313.0,0.007095,0.019399,9,8,Monday,18.1,0.0,0.10000000000000142
2025-08-25 10:00:00,16538.0,16570.29,16563.0,32.29,25.0,0.001952,0.001512,10,8,Monday,19.4,0.0,1.3999999999999986
2025-08-25 11:00:00,16875.0,16941.479,17118.0,66.479,243.0,0.003939,0.0144,11,8,Monday,20.2,0.0,2.1999999999999993
2025-08-25 12:00:00,16717.0,17212.139,17084.0,495.139,367.0,0.029619,0.021954,12,8,Monday,20.8,0.0,2.8000000000000007
2025-08-25 13:00:00,16568.0,17375.47,17007.0,807.47,439.0,0.048737,0.026497,13,8,Monday,21.1,0.0,3.1000000000000014
2025-08-25 14:00:00,16803.0,17286.564,17354.0,483.564,551.0,0.028778,0.032792,14,8,Monday,20.3,0.0,2.3000000000000007
2025-08-25 15:00:00,17024.0,17627.682,17754.0,603.682,730.0,0.035461,0.042881,15,8,Monday,20.5,0.0,2.5
2025-08-25 16:00:00,17528.0,18238.469,18526.0,710.469,998.0,0.040533,0.056937,16,8,Monday,20.3,0.0,2.3000000000000007
2025-08-25 17:00:00,17804.0,18212.271,18610.0,408.271,806.0,0.022931,0.045271,17,8,Monday,19.8,0.0,1.8000000000000007
2025-08-25 18:00:00,17561.0,17875.012,18330.0,314.012,769.0,0.017881,0.04379,18,8,Monday,18.9,0.0,0.8999999999999986
2025-08-25 19:00:00,17417.0,17448.75,17810.0,31.75,393.0,0.001823,0.022564,19,8,Monday,17.9,0.10000000000000142,0.0
2025-08-25 20:00:00,16603.0,17083.918,17286.0,480.918,683.0,0.028966,0.041137,20,8,Monday,17.3,0.6999999999999993,0.0
2025-08-25 21:00:00,15654.0,16100.831,16197.0,446.831,543.0,0.028544,0.034688,21,8,Monday,16.6,1.3999999999999986,0.0
2025-08-25 22:00:00,14551.0,15200.753,15210.0,649.753,659.0,0.044653,0.045289,22,8,Monday,16.1,1.8999999999999986,0.0
2025-08-25 23:00:00,13804.0,14179.355,14310.0,375.355,506.0,0.027192,0.036656,23,8,Monday,15.5,2.5,0.0
2025-08-26 00:00:00,13213.0,13320.951,13675.0,107.951,462.0,0.00817,0.034966,0,8,Tuesday,15.0,3.0,0.0
2025-08-26 01:00:00,12862.0,12869.165,13230.0,7.165,368.0,0.000557,0.028611,1,8,Tuesday,14.5,3.5,0.0
2025-08-26 02:00:00,12717.0,12754.611,12934.0,37.611,217.0,0.002958,0.017064,2,8,Tuesday,14.0,4.0,0.0
2025-08-26 03:00:00,12748.0,12813.168,12929.0,65.168,181.0,0.005112,0.014198,3,8,Tuesday,13.6,4.4,0.0
2025-08-26 04:00:00,12966.0,13093.147,13291.0,127.147,325.0,0.009806,0.025066,4,8,Tuesday,13.1,4.9,0.0
2025-08-26 05:00:00,13638.0,13876.506,14113.0,238.506,475.0,0.017488,0.034829,5,8,Tuesday,12.8,5.199999999999999,0.0
2025-08-26 06:00:00,14702.0,14807.312,15016.0,105.312,314.0,0.007163,0.021358,6,8,Tuesday,12.6,5.4,0.0
2025-08-26 07:00:00,15482.0,15431.165,15812.0,50.835,330.0,0.003283,0.021315,7,8,Tuesday,13.5,4.5,0.0
2025-08-26 08:00:00,15477.0,15567.235,15989.0,90.235,512.0,0.00583,0.033081,8,8,Tuesday,15.3,2.6999999999999993,0.0
2025-08-26 09:00:00,15522.0,15782.627,16135.0,260.627,613.0,0.016791,0.039492,9,8,Tuesday,17.2,0.8000000000000007,0.0
2025-08-26 10:00:00,15903.0,16023.781,16538.0,120.781,635.0,0.007595,0.03993,10,8,Tuesday,18.4,0.0,0.3999999999999986
2025-08-26 11:00:00,15905.0,16246.479,16875.0,341.479,970.0,0.02147,0.060987,11,8,Tuesday,19.4,0.0,1.3999999999999986
2025-08-26 12:00:00,16001.0,16259.939,16717.0,258.939,716.0,0.016183,0.044747,12,8,Tuesday,19.7,0.0,1.6999999999999993
2025-08-26 13:00:00,15948.0,16005.327,16568.0,57.327,620.0,0.003595,0.038876,13,8,Tuesday,18.5,0.0,0.5
2025-08-26 14:00:00,15988.0,16091.506,16803.0,103.506,815.0,0.006474,0.050976,14,8,Tuesday,18.8,0.0,0.8000000000000007
2025-08-26 15:00:00,16261.0,16173.918,17024.0,87.082,763.0,0.005355,0.046922,15,8,Tuesday,16.2,1.8000000000000007,0.0
2025-08-26 16:00:00,16790.0,16554.48,17528.0,235.52,738.0,0.014027,0.043955,16,8,Tuesday,17.4,0.6000000000000014,0.0
2025-08-26 17:00:00,16780.0,16849.13,17804.0,69.13,1024.0,0.00412,0.061025,17,8,Tuesday,17.3,0.6999999999999993,0.0
2025-08-26 18:00:00,16754.0,16668.922,17561.0,85.078,807.0,0.005078,0.048168,18,8,Tuesday,17.4,0.6000000000000014,0.0
2025-08-26 19:00:00,17083.0,16527.219,17417.0,555.781,334.0,0.032534,0.019552,19,8,Tuesday,16.6,1.3999999999999986,0.0
2025-08-26 20:00:00,16526.0,16252.085,16603.0,273.915,77.0,0.016575,0.004659,20,8,Tuesday,15.6,2.4000000000000004,0.0
2025-08-26 21:00:00,15550.0,15522.041,15654.0,27.959,104.0,0.001798,0.006688,21,8,Tuesday,15.2,2.8000000000000007,0.0
2025-08-26 22:00:00,14547.0,14434.951,14551.0,112.049,4.0,0.007703,0.000275,22,8,Tuesday,14.4,3.5999999999999996,0.0
2025-08-26 23:00:00,13738.0,13639.205,13804.0,98.795,66.0,0.007191,0.004804,23,8,Tuesday,13.8,4.199999999999999,0.0
2025-08-27 00:00:00,13124.0,12956.273,13213.0,167.727,89.0,0.01278,0.006781,0,8,Wednesday,13.4,4.6,0.0
2025-08-27 01:00:00,12740.0,12605.91,12862.0,134.09,122.0,0.010525,0.009576,1,8,Wednesday,13.2,4.800000000000001,0.0
2025-08-27 02:00:00,12512.0,12581.549,12717.0,69.549,205.0,0.005559,0.016384,2,8,Wednesday,13.0,5.0,0.0
2025-08-27 03:00:00,12534.0,12571.43,12748.0,37.43,214.0,0.002986,0.017074,3,8,Wednesday,12.9,5.1,0.0
2025-08-27 04:00:00,12961.0,12832.725,12966.0,128.275,5.0,0.009897,0.000386,4,8,Wednesday,12.7,5.300000000000001,0.0
2025-08-27 05:00:00,13973.0,13464.38,13638.0,508.62,335.0,0.0364,0.023975,5,8,Wednesday,12.4,5.6,0.0
2025-08-27 06:00:00,14628.0,14550.498,14702.0,77.502,74.0,0.005298,0.005059,6,8,Wednesday,12.3,5.699999999999999,0.0
2025-08-27 07:00:00,15203.0,15136.694,15482.0,66.306,279.0,0.004361,0.018352,7,8,Wednesday,13.1,4.9,0.0
2025-08-27 08:00:00,15304.0,15171.053,15477.0,132.947,173.0,0.008687,0.011304,8,8,Wednesday,14.5,3.5,0.0
2025-08-27 09:00:00,15233.0,15309.994,15522.0,76.994,289.0,0.005054,0.018972,9,8,Wednesday,16.9,1.1000000000000014,0.0
2025-08-27 10:00:00,15424.0,15773.779,15903.0,349.779,479.0,0.022678,0.031055,10,8,Wednesday,19.0,0.0,1.0
2025-08-27 11:00:00,15711.0,15916.637,15905.0,205.637,194.0,0.013089,0.012348,11,8,Wednesday,20.0,0.0,2.0
2025-08-27 12:00:00,15859.0,16168.326,16001.0,309.326,142.0,0.019505,0.008954,12,8,Wednesday,21.0,0.0,3.0
2025-08-27 13:00:00,15936.0,16196.129,15948.0,260.129,12.0,0.016323,0.000753,13,8,Wednesday,21.1,0.0,3.1000000000000014
2025-08-27 14:00:00,16064.0,16301.13,15988.0,237.13,76.0,0.014762,0.004731,14,8,Wednesday,21.6,0.0,3.6000000000000014
2025-08-27 15:00:00,16666.0,16956.654,16261.0,290.654,405.0,0.01744,0.024301,15,8,Wednesday,22.2,0.0,4.199999999999999
2025-08-27 16:00:00,17142.0,17188.805,16790.0,46.805,352.0,0.00273,0.020534,16,8,Wednesday,21.7,0.0,3.6999999999999993
2025-08-27 17:00:00,17396.0,16928.693,16780.0,467.307,616.0,0.026863,0.03541,17,8,Wednesday,20.8,0.0,2.8000000000000007
2025-08-27 18:00:00,17335.0,16837.275,16754.0,497.725,581.0,0.028712,0.033516,18,8,Wednesday,20.0,0.0,2.0
2025-08-27 19:00:00,17124.0,16594.682,17083.0,529.318,41.0,0.030911,0.002394,19,8,Wednesday,18.3,0.0,0.3000000000000007
2025-08-27 20:00:00,16412.0,16191.483,16526.0,220.517,114.0,0.013436,0.006946,20,8,Wednesday,17.5,0.5,0.0
2025-08-27 21:00:00,15266.0,15332.822,15550.0,66.822,284.0,0.004377,0.018603,21,8,Wednesday,16.7,1.3000000000000007,0.0
2025-08-27 22:00:00,14393.0,14379.543,14547.0,13.457,154.0,0.000935,0.0107,22,8,Wednesday,16.4,1.6000000000000014,0.0
2025-08-27 23:00:00,13584.0,13612.484,13738.0,28.484,154.0,0.002097,0.011337,23,8,Wednesday,16.1,1.8999999999999986,0.0
2025-08-28 00:00:00,13029.0,12949.963,13124.0,79.037,95.0,0.006066,0.007291,0,8,Thursday,15.8,2.1999999999999993,0.0
2025-08-28 01:00:00,12601.0,12596.134,12740.0,4.866,139.0,0.000386,0.011031,1,8,Thursday,15.6,2.4000000000000004,0.0
2025-08-28 02:00:00,12722.0,12318.752,12512.0,403.248,210.0,0.031697,0.016507,2,8,Thursday,15.4,2.5999999999999996,0.0
2025-08-28 03:00:00,12712.0,12416.738,12534.0,295.262,178.0,0.023227,0.014003,3,8,Thursday,15.4,2.5999999999999996,0.0
2025-08-28 04:00:00,13032.0,12744.702,12961.0,287.298,71.0,0.022046,0.005448,4,8,Thursday,15.4,2.5999999999999996,0.0
2025-08-28 05:00:00,13810.0,13802.699,13973.0,7.301,163.0,0.000529,0.011803,5,8,Thursday,15.3,2.6999999999999993,0.0
2025-08-28 06:00:00,14964.0,14495.789,14628.0,468.211,336.0,0.031289,0.022454,6,8,Thursday,15.1,2.9000000000000004,0.0
2025-08-28 07:00:00,15651.0,15070.309,15203.0,580.691,448.0,0.037102,0.028624,7,8,Thursday,15.9,2.0999999999999996,0.0
2025-08-28 08:00:00,15924.0,15199.242,15304.0,724.758,620.0,0.045514,0.038935,8,8,Thursday,17.1,0.8999999999999986,0.0
2025-08-28 09:00:00,16274.0,15204.934,15233.0,1069.066,1041.0,0.065692,0.063967,9,8,Thursday,17.6,0.3999999999999986,0.0
2025-08-28 10:00:00,16510.0,15286.052,15424.0,1223.948,1086.0,0.074134,0.065778,10,8,Thursday,17.9,0.10000000000000142,0.0
2025-08-28 11:00:00,16654.0,15501.496,15711.0,1152.504,943.0,0.069203,0.056623,11,8,Thursday,18.1,0.0,0.10000000000000142
2025-08-28 12:00:00,16955.0,15576.606,15859.0,1378.394,1096.0,0.081297,0.064642,12,8,Thursday,17.9,0.10000000000000142,0.0
2025-08-28 13:00:00,16670.0,15640.838,15936.0,1029.162,734.0,0.061737,0.044031,13,8,Thursday,17.5,0.5,0.0
2025-08-28 14:00:00,16544.0,15656.98,16064.0,887.02,480.0,0.053616,0.029014,14,8,Thursday,17.5,0.5,0.0
2025-08-28 15:00:00,16718.0,16007.867,16666.0,710.133,52.0,0.042477,0.00311,15,8,Thursday,17.3,0.6999999999999993,0.0
2025-08-28 16:00:00,17009.0,16393.242,17142.0,615.758,133.0,0.036202,0.007819,16,8,Thursday,17.7,0.3000000000000007,0.0
2025-08-28 17:00:00,17008.0,16467.924,17396.0,540.076,388.0,0.031754,0.022813,17,8,Thursday,17.3,0.6999999999999993,0.0
2025-08-28 18:00:00,16911.0,16453.885,17335.0,457.115,424.0,0.027031,0.025072,18,8,Thursday,17.1,0.8999999999999986,0.0
2025-08-28 19:00:00,17028.0,16371.479,17124.0,656.521,96.0,0.038555,0.005638,19,8,Thursday,16.4,1.6000000000000014,0.0
2025-08-28 20:00:00,16569.0,16010.657,16412.0,558.343,157.0,0.033698,0.009476,20,8,Thursday,15.0,3.0,0.0
2025-08-28 21:00:00,15599.0,15165.8,15266.0,433.2,333.0,0.027771,0.021348,21,8,Thursday,14.0,4.0,0.0
2025-08-28 22:00:00,14627.0,14273.12,14393.0,353.88,234.0,0.024194,0.015998,22,8,Thursday,13.1,4.9,0.0
2025-08-28 23:00:00,13717.0,13390.91,13584.0,326.09,133.0,0.023773,0.009696,23,8,Thursday,12.7,5.300000000000001,0.0
2025-08-29 00:00:00,13182.0,12792.752,13029.0,389.248,153.0,0.029529,0.011607,0,8,Friday,12.2,5.800000000000001,0.0
2025-08-29 01:00:00,12834.0,12501.568,12601.0,332.432,233.0,0.025902,0.018155,1,8,Friday,11.6,6.4,0.0
2025-08-29 02:00:00,12773.0,12553.649,12722.0,219.351,51.0,0.017173,0.003993,2,8,Friday,11.2,6.800000000000001,0.0
2025-08-29 03:00:00,12751.0,12553.649,12712.0,197.351,39.0,0.015477,0.003059,3,8,Friday,11.0,7.0,0.0
2025-08-29 04:00:00,12988.0,12780.922,13032.0,207.078,44.0,0.015944,0.003388,4,8,Friday,10.9,7.1,0.0
2025-08-29 05:00:00,13842.0,13542.681,13810.0,299.319,32.0,0.021624,0.002312,5,8,Friday,10.6,7.4,0.0
2025-08-29 06:00:00,14763.0,14669.787,14964.0,93.213,201.0,0.006314,0.013615,6,8,Friday,10.4,7.6,0.0
2025-08-29 07:00:00,15359.0,15178.242,15651.0,180.758,292.0,0.011769,0.019012,7,8,Friday,11.2,6.800000000000001,0.0
2025-08-29 08:00:00,15379.0,15482.563,15924.0,103.563,545.0,0.006734,0.035438,8,8,Friday,12.4,5.6,0.0
2025-08-29 09:00:00,15359.0,15638.148,16274.0,279.148,915.0,0.018175,0.059574,9,8,Friday,14.3,3.6999999999999993,0.0
2025-08-29 10:00:00,15483.0,15726.29,16510.0,243.29,1027.0,0.015713,0.066331,10,8,Friday,15.7,2.3000000000000007,0.0
2025-08-29 11:00:00,15541.0,15797.201,16654.0,256.201,1113.0,0.016485,0.071617,11,8,Friday,16.6,1.3999999999999986,0.0
2025-08-29 12:00:00,15267.0,15820.419,16955.0,553.419,1688.0,0.036249,0.110565,12,8,Friday,16.9,1.1000000000000014,0.0
2025-08-29 13:00:00,15111.0,15841.052,16670.0,730.052,1559.0,0.048313,0.10317,13,8,Friday,17.6,0.3999999999999986,0.0
2025-08-29 14:00:00,15033.0,15811.769,16544.0,778.769,1511.0,0.051804,0.100512,14,8,Friday,17.7,0.3000000000000007,0.0
2025-08-29 15:00:00,15372.0,15785.501,16718.0,413.501,1346.0,0.0269,0.087562,15,8,Friday,17.1,0.8999999999999986,0.0
2025-08-29 16:00:00,15890.0,16139.225,17009.0,249.225,1119.0,0.015684,0.070422,16,8,Friday,17.5,0.5,0.0
2025-08-29 17:00:00,16145.0,16276.198,17008.0,131.198,863.0,0.008126,0.053453,17,8,Friday,16.9,1.1000000000000014,0.0
2025-08-29 18:00:00,16160.0,16153.022,16911.0,6.978,751.0,0.000432,0.046473,18,8,Friday,15.6,2.4000000000000004,0.0
2025-08-29 19:00:00,16330.0,16161.448,17028.0,168.552,698.0,0.010322,0.042743,19,8,Friday,14.4,3.5999999999999996,0.0
2025-08-29 20:00:00,15915.0,15898.903,16569.0,16.097,654.0,0.001011,0.041093,20,8,Friday,13.6,4.4,0.0
2025-08-29 21:00:00,15110.0,15177.764,15599.0,67.764,489.0,0.004485,0.032363,21,8,Friday,13.0,5.0,0.0
2025-08-29 22:00:00,14294.0,14247.859,14627.0,46.141,333.0,0.003228,0.023296,22,8,Friday,12.4,5.6,0.0
2025-08-29 23:00:00,13289.0,13409.885,13717.0,120.885,428.0,0.009097,0.032207,23,8,Friday,11.9,6.1,0.0
2025-08-30 00:00:00,12695.0,12695.42,13182.0,0.42,487.0,3.3e-05,0.038362,0,8,Saturday,11.7,6.300000000000001,0.0
2025-08-30 01:00:00,12388.0,12387.258,12834.0,0.742,446.0,6e-05,0.036003,1,8,Saturday,11.6,6.4,0.0
2025-08-30 02:00:00,12192.0,12291.397,12773.0,99.397,581.0,0.008153,0.047654,2,8,Saturday,11.2,6.800000000000001,0.0
2025-08-30 03:00:00,12170.0,12150.887,12751.0,19.113,581.0,0.001571,0.04774,3,8,Saturday,10.9,7.1,0.0
2025-08-30 04:00:00,12385.0,12220.596,12988.0,164.404,603.0,0.013274,0.048688,4,8,Saturday,10.9,7.1,0.0
2025-08-30 05:00:00,12698.0,12569.214,13842.0,128.786,1144.0,0.010142,0.090093,5,8,Saturday,11.0,7.0,0.0
2025-08-30 06:00:00,13398.0,13264.267,14763.0,133.733,1365.0,0.009982,0.101881,6,8,Saturday,11.0,7.0,0.0
2025-08-30 07:00:00,13565.0,13892.229,15359.0,327.229,1794.0,0.024123,0.132252,7,8,Saturday,12.1,5.9,0.0
2025-08-30 08:00:00,13812.0,14145.137,15379.0,333.137,1567.0,0.024119,0.113452,8,8,Saturday,13.2,4.800000000000001,0.0
2025-08-30 09:00:00,13985.0,14271.544,15359.0,286.544,1374.0,0.020489,0.098248,9,8,Saturday,16.1,1.8999999999999986,0.0
2025-08-30 10:00:00,14142.0,14535.977,15483.0,393.977,1341.0,0.027859,0.094824,10,8,Saturday,18.4,0.0,0.3999999999999986
2025-08-30 11:00:00,14249.0,14622.456,15541.0,373.456,1292.0,0.026209,0.090673,11,8,Saturday,19.6,0.0,1.6000000000000014
2025-08-30 12:00:00,14071.0,14504.497,15267.0,433.497,1196.0,0.030808,0.084998,12,8,Saturday,20.1,0.0,2.1000000000000014
2025-08-30 13:00:00,14060.0,14588.544,15111.0,528.544,1051.0,0.037592,0.074751,13,8,Saturday,20.2,0.0,2.1999999999999993
2025-08-30 14:00:00,14134.0,14867.815,15033.0,733.815,899.0,0.051918,0.063605,14,8,Saturday,21.0,0.0,3.0
2025-08-30 15:00:00,14561.0,15098.771,15372.0,537.771,811.0,0.036932,0.055697,15,8,Saturday,21.3,0.0,3.3000000000000007
2025-08-30 16:00:00,15443.0,15595.315,15890.0,152.315,447.0,0.009863,0.028945,16,8,Saturday,20.9,0.0,2.8999999999999986
2025-08-30 17:00:00,15809.0,15743.191,16145.0,65.809,336.0,0.004163,0.021254,17,8,Saturday,20.1,0.0,2.1000000000000014
2025-08-30 18:00:00,15802.0,15675.283,16160.0,126.717,358.0,0.008019,0.022655,18,8,Saturday,19.0,0.0,1.0
2025-08-30 19:00:00,15705.0,15637.182,16330.0,67.818,625.0,0.004318,0.039796,19,8,Saturday,17.6,0.3999999999999986,0.0
2025-08-30 20:00:00,15266.0,15267.39,15915.0,1.39,649.0,9.1e-05,0.042513,20,8,Saturday,16.5,1.5,0.0
2025-08-30 21:00:00,14715.0,14511.913,15110.0,203.087,395.0,0.013801,0.026843,21,8,Saturday,15.6,2.4000000000000004,0.0
2025-08-30 22:00:00,13835.0,13799.479,14294.0,35.521,459.0,0.002567,0.033177,22,8,Saturday,15.0,3.0,0.0
2025-08-30 23:00:00,13190.0,13034.174,13289.0,155.826,99.0,0.011814,0.007506,23,8,Saturday,14.4,3.5999999999999996,0.0
2025-08-31 00:00:00,12674.0,12515.697,12695.0,158.303,21.0,0.01249,0.001657,0,8,Sunday,13.7,4.300000000000001,0.0
2025-08-31 01:00:00,12345.0,12185.054,12388.0,159.946,43.0,0.012956,0.003483,1,8,Sunday,13.1,4.9,0.0
2025-08-31 02:00:00,12185.0,11850.453,12192.0,334.547,7.0,0.027456,0.000574,2,8,Sunday,12.7,5.300000000000001,0.0
2025-08-31 03:00:00,12133.0,11821.6,12170.0,311.4,37.0,0.025666,0.00305,3,8,Sunday,12.4,5.6,0.0
2025-08-31 04:00:00,12209.0,11900.48,12385.0,308.521,176.0,0.02527,0.014416,4,8,Sunday,12.0,6.0,0.0
2025-08-31 05:00:00,12340.0,12151.689,12698.0,188.311,358.0,0.01526,0.029011,5,8,Sunday,11.7,6.300000000000001,0.0
2025-08-31 06:00:00,12571.0,12613.801,13398.0,42.801,827.0,0.003405,0.065786,6,8,Sunday,11.6,6.4,0.0
2025-08-31 07:00:00,13027.0,13006.313,13565.0,20.687,538.0,0.001588,0.041299,7,8,Sunday,12.7,5.300000000000001,0.0
2025-08-31 08:00:00,13265.0,13157.401,13812.0,107.599,547.0,0.008111,0.041236,8,8,Sunday,14.2,3.8000000000000007,0.0
2025-08-31 09:00:00,13532.0,13688.764,13985.0,156.764,453.0,0.011585,0.033476,9,8,Sunday,17.3,0.6999999999999993,0.0
2025-08-31 10:00:00,13754.0,14083.389,14142.0,329.389,388.0,0.023949,0.02821,10,8,Sunday,19.5,0.0,1.5
2025-08-31 11:00:00,14059.0,14251.192,14249.0,192.192,190.0,0.01367,0.013514,11,8,Sunday,20.6,0.0,2.6000000000000014
2025-08-31 12:00:00,14141.0,14449.446,14071.0,308.446,70.0,0.021812,0.00495,12,8,Sunday,21.3,0.0,3.3000000000000007
2025-08-31 13:00:00,14383.0,14532.481,14060.0,149.481,323.0,0.010393,0.022457,13,8,Sunday,21.7,0.0,3.6999999999999993
2025-08-31 14:00:00,14764.0,14663.361,14134.0,100.639,630.0,0.006817,0.042671,14,8,Sunday,21.9,0.0,3.8999999999999986
2025-08-31 15:00:00,15441.0,15058.807,14561.0,382.193,880.0,0.024752,0.056991,15,8,Sunday,21.9,0.0,3.8999999999999986
2025-08-31 16:00:00,16314.0,16044.178,15443.0,269.822,871.0,0.016539,0.05339,16,8,Sunday,21.1,0.0,3.1000000000000014
2025-08-31 17:00:00,16710.0,16281.067,15809.0,428.933,901.0,0.025669,0.05392,17,8,Sunday,20.7,0.0,2.6999999999999993
2025-08-31 18:00:00,16515.0,16311.059,15802.0,203.941,713.0,0.012349,0.043173,18,8,Sunday,20.5,0.0,2.5
2025-08-31 19:00:00,16192.0,16052.224,15705.0,139.776,487.0,0.008632,0.030077,19,8,Sunday,18.9,0.0,0.8999999999999986
2025-08-31 20:00:00,15641.0,15770.877,15266.0,129.877,375.0,0.008304,0.023975,20,8,Sunday,18.7,0.0,0.6999999999999993
2025-08-31 21:00:00,14934.0,14770.565,14715.0,163.435,219.0,0.010944,0.014665,21,8,Sunday,18.1,0.0,0.10000000000000142
2025-08-31 22:00:00,14104.0,13759.525,13835.0,344.475,269.0,0.024424,0.019073,22,8,Sunday,17.2,0.8000000000000007,0.0
2025-08-31 23:00:00,13268.0,13180.624,13190.0,87.376,78.0,0.006585,0.005879,23,8,Sunday,17.1,0.8999999999999986,0.0
2025-09-01 00:00:00,12784.0,12698.372,12674.0,85.628,110.0,0.006698,0.008605,0,9,Monday,16.2,1.8000000000000007,0.0
2025-09-01 01:00:00,12420.0,12147.206,12345.0,272.794,75.0,0.021964,0.006039,1,9,Monday,15.8,2.1999999999999993,0.0
2025-09-01 02:00:00,12259.0,11912.535,12185.0,346.465,74.0,0.028262,0.006036,2,9,Monday,15.3,2.6999999999999993,0.0
2025-09-01 03:00:00,12202.0,11881.505,12133.0,320.495,69.0,0.026266,0.005655,3,9,Monday,15.2,2.8000000000000007,0.0
2025-09-01 04:00:00,12262.0,11901.621,12209.0,360.379,53.0,0.02939,0.004322,4,9,Monday,15.0,3.0,0.0
2025-09-01 05:00:00,12521.0,12317.556,12340.0,203.444,181.0,0.016248,0.014456,5,9,Monday,14.5,3.5,0.0
2025-09-01 06:00:00,12772.0,12729.993,12571.0,42.007,201.0,0.003289,0.015738,6,9,Monday,13.8,4.199999999999999,0.0
2025-09-01 07:00:00,13232.0,12956.909,13027.0,275.091,205.0,0.02079,0.015493,7,9,Monday,15.7,2.3000000000000007,0.0
2025-09-01 08:00:00,13444.0,13147.958,13265.0,296.042,179.0,0.02202,0.013314,8,9,Monday,16.6,1.3999999999999986,0.0
2025-09-01 09:00:00,14030.0,13653.324,13532.0,376.676,498.0,0.026848,0.035495,9,9,Monday,19.3,0.0,1.3000000000000007
2025-09-01 10:00:00,14415.0,14288.863,13754.0,126.137,661.0,0.00875,0.045855,10,9,Monday,21.2,0.0,3.1999999999999993
2025-09-01 11:00:00,14958.0,14870.84,14059.0,87.16,899.0,0.005827,0.060102,11,9,Monday,22.4,0.0,4.399999999999999
2025-09-01 12:00:00,15487.0,15063.69,14141.0,423.31,1346.0,0.027333,0.086912,12,9,Monday,23.0,0.0,5.0
2025-09-01 13:00:00,15547.0,15287.712,14383.0,259.288,1164.0,0.016678,0.07487,13,9,Monday,23.2,0.0,5.199999999999999
2025-09-01 14:00:00,15799.0,15787.145,14764.0,11.855,1035.0,0.00075,0.06551,14,9,Monday,23.3,0.0,5.300000000000001
2025-09-01 15:00:00,16804.0,16387.695,15441.0,416.305,1363.0,0.024774,0.081112,15,9,Monday,23.3,0.0,5.300000000000001
2025-09-01 16:00:00,17713.0,17498.244,16314.0,214.756,1399.0,0.012124,0.078982,16,9,Monday,23.2,0.0,5.199999999999999
2025-09-01 17:00:00,17923.0,17728.95,16710.0,194.05,1213.0,0.010827,0.067678,17,9,Monday,22.8,0.0,4.800000000000001
2025-09-01 18:00:00,17750.0,17570.453,16515.0,179.547,1235.0,0.010115,0.069577,18,9,Monday,21.9,0.0,3.8999999999999986
2025-09-01 19:00:00,17405.0,17090.16,16192.0,314.84,1213.0,0.018089,0.069693,19,9,Monday,20.5,0.0,2.5
2025-09-01 20:00:00,16661.0,16426.953,15641.0,234.047,1020.0,0.014048,0.061221,20,9,Monday,20.2,0.0,2.1999999999999993
2025-09-01 21:00:00,15614.0,15457.787,14934.0,156.213,680.0,0.010005,0.043551,21,9,Monday,19.5,0.0,1.5
2025-09-01 22:00:00,14530.0,14157.619,14104.0,372.381,426.0,0.025628,0.029319,22,9,Monday,18.7,0.0,0.6999999999999993
2025-09-01 23:00:00,13645.0,13310.271,13268.0,334.729,377.0,0.024531,0.027629,23,9,Monday,18.5,0.0,0.5
2025-09-02 00:00:00,13157.0,13216.935,12784.0,59.935,373.0,0.004555,0.02835,0,9,Tuesday,18.3,0.0,0.3000000000000007
2025-09-02 01:00:00,12853.0,12858.023,12420.0,5.023,433.0,0.000391,0.033689,1,9,Tuesday,18.1,0.0,0.10000000000000142
2025-09-02 02:00:00,12627.0,12676.432,12259.0,49.432,368.0,0.003915,0.029144,2,9,Tuesday,17.8,0.1999999999999993,0.0
2025-09-02 03:00:00,12687.0,12603.787,12202.0,83.213,485.0,0.006559,0.038228,3,9,Tuesday,17.3,0.6999999999999993,0.0
2025-09-02 04:00:00,13298.0,12723.068,12262.0,574.932,1036.0,0.043234,0.077906,4,9,Tuesday,17.6,0.3999999999999986,0.0
2025-09-02 05:00:00,14186.0,13424.039,12521.0,761.961,1665.0,0.053712,0.117369,5,9,Tuesday,17.1,0.8999999999999986,0.0
2025-09-02 06:00:00,15422.0,14136.77,12772.0,1285.23,2650.0,0.083337,0.171832,6,9,Tuesday,16.5,1.5,0.0
2025-09-02 07:00:00,15858.0,14481.88,13232.0,1376.12,2626.0,0.086778,0.165595,7,9,Tuesday,17.3,0.6999999999999993,0.0
2025-09-02 08:00:00,15886.0,14536.286,13444.0,1349.714,2442.0,0.084962,0.15372,8,9,Tuesday,17.8,0.1999999999999993,0.0
2025-09-02 09:00:00,16204.0,15248.274,14030.0,955.726,2174.0,0.058981,0.134164,9,9,Tuesday,20.0,0.0,2.0
2025-09-02 10:00:00,16732.0,16034.138,14415.0,697.862,2317.0,0.041708,0.138477,10,9,Tuesday,21.6,0.0,3.6000000000000014
2025-09-02 11:00:00,17155.0,16400.012,14958.0,754.988,2197.0,0.04401,0.128068,11,9,Tuesday,22.6,0.0,4.600000000000001
2025-09-02 12:00:00,17736.0,16732.996,15487.0,1003.004,2249.0,0.056552,0.126804,12,9,Tuesday,23.1,0.0,5.100000000000001
2025-09-02 13:00:00,18015.0,16989.594,15547.0,1025.406,2468.0,0.05692,0.136997,13,9,Tuesday,23.4,0.0,5.399999999999999
2025-09-02 14:00:00,18387.0,17121.271,15799.0,1265.729,2588.0,0.068838,0.140752,14,9,Tuesday,23.4,0.0,5.399999999999999
2025-09-02 15:00:00,18931.0,17542.576,16804.0,1388.424,2127.0,0.073341,0.112355,15,9,Tuesday,23.6,0.0,5.600000000000001
2025-09-02 16:00:00,19302.0,17909.4,17713.0,1392.6,1589.0,0.072148,0.082323,16,9,Tuesday,23.1,0.0,5.100000000000001
2025-09-02 17:00:00,19199.0,17934.76,17923.0,1264.24,1276.0,0.065849,0.066462,17,9,Tuesday,22.4,0.0,4.399999999999999
2025-09-02 18:00:00,19098.0,17746.799,17750.0,1351.201,1348.0,0.070751,0.070583,18,9,Tuesday,21.6,0.0,3.6000000000000014
2025-09-02 19:00:00,19116.0,17469.377,17405.0,1646.623,1711.0,0.086138,0.089506,19,9,Tuesday,20.8,0.0,2.8000000000000007
2025-09-02 20:00:00,18332.0,17324.951,16661.0,1007.049,1671.0,0.054934,0.091152,20,9,Tuesday,21.2,0.0,3.1999999999999993
2025-09-02 21:00:00,17099.0,16197.728,15614.0,901.272,1485.0,0.052709,0.086847,21,9,Tuesday,20.6,0.0,2.6000000000000014
2025-09-02 22:00:00,15846.0,15007.52,14530.0,838.48,1316.0,0.052914,0.083049,22,9,Tuesday,20.0,0.0,2.0
2025-09-02 23:00:00,14739.0,13949.794,13645.0,789.206,1094.0,0.053545,0.074225,23,9,Tuesday,19.4,0.0,1.3999999999999986
2025-09-03 00:00:00,13944.0,13450.263,13157.0,493.737,787.0,0.035409,0.05644,0,9,Wednesday,19.0,0.0,1.0
2025-09-03 01:00:00,13510.0,12927.008,12853.0,582.992,657.0,0.043153,0.048631,1,9,Wednesday,18.1,0.0,0.10000000000000142
2025-09-03 02:00:00,13188.0,12666.999,12627.0,521.001,561.0,0.039506,0.042539,2,9,Wednesday,17.2,0.8000000000000007,0.0
2025-09-03 03:00:00,13217.0,12618.661,12687.0,598.339,530.0,0.04527,0.0401,3,9,Wednesday,16.9,1.1000000000000014,0.0
2025-09-03 04:00:00,13626.0,13038.047,13298.0,587.953,328.0,0.043149,0.024072,4,9,Wednesday,16.6,1.3999999999999986,0.0
2025-09-03 05:00:00,14567.0,13989.068,14186.0,577.932,381.0,0.039674,0.026155,5,9,Wednesday,16.4,1.6000000000000014,0.0
2025-09-03 06:00:00,15322.0,14850.223,15422.0,471.777,100.0,0.030791,0.006527,6,9,Wednesday,16.2,1.8000000000000007,0.0
2025-09-03 07:00:00,15873.0,15276.102,15858.0,596.898,15.0,0.037605,0.000945,7,9,Wednesday,18.0,0.0,0.0
2025-09-03 08:00:00,16272.0,15322.855,15886.0,949.145,386.0,0.05833,0.023722,8,9,Wednesday,18.1,0.0,0.10000000000000142
2025-09-03 09:00:00,16727.0,15823.124,16204.0,903.876,523.0,0.054037,0.031267,9,9,Wednesday,19.9,0.0,1.8999999999999986
2025-09-03 10:00:00,16875.0,16429.81,16732.0,445.19,143.0,0.026382,0.008474,10,9,Wednesday,21.2,0.0,3.1999999999999993
2025-09-03 11:00:00,17135.0,17105.678,17155.0,29.322,20.0,0.001711,0.001167,11,9,Wednesday,22.3,0.0,4.300000000000001
2025-09-03 12:00:00,17413.0,17275.715,17736.0,137.285,323.0,0.007884,0.018549,12,9,Wednesday,23.0,0.0,5.0
2025-09-03 13:00:00,17843.0,17871.451,18015.0,28.451,172.0,0.001595,0.00964,13,9,Wednesday,23.9,0.0,5.899999999999999
2025-09-03 14:00:00,18201.0,18307.92,18387.0,106.92,186.0,0.005874,0.010219,14,9,Wednesday,24.6,0.0,6.600000000000001
2025-09-03 15:00:00,18866.0,18558.564,18931.0,307.436,65.0,0.016296,0.003445,15,9,Wednesday,25.1,0.0,7.100000000000001
2025-09-03 16:00:00,19502.0,19269.975,19302.0,232.025,200.0,0.011897,0.010255,16,9,Wednesday,24.6,0.0,6.600000000000001
2025-09-03 17:00:00,19695.0,19181.262,19199.0,513.738,496.0,0.026085,0.025184,17,9,Wednesday,24.3,0.0,6.300000000000001
2025-09-03 18:00:00,19452.0,18832.99,19098.0,619.01,354.0,0.031822,0.018199,18,9,Wednesday,23.3,0.0,5.300000000000001
2025-09-03 19:00:00,19011.0,18676.574,19116.0,334.426,105.0,0.017591,0.005523,19,9,Wednesday,22.3,0.0,4.300000000000001
2025-09-03 20:00:00,18328.0,18208.955,18332.0,119.045,4.0,0.006495,0.000218,20,9,Wednesday,22.3,0.0,4.300000000000001
2025-09-03 21:00:00,17261.0,17184.885,17099.0,76.115,162.0,0.00441,0.009385,21,9,Wednesday,21.9,0.0,3.8999999999999986
2025-09-03 22:00:00,15786.0,16038.896,15846.0,252.896,60.0,0.01602,0.003801,22,9,Wednesday,21.2,0.0,3.1999999999999993
2025-09-03 23:00:00,14713.0,14822.559,14739.0,109.559,26.0,0.007446,0.001767,23,9,Wednesday,20.0,0.0,2.0
2025-09-04 00:00:00,14171.0,14167.443,13944.0,3.557,227.0,0.000251,0.016019,0,9,Thursday,19.9,0.0,1.8999999999999986
2025-09-04 01:00:00,13734.0,13733.486,13510.0,0.514,224.0,3.7e-05,0.01631,1,9,Thursday,19.7,0.0,1.6999999999999993
2025-09-04 02:00:00,13533.0,13435.929,13188.0,97.071,345.0,0.007173,0.025493,2,9,Thursday,19.2,0.0,1.1999999999999993
2025-09-04 03:00:00,13672.0,13320.594,13217.0,351.406,455.0,0.025703,0.03328,3,9,Thursday,18.9,0.0,0.8999999999999986
2025-09-04 04:00:00,13814.0,13531.088,13626.0,282.912,188.0,0.02048,0.013609,4,9,Thursday,18.5,0.0,0.5
2025-09-04 05:00:00,14799.0,14437.354,14567.0,361.646,232.0,0.024437,0.015677,5,9,Thursday,18.7,0.0,0.6999999999999993
2025-09-04 06:00:00,16316.0,14936.645,15322.0,1379.355,994.0,0.08454,0.060922,6,9,Thursday,18.1,0.0,0.10000000000000142
2025-09-04 07:00:00,16733.0,15276.295,15873.0,1456.705,860.0,0.087056,0.051395,7,9,Thursday,17.1,0.8999999999999986,0.0
2025-09-04 08:00:00,16489.0,15410.317,16272.0,1078.683,217.0,0.065418,0.01316,8,9,Thursday,13.7,4.300000000000001,0.0
2025-09-04 09:00:00,16518.0,15598.51,16727.0,919.49,209.0,0.055666,0.012653,9,9,Thursday,13.7,4.300000000000001,0.0
2025-09-04 10:00:00,16352.0,15607.964,16875.0,744.036,523.0,0.045501,0.031984,10,9,Thursday,13.4,4.6,0.0
2025-09-04 11:00:00,16434.0,15751.944,17135.0,682.056,701.0,0.041503,0.042655,11,9,Thursday,13.0,5.0,0.0
2025-09-04 12:00:00,16442.0,15815.459,17413.0,626.541,971.0,0.038106,0.059056,12,9,Thursday,14.5,3.5,0.0
2025-09-04 13:00:00,16514.0,15971.73,17843.0,542.27,1329.0,0.032837,0.080477,13,9,Thursday,17.1,0.8999999999999986,0.0
2025-09-04 14:00:00,16770.0,16166.099,18201.0,603.901,1431.0,0.036011,0.085331,14,9,Thursday,18.4,0.0,0.3999999999999986
2025-09-04 15:00:00,17068.0,16590.17,18866.0,477.83,1798.0,0.027996,0.105343,15,9,Thursday,18.9,0.0,0.8999999999999986
2025-09-04 16:00:00,17509.0,17300.225,19502.0,208.775,1993.0,0.011924,0.113827,16,9,Thursday,18.7,0.0,0.6999999999999993
2025-09-04 17:00:00,17376.0,17497.479,19695.0,121.479,2319.0,0.006991,0.13346,17,9,Thursday,18.5,0.0,0.5
2025-09-04 18:00:00,17316.0,17018.797,19452.0,297.203,2136.0,0.017163,0.123354,18,9,Thursday,17.3,0.6999999999999993,0.0
2025-09-04 19:00:00,17221.0,16935.75,19011.0,285.25,1790.0,0.016564,0.103943,19,9,Thursday,15.9,2.0999999999999996,0.0
2025-09-04 20:00:00,16623.0,16510.582,18328.0,112.418,1705.0,0.006763,0.102569,20,9,Thursday,14.8,3.1999999999999993,0.0
2025-09-04 21:00:00,15518.0,15671.245,17261.0,153.245,1743.0,0.009875,0.112321,21,9,Thursday,13.6,4.4,0.0
2025-09-04 22:00:00,14478.0,14855.664,15786.0,377.664,1308.0,0.026085,0.090344,22,9,Thursday,12.2,5.800000000000001,0.0
2025-09-04 23:00:00,13715.0,14046.703,14713.0,331.703,998.0,0.024185,0.072767,23,9,Thursday,12.3,5.699999999999999,0.0
2025-09-05 00:00:00,13208.0,13428.268,14171.0,220.268,963.0,0.016677,0.07291,0,9,Friday,11.8,6.199999999999999,0.0
2025-09-05 01:00:00,12887.0,13018.542,13734.0,131.542,847.0,0.010207,0.065725,1,9,Friday,12.1,5.9,0.0
2025-09-05 02:00:00,12721.0,12873.929,13533.0,152.929,812.0,0.012022,0.063831,2,9,Friday,12.8,5.199999999999999,0.0
2025-09-05 03:00:00,12661.0,12896.829,13672.0,235.829,1011.0,0.018626,0.079852,3,9,Friday,13.6,4.4,0.0
2025-09-05 04:00:00,13034.0,13158.493,13814.0,124.493,780.0,0.009551,0.059843,4,9,Friday,15.8,2.1999999999999993,0.0
2025-09-05 05:00:00,13993.0,14141.85,14799.0,148.85,806.0,0.010637,0.0576,5,9,Friday,16.1,1.8999999999999986,0.0
2025-09-05 06:00:00,15060.0,15218.879,16316.0,158.879,1256.0,0.01055,0.0834,6,9,Friday,16.3,1.6999999999999993,0.0
2025-09-05 07:00:00,15504.0,15446.367,16733.0,57.633,1229.0,0.003717,0.07927,7,9,Friday,16.6,1.3999999999999986,0.0
2025-09-05 08:00:00,15601.0,15440.694,16489.0,160.306,888.0,0.010275,0.056919,8,9,Friday,17.6,0.3999999999999986,0.0
2025-09-05 09:00:00,15547.0,15451.694,16518.0,95.306,971.0,0.00613,0.062456,9,9,Friday,18.1,0.0,0.10000000000000142
2025-09-05 10:00:00,15557.0,15559.955,16352.0,2.955,795.0,0.00019,0.051102,10,9,Friday,18.7,0.0,0.6999999999999993
2025-09-05 11:00:00,15421.0,15707.495,16434.0,286.495,1013.0,0.018578,0.06569,11,9,Friday,19.7,0.0,1.6999999999999993
2025-09-05 12:00:00,15776.0,15724.222,16442.0,51.778,666.0,0.003282,0.042216,12,9,Friday,20.4,0.0,2.3999999999999986
2025-09-05 13:00:00,15736.0,15900.977,16514.0,164.977,778.0,0.010484,0.049441,13,9,Friday,21.0,0.0,3.0
2025-09-05 14:00:00,15869.0,16039.804,16770.0,170.804,901.0,0.010763,0.056777,14,9,Friday,21.0,0.0,3.0
2025-09-05 15:00:00,16386.0,16215.349,17068.0,170.651,682.0,0.010414,0.041621,15,9,Friday,21.0,0.0,3.0
2025-09-05 16:00:00,16743.0,16629.16,17509.0,113.84,766.0,0.006799,0.04575,16,9,Friday,21.0,0.0,3.0
2025-09-05 17:00:00,16867.0,16499.906,17376.0,367.094,509.0,0.021764,0.030177,17,9,Friday,20.4,0.0,2.3999999999999986
2025-09-05 18:00:00,16892.0,16189.687,17316.0,702.313,424.0,0.041577,0.025101,18,9,Friday,18.9,0.0,0.8999999999999986
2025-09-05 19:00:00,17010.0,15982.536,17221.0,1027.464,211.0,0.060404,0.012404,19,9,Friday,17.4,0.6000000000000014,0.0
2025-09-05 20:00:00,16328.0,15647.323,16623.0,680.677,295.0,0.041688,0.018067,20,9,Friday,16.3,1.6999999999999993,0.0
2025-09-05 21:00:00,15432.0,14746.405,15518.0,685.595,86.0,0.044427,0.005573,21,9,Friday,15.6,2.4000000000000004,0.0
2025-09-05 22:00:00,14364.0,14037.418,14478.0,326.582,114.0,0.022736,0.007937,22,9,Friday,15.0,3.0,0.0
2025-09-05 23:00:00,13550.0,13124.136,13715.0,425.864,165.0,0.031429,0.012177,23,9,Friday,14.2,3.8000000000000007,0.0
2025-09-06 00:00:00,13029.0,12340.676,13208.0,688.324,179.0,0.05283,0.013739,0,9,Saturday,13.6,4.4,0.0
2025-09-06 01:00:00,12714.0,12082.925,12887.0,631.075,173.0,0.049636,0.013607,1,9,Saturday,13.2,4.800000000000001,0.0
2025-09-06 02:00:00,12536.0,11935.522,12721.0,600.478,185.0,0.0479,0.014757,2,9,Saturday,12.2,5.800000000000001,0.0
2025-09-06 03:00:00,12477.0,11833.199,12661.0,643.801,184.0,0.051599,0.014747,3,9,Saturday,12.2,5.800000000000001,0.0
2025-09-06 04:00:00,12674.0,11952.513,13034.0,721.487,360.0,0.056927,0.028405,4,9,Saturday,12.5,5.5,0.0
2025-09-06 05:00:00,13056.0,12473.306,13993.0,582.694,937.0,0.04463,0.071768,5,9,Saturday,12.9,5.1,0.0
2025-09-06 06:00:00,13557.0,13148.609,15060.0,408.391,1503.0,0.030124,0.110865,6,9,Saturday,12.9,5.1,0.0
2025-09-06 07:00:00,14152.0,13463.753,15504.0,688.247,1352.0,0.048632,0.095534,7,9,Saturday,12.8,5.199999999999999,0.0
2025-09-06 08:00:00,14716.0,13643.349,15601.0,1072.651,885.0,0.07289,0.060139,8,9,Saturday,13.2,4.800000000000001,0.0
2025-09-06 09:00:00,14357.0,13708.845,15547.0,648.155,1190.0,0.045146,0.082886,9,9,Saturday,14.6,3.4000000000000004,0.0
2025-09-06 10:00:00,14500.0,13758.847,15557.0,741.153,1057.0,0.051114,0.072897,10,9,Saturday,15.8,2.1999999999999993,0.0
2025-09-06 11:00:00,14565.0,13724.749,15421.0,840.251,856.0,0.05769,0.058771,11,9,Saturday,17.1,0.8999999999999986,0.0
2025-09-06 12:00:00,14524.0,14096.48,15776.0,427.52,1252.0,0.029435,0.086202,12,9,Saturday,18.8,0.0,0.8000000000000007
2025-09-06 13:00:00,14561.0,14194.107,15736.0,366.893,1175.0,0.025197,0.080695,13,9,Saturday,19.0,0.0,1.0
2025-09-06 14:00:00,14789.0,14402.343,15869.0,386.657,1080.0,0.026145,0.073027,14,9,Saturday,19.1,0.0,1.1000000000000014
2025-09-06 15:00:00,15064.0,14824.377,16386.0,239.623,1322.0,0.015907,0.087759,15,9,Saturday,19.1,0.0,1.1000000000000014
2025-09-06 16:00:00,15520.0,15126.449,16743.0,393.551,1223.0,0.025358,0.078802,16,9,Saturday,18.8,0.0,0.8000000000000007
2025-09-06 17:00:00,15678.0,15317.861,16867.0,360.139,1189.0,0.022971,0.075839,17,9,Saturday,18.0,0.0,0.0
2025-09-06 18:00:00,15752.0,15287.303,16892.0,464.697,1140.0,0.029501,0.072372,18,9,Saturday,17.0,1.0,0.0
2025-09-06 19:00:00,15799.0,15280.136,17010.0,518.864,1211.0,0.032842,0.07665,19,9,Saturday,15.8,2.1999999999999993,0.0
2025-09-06 20:00:00,15279.0,14763.935,16328.0,515.065,1049.0,0.033711,0.068656,20,9,Saturday,15.1,2.9000000000000004,0.0
2025-09-06 21:00:00,14570.0,14181.532,15432.0,388.468,862.0,0.026662,0.059163,21,9,Saturday,14.8,3.1999999999999993,0.0
2025-09-06 22:00:00,13737.0,13385.648,14364.0,351.352,627.0,0.025577,0.045643,22,9,Saturday,14.7,3.3000000000000007,0.0
2025-09-06 23:00:00,13137.0,12829.675,13550.0,307.325,413.0,0.023394,0.031438,23,9,Saturday,14.5,3.5,0.0
2025-09-07 00:00:00,12671.0,12362.849,13029.0,308.151,358.0,0.024319,0.028253,0,9,Sunday,14.3,3.6999999999999993,0.0
2025-09-07 01:00:00,12553.0,12024.026,12714.0,528.974,161.0,0.042139,0.012826,1,9,Sunday,13.9,4.1,0.0
2025-09-07 02:00:00,12227.0,11881.161,12536.0,345.839,309.0,0.028285,0.025272,2,9,Sunday,13.2,4.800000000000001,0.0
2025-09-07 03:00:00,12270.0,11735.396,12477.0,534.604,207.0,0.04357,0.01687,3,9,Sunday,12.7,5.300000000000001,0.0
2025-09-07 04:00:00,12386.0,11894.203,12674.0,491.797,288.0,0.039706,0.023252,4,9,Sunday,12.2,5.800000000000001,0.0
2025-09-07 05:00:00,12645.0,12078.652,13056.0,566.348,411.0,0.044788,0.032503,5,9,Sunday,11.6,6.4,0.0
2025-09-07 06:00:00,12991.0,12542.711,13557.0,448.289,566.0,0.034508,0.043569,6,9,Sunday,11.1,6.9,0.0
2025-09-07 07:00:00,13503.0,12911.113,14152.0,591.887,649.0,0.043834,0.048063,7,9,Sunday,11.8,6.199999999999999,0.0
2025-09-07 08:00:00,13559.0,13293.438,14716.0,265.562,1157.0,0.019586,0.085331,8,9,Sunday,13.0,5.0,0.0
2025-09-07 09:00:00,13456.0,13287.886,14357.0,168.114,901.0,0.012494,0.066959,9,9,Sunday,14.3,3.6999999999999993,0.0
2025-09-07 10:00:00,13776.0,13497.508,14500.0,278.492,724.0,0.020216,0.052555,10,9,Sunday,15.4,2.5999999999999996,0.0
2025-09-07 11:00:00,14184.0,13730.794,14565.0,453.206,381.0,0.031952,0.026861,11,9,Sunday,16.4,1.6000000000000014,0.0
2025-09-07 12:00:00,14338.0,13774.303,14524.0,563.697,186.0,0.039315,0.012973,12,9,Sunday,17.2,0.8000000000000007,0.0
2025-09-07 13:00:00,14361.0,14093.225,14561.0,267.775,200.0,0.018646,0.013927,13,9,Sunday,17.6,0.3999999999999986,0.0
2025-09-07 14:00:00,14397.0,14244.568,14789.0,152.432,392.0,0.010588,0.027228,14,9,Sunday,17.4,0.6000000000000014,0.0
2025-09-07 15:00:00,14993.0,14889.755,15064.0,103.245,71.0,0.006886,0.004736,15,9,Sunday,17.6,0.3999999999999986,0.0
2025-09-07 16:00:00,15545.0,15511.624,15520.0,33.376,25.0,0.002147,0.001608,16,9,Sunday,17.3,0.6999999999999993,0.0
2025-09-07 17:00:00,15913.0,15736.812,15678.0,176.188,235.0,0.011072,0.014768,17,9,Sunday,16.7,1.3000000000000007,0.0
2025-09-07 18:00:00,16101.0,15673.962,15752.0,427.038,349.0,0.026522,0.021676,18,9,Sunday,16.1,1.8999999999999986,0.0
2025-09-07 19:00:00,16281.0,15708.961,15799.0,572.039,482.0,0.035135,0.029605,19,9,Sunday,14.8,3.1999999999999993,0.0
2025-09-07 20:00:00,15451.0,15294.205,15279.0,156.795,172.0,0.010148,0.011132,20,9,Sunday,14.2,3.8000000000000007,0.0
2025-09-07 21:00:00,14608.0,14261.446,14570.0,346.554,38.0,0.023724,0.002601,21,9,Sunday,13.3,4.699999999999999,0.0
2025-09-07 22:00:00,13817.0,13405.369,13737.0,411.631,80.0,0.029792,0.00579,22,9,Sunday,12.5,5.5,0.0
2025-09-07 23:00:00,12772.0,12822.603,13137.0,50.603,365.0,0.003962,0.028578,23,9,Sunday,11.8,6.199999999999999,0.0
2025-09-08 00:00:00,12525.0,12881.16,12671.0,356.16,146.0,0.028436,0.011657,0,9,Monday,11.1,6.9,0.0
2025-09-08 01:00:00,12370.0,12722.563,12553.0,352.563,183.0,0.028501,0.014794,1,9,Monday,10.6,7.4,0.0
2025-09-08 02:00:00,12254.0,12384.063,12227.0,130.063,27.0,0.010614,0.002203,2,9,Monday,10.3,7.699999999999999,0.0
2025-09-08 03:00:00,12420.0,12394.137,12270.0,25.863,150.0,0.002082,0.012077,3,9,Monday,10.2,7.800000000000001,0.0
2025-09-08 04:00:00,12962.0,12627.158,12386.0,334.842,576.0,0.025833,0.044438,4,9,Monday,10.0,8.0,0.0
2025-09-08 05:00:00,14183.0,13592.053,12645.0,590.947,1538.0,0.041666,0.10844,5,9,Monday,9.8,8.2,0.0
2025-09-08 06:00:00,15324.0,14300.363,12991.0,1023.637,2333.0,0.0668,0.152245,6,9,Monday,9.5,8.5,0.0
2025-09-08 07:00:00,15425.0,14714.82,13503.0,710.18,1922.0,0.046041,0.124603,7,9,Monday,10.2,7.800000000000001,0.0
2025-09-08 08:00:00,15038.0,14811.702,13559.0,226.298,1479.0,0.015048,0.098351,8,9,Monday,11.5,6.5,0.0
2025-09-08 09:00:00,14897.0,14855.665,13456.0,41.335,1441.0,0.002775,0.096731,9,9,Monday,14.0,4.0,0.0
2025-09-08 10:00:00,15360.0,15032.572,13776.0,327.428,1584.0,0.021317,0.103125,10,9,Monday,15.5,2.5,0.0
2025-09-08 11:00:00,15363.0,15199.108,14184.0,163.892,1179.0,0.010668,0.076743,11,9,Monday,16.7,1.3000000000000007,0.0
2025-09-08 12:00:00,15424.0,15502.943,14338.0,78.943,1086.0,0.005118,0.07041,12,9,Monday,17.7,0.3000000000000007,0.0
2025-09-08 13:00:00,15486.0,15659.722,14361.0,173.722,1125.0,0.011218,0.072646,13,9,Monday,18.6,0.0,0.6000000000000014
2025-09-08 14:00:00,15585.0,15836.829,14397.0,251.829,1188.0,0.016158,0.076227,14,9,Monday,19.2,0.0,1.1999999999999993
2025-09-08 15:00:00,16069.0,16278.967,14993.0,209.967,1076.0,0.013067,0.066961,15,9,Monday,19.4,0.0,1.3999999999999986
2025-09-08 16:00:00,16804.0,16693.46,15545.0,110.54,1259.0,0.006578,0.074923,16,9,Monday,18.6,0.0,0.6000000000000014
2025-09-08 17:00:00,17111.0,16768.312,15913.0,342.688,1198.0,0.020027,0.070013,17,9,Monday,17.9,0.10000000000000142,0.0
2025-09-08 18:00:00,17053.0,16870.352,16101.0,182.648,952.0,0.010711,0.055826,18,9,Monday,17.2,0.8000000000000007,0.0
2025-09-08 19:00:00,17145.0,16834.703,16281.0,310.297,864.0,0.018098,0.050394,19,9,Monday,15.8,2.1999999999999993,0.0
2025-09-08 20:00:00,16349.0,16136.158,15451.0,212.842,898.0,0.013019,0.054927,20,9,Monday,14.9,3.0999999999999996,0.0
2025-09-08 21:00:00,15227.0,15042.254,14608.0,184.746,619.0,0.012133,0.040651,21,9,Monday,14.4,3.5999999999999996,0.0
2025-09-08 22:00:00,14262.0,14113.574,13817.0,148.426,445.0,0.010407,0.031202,22,9,Monday,13.9,4.1,0.0
2025-09-08 23:00:00,13442.0,13076.765,12772.0,365.235,670.0,0.027171,0.049844,23,9,Monday,13.4,4.6,0.0
2025-09-09 00:00:00,12977.0,12637.337,12525.0,339.663,452.0,0.026174,0.034831,0,9,Tuesday,12.9,5.1,0.0
2025-09-09 01:00:00,12709.0,12470.888,12370.0,238.112,339.0,0.018736,0.026674,1,9,Tuesday,12.5,5.5,0.0
2025-09-09 02:00:00,12573.0,12354.265,12254.0,218.735,319.0,0.017397,0.025372,2,9,Tuesday,12.0,6.0,0.0
2025-09-09 03:00:00,12548.0,12425.351,12420.0,122.649,128.0,0.009774,0.010201,3,9,Tuesday,12.5,5.5,0.0
2025-09-09 04:00:00,13079.0,12934.089,12962.0,144.911,117.0,0.01108,0.008946,4,9,Tuesday,12.9,5.1,0.0
2025-09-09 05:00:00,14151.0,14069.99,14183.0,81.01,32.0,0.005725,0.002261,5,9,Tuesday,13.1,4.9,0.0
2025-09-09 06:00:00,15168.0,15045.371,15324.0,122.629,156.0,0.008085,0.010285,6,9,Tuesday,12.7,5.300000000000001,0.0
2025-09-09 07:00:00,15268.0,15147.614,15425.0,120.386,157.0,0.007885,0.010283,7,9,Tuesday,14.4,3.5999999999999996,0.0
2025-09-09 08:00:00,15056.0,15136.889,15038.0,80.889,18.0,0.005373,0.001196,8,9,Tuesday,14.3,3.6999999999999993,0.0
2025-09-09 09:00:00,15012.0,15151.535,14897.0,139.535,115.0,0.009295,0.007661,9,9,Tuesday,16.4,1.6000000000000014,0.0
2025-09-09 10:00:00,15131.0,15370.507,15360.0,239.507,229.0,0.015829,0.015134,10,9,Tuesday,17.7,0.3000000000000007,0.0
2025-09-09 11:00:00,15238.0,15563.799,15363.0,325.799,125.0,0.021381,0.008203,11,9,Tuesday,18.5,0.0,0.5
2025-09-09 12:00:00,15455.0,15615.4,15424.0,160.4,31.0,0.010379,0.002006,12,9,Tuesday,19.1,0.0,1.1000000000000014
2025-09-09 13:00:00,15462.0,15685.012,15486.0,223.012,24.0,0.014423,0.001552,13,9,Tuesday,19.5,0.0,1.5
2025-09-09 14:00:00,15556.0,15853.494,15585.0,297.494,29.0,0.019124,0.001864,14,9,Tuesday,19.7,0.0,1.6999999999999993
2025-09-09 15:00:00,16434.0,16305.752,16069.0,128.248,365.0,0.007804,0.02221,15,9,Tuesday,19.9,0.0,1.8999999999999986
2025-09-09 16:00:00,17036.0,16834.986,16804.0,201.014,232.0,0.011799,0.013618,16,9,Tuesday,20.0,0.0,2.0
2025-09-09 17:00:00,17281.0,17021.441,17111.0,259.559,170.0,0.01502,0.009837,17,9,Tuesday,19.6,0.0,1.6000000000000014
2025-09-09 18:00:00,17158.0,16804.582,17053.0,353.418,105.0,0.020598,0.00612,18,9,Tuesday,18.7,0.0,0.6999999999999993
2025-09-09 19:00:00,17140.0,16695.414,17145.0,444.586,5.0,0.025939,0.000292,19,9,Tuesday,17.8,0.1999999999999993,0.0
2025-09-09 20:00:00,16472.0,16220.255,16349.0,251.745,123.0,0.015283,0.007467,20,9,Tuesday,16.6,1.3999999999999986,0.0
2025-09-09 21:00:00,15292.0,15356.045,15227.0,64.045,65.0,0.004188,0.004251,21,9,Tuesday,16.6,1.3999999999999986,0.0
2025-09-09 22:00:00,14369.0,14352.6,14262.0,16.4,107.0,0.001141,0.007447,22,9,Tuesday,16.6,1.3999999999999986,0.0
2025-09-09 23:00:00,13560.0,13564.266,13442.0,4.266,118.0,0.000315,0.008702,23,9,Tuesday,16.3,1.6999999999999993,0.0
2025-09-10 00:00:00,13096.0,12977.131,12977.0,118.869,119.0,0.009077,0.009087,0,9,Wednesday,16.2,1.8000000000000007,0.0
2025-09-10 01:00:00,12736.0,12691.57,12709.0,44.43,27.0,0.003489,0.00212,1,9,Wednesday,16.0,2.0,0.0
2025-09-10 02:00:00,12662.0,12460.957,12573.0,201.043,89.0,0.015878,0.007029,2,9,Wednesday,16.0,2.0,0.0
2025-09-10 03:00:00,12752.0,12413.807,12548.0,338.193,204.0,0.026521,0.015997,3,9,Wednesday,15.6,2.4000000000000004,0.0
2025-09-10 04:00:00,13392.0,12984.125,13079.0,407.875,313.0,0.030457,0.023372,4,9,Wednesday,14.8,3.1999999999999993,0.0
2025-09-10 05:00:00,14349.0,13986.075,14151.0,362.925,198.0,0.025293,0.013799,5,9,Wednesday,14.6,3.4000000000000004,0.0
2025-09-10 06:00:00,15306.0,14833.116,15168.0,472.884,138.0,0.030895,0.009016,6,9,Wednesday,14.3,3.6999999999999993,0.0
2025-09-10 07:00:00,15521.0,15061.476,15268.0,459.524,253.0,0.029607,0.0163,7,9,Wednesday,15.2,2.8000000000000007,0.0
2025-09-10 08:00:00,15469.0,15033.741,15056.0,435.259,413.0,0.028138,0.026699,8,9,Wednesday,15.4,2.5999999999999996,0.0
2025-09-10 09:00:00,15499.0,15123.936,15012.0,375.064,487.0,0.024199,0.031421,9,9,Wednesday,17.8,0.1999999999999993,0.0
2025-09-10 10:00:00,15681.0,15382.1,15131.0,298.9,550.0,0.019061,0.035074,10,9,Wednesday,19.1,0.0,1.1000000000000014
2025-09-10 11:00:00,16013.0,15560.756,15238.0,452.244,775.0,0.028242,0.048398,11,9,Wednesday,20.2,0.0,2.1999999999999993
2025-09-10 12:00:00,16668.0,15795.731,15455.0,872.269,1213.0,0.052332,0.072774,12,9,Wednesday,20.9,0.0,2.8999999999999986
2025-09-10 13:00:00,16664.0,15968.427,15462.0,695.573,1202.0,0.041741,0.072132,13,9,Wednesday,21.7,0.0,3.6999999999999993
2025-09-10 14:00:00,16944.0,16114.248,15556.0,829.752,1388.0,0.04897,0.081917,14,9,Wednesday,22.3,0.0,4.300000000000001
2025-09-10 15:00:00,17600.0,16928.56,16434.0,671.44,1166.0,0.03815,0.06625,15,9,Wednesday,22.4,0.0,4.399999999999999
2025-09-10 16:00:00,18027.0,17487.867,17036.0,539.133,991.0,0.029907,0.054973,16,9,Wednesday,22.1,0.0,4.100000000000001
2025-09-10 17:00:00,18051.0,17328.406,17281.0,722.594,770.0,0.040031,0.042657,17,9,Wednesday,21.1,0.0,3.1000000000000014
2025-09-10 18:00:00,17967.0,16979.232,17158.0,987.768,809.0,0.054977,0.045027,18,9,Wednesday,20.1,0.0,2.1000000000000014
2025-09-10 19:00:00,17989.0,16784.756,17140.0,1204.244,849.0,0.066943,0.047196,19,9,Wednesday,18.9,0.0,0.8999999999999986
2025-09-10 20:00:00,17250.0,16542.76,16472.0,707.24,778.0,0.040999,0.045101,20,9,Wednesday,19.0,0.0,1.0
2025-09-10 21:00:00,16087.0,15550.33,15292.0,536.67,795.0,0.03336,0.049419,21,9,Wednesday,18.5,0.0,0.5
2025-09-10 22:00:00,14917.0,14616.867,14369.0,300.133,548.0,0.02012,0.036737,22,9,Wednesday,18.5,0.0,0.5
2025-09-10 23:00:00,14117.0,13696.171,13560.0,420.829,557.0,0.02981,0.039456,23,9,Wednesday,18.0,0.0,0.0
2025-09-11 00:00:00,13498.0,13233.117,13096.0,264.883,402.0,0.019624,0.029782,0,9,Thursday,17.6,0.3999999999999986,0.0
2025-09-11 01:00:00,13084.0,12832.289,12736.0,251.711,348.0,0.019238,0.026597,1,9,Thursday,16.8,1.1999999999999993,0.0
2025-09-11 02:00:00,12895.0,12662.925,12662.0,232.075,233.0,0.017997,0.018069,2,9,Thursday,16.0,2.0,0.0
2025-09-11 03:00:00,12927.0,12654.188,12752.0,272.812,175.0,0.021104,0.013538,3,9,Thursday,15.6,2.4000000000000004,0.0
2025-09-11 04:00:00,13478.0,13169.612,13392.0,308.388,86.0,0.022881,0.006381,4,9,Thursday,15.2,2.8000000000000007,0.0
2025-09-11 05:00:00,14579.0,14109.964,14349.0,469.036,230.0,0.032172,0.015776,5,9,Thursday,14.7,3.3000000000000007,0.0
2025-09-11 06:00:00,15265.0,15053.872,15306.0,211.128,41.0,0.013831,0.002686,6,9,Thursday,14.5,3.5,0.0
2025-09-11 07:00:00,15642.0,15222.049,15521.0,419.951,121.0,0.026848,0.007736,7,9,Thursday,15.3,2.6999999999999993,0.0
2025-09-11 08:00:00,15688.0,15167.311,15469.0,520.689,219.0,0.03319,0.01396,8,9,Thursday,16.6,1.3999999999999986,0.0
2025-09-11 09:00:00,15874.0,15488.311,15499.0,385.689,375.0,0.024297,0.023624,9,9,Thursday,19.3,0.0,1.3000000000000007
2025-09-11 10:00:00,16127.0,16228.566,15681.0,101.566,446.0,0.006298,0.027655,10,9,Thursday,21.6,0.0,3.6000000000000014
2025-09-11 11:00:00,16235.0,16685.836,16013.0,450.836,222.0,0.027769,0.013674,11,9,Thursday,23.1,0.0,5.100000000000001
2025-09-11 12:00:00,16662.0,17372.768,16668.0,710.768,6.0,0.042658,0.00036,12,9,Thursday,24.0,0.0,6.0
2025-09-11 13:00:00,16944.0,17413.557,16664.0,469.557,280.0,0.027712,0.016525,13,9,Thursday,24.3,0.0,6.300000000000001
2025-09-11 14:00:00,17250.0,17398.588,16944.0,148.588,306.0,0.008614,0.017739,14,9,Thursday,23.7,0.0,5.699999999999999
2025-09-11 15:00:00,17840.0,17370.572,17600.0,469.428,240.0,0.026313,0.013453,15,9,Thursday,23.0,0.0,5.0
2025-09-11 16:00:00,18438.0,17924.393,18027.0,513.607,411.0,0.027856,0.022291,16,9,Thursday,22.6,0.0,4.600000000000001
2025-09-11 17:00:00,18484.0,17765.184,18051.0,718.816,433.0,0.038889,0.023426,17,9,Thursday,21.7,0.0,3.6999999999999993
2025-09-11 18:00:00,18296.0,17578.51,17967.0,717.49,329.0,0.039216,0.017982,18,9,Thursday,20.9,0.0,2.8999999999999986
2025-09-11 19:00:00,18269.0,17522.617,17989.0,746.383,280.0,0.040855,0.015327,19,9,Thursday,20.3,0.0,2.3000000000000007
2025-09-11 20:00:00,17504.0,17186.238,17250.0,317.762,254.0,0.018154,0.014511,20,9,Thursday,20.6,0.0,2.6000000000000014
2025-09-11 21:00:00,16219.0,15870.678,16087.0,348.322,132.0,0.021476,0.008139,21,9,Thursday,19.1,0.0,1.1000000000000014
2025-09-11 22:00:00,15119.0,14718.824,14917.0,400.176,202.0,0.026468,0.013361,22,9,Thursday,18.3,0.0,0.3000000000000007
2025-09-11 23:00:00,14284.0,13906.832,14117.0,377.168,167.0,0.026405,0.011691,23,9,Thursday,17.8,0.1999999999999993,0.0
2025-09-12 00:00:00,13635.0,13248.048,13498.0,386.952,137.0,0.028379,0.010048,0,9,Friday,17.2,0.8000000000000007,0.0
2025-09-12 01:00:00,13262.0,12811.097,13084.0,450.903,178.0,0.034,0.013422,1,9,Friday,16.8,1.1999999999999993,0.0
2025-09-12 02:00:00,13195.0,12584.04,12895.0,610.96,300.0,0.046302,0.022736,2,9,Friday,16.4,1.6000000000000014,0.0
2025-09-12 03:00:00,13319.0,12440.044,12927.0,878.956,392.0,0.065993,0.029432,3,9,Friday,15.9,2.0999999999999996,0.0
2025-09-12 04:00:00,13465.0,12971.123,13478.0,493.877,13.0,0.036679,0.000965,4,9,Friday,15.5,2.5,0.0
2025-09-12 05:00:00,14482.0,14038.178,14579.0,443.822,97.0,0.030646,0.006698,5,9,Friday,15.1,2.9000000000000004,0.0
2025-09-12 06:00:00,15525.0,14742.901,15265.0,782.099,260.0,0.050377,0.016747,6,9,Friday,14.6,3.4000000000000004,0.0
2025-09-12 07:00:00,15684.0,15029.309,15642.0,654.691,42.0,0.041743,0.002678,7,9,Friday,15.2,2.8000000000000007,0.0
2025-09-12 08:00:00,15651.0,15082.085,15688.0,568.915,37.0,0.03635,0.002364,8,9,Friday,16.1,1.8999999999999986,0.0
2025-09-12 09:00:00,15674.0,15234.107,15874.0,439.893,200.0,0.028065,0.01276,9,9,Friday,17.9,0.10000000000000142,0.0
2025-09-12 10:00:00,16005.0,15669.57,16127.0,335.43,122.0,0.020958,0.007623,10,9,Friday,19.5,0.0,1.5
2025-09-12 11:00:00,16262.0,15826.931,16235.0,435.069,27.0,0.026754,0.00166,11,9,Friday,20.8,0.0,2.8000000000000007
2025-09-12 12:00:00,16613.0,16303.646,16662.0,309.354,49.0,0.018621,0.002949,12,9,Friday,21.6,0.0,3.6000000000000014
2025-09-12 13:00:00,16813.0,16317.805,16944.0,495.195,131.0,0.029453,0.007792,13,9,Friday,21.4,0.0,3.3999999999999986
2025-09-12 14:00:00,17074.0,16428.545,17250.0,645.455,176.0,0.037803,0.010308,14,9,Friday,21.0,0.0,3.0
2025-09-12 15:00:00,17415.0,16608.818,17840.0,806.182,425.0,0.046292,0.024404,15,9,Friday,20.6,0.0,2.6000000000000014
2025-09-12 16:00:00,17999.0,16920.512,18438.0,1078.488,439.0,0.059919,0.02439,16,9,Friday,20.4,0.0,2.3999999999999986
2025-09-12 17:00:00,17879.0,17095.52,18484.0,783.48,605.0,0.043821,0.033839,17,9,Friday,20.4,0.0,2.3999999999999986
2025-09-12 18:00:00,17908.0,16893.945,18296.0,1014.055,388.0,0.056626,0.021666,18,9,Friday,19.8,0.0,1.8000000000000007
2025-09-12 19:00:00,17840.0,16845.832,18269.0,994.168,429.0,0.055727,0.024047,19,9,Friday,18.9,0.0,0.8999999999999986
2025-09-12 20:00:00,16998.0,16178.61,17504.0,819.39,506.0,0.048205,0.029768,20,9,Friday,18.3,0.0,0.3000000000000007
2025-09-12 21:00:00,15976.0,15358.736,16219.0,617.264,243.0,0.038637,0.01521,21,9,Friday,18.2,0.0,0.1999999999999993
2025-09-12 22:00:00,15004.0,14618.877,15119.0,385.123,115.0,0.025668,0.007665,22,9,Friday,17.9,0.10000000000000142,0.0
2025-09-12 23:00:00,14009.0,13824.358,14284.0,184.642,275.0,0.01318,0.01963,23,9,Friday,17.3,0.6999999999999993,0.0
2025-09-13 00:00:00,13329.0,12920.782,13635.0,408.218,306.0,0.030626,0.022957,0,9,Saturday,17.2,0.8000000000000007,0.0
2025-09-13 01:00:00,13074.0,12702.232,13262.0,371.768,188.0,0.028436,0.01438,1,9,Saturday,16.8,1.1999999999999993,0.0
2025-09-13 02:00:00,12902.0,12476.921,13195.0,425.079,293.0,0.032947,0.02271,2,9,Saturday,16.6,1.3999999999999986,0.0
2025-09-13 03:00:00,12827.0,12601.979,13319.0,225.021,492.0,0.017543,0.038357,3,9,Saturday,16.6,1.3999999999999986,0.0
2025-09-13 04:00:00,12940.0,12532.52,13465.0,407.48,525.0,0.03149,0.040572,4,9,Saturday,16.0,2.0,0.0
2025-09-13 05:00:00,13291.0,12708.84,14482.0,582.16,1191.0,0.043801,0.08961,5,9,Saturday,15.1,2.9000000000000004,0.0
2025-09-13 06:00:00,13885.0,13476.096,15525.0,408.904,1640.0,0.029449,0.118113,6,9,Saturday,15.8,2.1999999999999993,0.0
2025-09-13 07:00:00,14354.0,13770.869,15684.0,583.131,1330.0,0.040625,0.092657,7,9,Saturday,16.8,1.1999999999999993,0.0
2025-09-13 08:00:00,15172.0,13921.922,15651.0,1250.078,479.0,0.082394,0.031571,8,9,Saturday,17.8,0.1999999999999993,0.0
2025-09-13 09:00:00,15885.0,14171.164,15674.0,1713.836,211.0,0.10789,0.013283,9,9,Saturday,20.0,0.0,2.0
2025-09-13 10:00:00,16201.0,14798.167,16005.0,1402.833,196.0,0.086589,0.012098,10,9,Saturday,21.2,0.0,3.1999999999999993
2025-09-13 11:00:00,16185.0,14632.152,16262.0,1552.848,77.0,0.095944,0.004757,11,9,Saturday,20.7,0.0,2.6999999999999993
2025-09-13 12:00:00,16048.0,15098.654,16613.0,949.346,565.0,0.059157,0.035207,12,9,Saturday,21.4,0.0,3.3999999999999986
2025-09-13 13:00:00,15808.0,15405.521,16813.0,402.479,1005.0,0.02546,0.063575,13,9,Saturday,22.2,0.0,4.199999999999999
2025-09-13 14:00:00,15774.0,15532.181,17074.0,241.819,1300.0,0.01533,0.082414,14,9,Saturday,21.9,0.0,3.8999999999999986
2025-09-13 15:00:00,16276.0,15774.651,17415.0,501.349,1139.0,0.030803,0.06998,15,9,Saturday,21.6,0.0,3.6000000000000014
2025-09-13 16:00:00,16982.0,16445.986,17999.0,536.014,1017.0,0.031564,0.059887,16,9,Saturday,21.8,0.0,3.8000000000000007
2025-09-13 17:00:00,17185.0,16758.79,17879.0,426.21,694.0,0.024801,0.040384,17,9,Saturday,21.9,0.0,3.8999999999999986
2025-09-13 18:00:00,17084.0,16863.97,17908.0,220.03,824.0,0.012879,0.048232,18,9,Saturday,21.7,0.0,3.6999999999999993
2025-09-13 19:00:00,16939.0,16620.45,17840.0,318.55,901.0,0.018806,0.053191,19,9,Saturday,20.4,0.0,2.3999999999999986
2025-09-13 20:00:00,16319.0,16022.888,16998.0,296.112,679.0,0.018145,0.041608,20,9,Saturday,21.3,0.0,3.3000000000000007
2025-09-13 21:00:00,15443.0,15313.514,15976.0,129.486,533.0,0.008385,0.034514,21,9,Saturday,21.1,0.0,3.1000000000000014
2025-09-13 22:00:00,14559.0,14386.0,15004.0,173.0,445.0,0.011883,0.030565,22,9,Saturday,20.4,0.0,2.3999999999999986
2025-09-13 23:00:00,13716.0,13584.781,14009.0,131.219,293.0,0.009567,0.021362,23,9,Saturday,19.4,0.0,1.3999999999999986
2025-09-14 00:00:00,13169.0,13164.404,13329.0,4.596,160.0,0.000349,0.01215,0,9,Sunday,18.5,0.0,0.5
2025-09-14 01:00:00,12799.0,12784.354,13074.0,14.646,275.0,0.001144,0.021486,1,9,Sunday,17.8,0.1999999999999993,0.0
2025-09-14 02:00:00,12628.0,12426.209,12902.0,201.791,274.0,0.01598,0.021698,2,9,Sunday,17.3,0.6999999999999993,0.0
2025-09-14 03:00:00,12480.0,12250.621,12827.0,229.379,347.0,0.01838,0.027804,3,9,Sunday,16.8,1.1999999999999993,0.0
2025-09-14 04:00:00,12531.0,12153.815,12940.0,377.185,409.0,0.0301,0.032639,4,9,Sunday,16.2,1.8000000000000007,0.0
2025-09-14 05:00:00,12843.0,12515.034,13291.0,327.966,448.0,0.025537,0.034883,5,9,Sunday,16.1,1.8999999999999986,0.0
2025-09-14 06:00:00,13090.0,12715.708,13885.0,374.292,795.0,0.028594,0.060733,6,9,Sunday,15.8,2.1999999999999993,0.0
2025-09-14 07:00:00,13656.0,13211.34,14354.0,444.66,698.0,0.032562,0.051113,7,9,Sunday,16.8,1.1999999999999993,0.0
2025-09-14 08:00:00,14134.0,13858.76,15172.0,275.24,1038.0,0.019474,0.07344,8,9,Sunday,18.1,0.0,0.10000000000000142
2025-09-14 09:00:00,14614.0,14590.855,15885.0,23.145,1271.0,0.001584,0.086971,9,9,Sunday,20.1,0.0,2.1000000000000014
2025-09-14 10:00:00,15151.0,15196.684,16201.0,45.684,1050.0,0.003015,0.069302,10,9,Sunday,22.0,0.0,4.0
2025-09-14 11:00:00,15846.0,15622.624,16185.0,223.376,339.0,0.014097,0.021393,11,9,Sunday,23.2,0.0,5.199999999999999
2025-09-14 12:00:00,16480.0,15821.854,16048.0,658.146,432.0,0.039936,0.026214,12,9,Sunday,23.8,0.0,5.800000000000001
2025-09-14 13:00:00,16741.0,15861.17,15808.0,879.83,933.0,0.052555,0.055731,13,9,Sunday,23.9,0.0,5.899999999999999
2025-09-14 14:00:00,16804.0,15685.087,15774.0,1118.913,1030.0,0.066586,0.061295,14,9,Sunday,23.5,0.0,5.5
2025-09-14 15:00:00,17533.0,16296.811,16276.0,1236.189,1257.0,0.070506,0.071693,15,9,Sunday,23.0,0.0,5.0
2025-09-14 16:00:00,18493.0,17076.71,16982.0,1416.29,1511.0,0.076585,0.081707,16,9,Sunday,22.9,0.0,4.899999999999999
2025-09-14 17:00:00,18520.0,17247.498,17185.0,1272.502,1335.0,0.06871,0.072084,17,9,Sunday,22.3,0.0,4.300000000000001
2025-09-14 18:00:00,18421.0,17003.684,17084.0,1417.316,1337.0,0.07694,0.07258,18,9,Sunday,21.3,0.0,3.3000000000000007
2025-09-14 19:00:00,18092.0,16664.541,16939.0,1427.459,1153.0,0.0789,0.06373,19,9,Sunday,20.4,0.0,2.3999999999999986
2025-09-14 20:00:00,17214.0,16101.473,16319.0,1112.527,895.0,0.064629,0.051993,20,9,Sunday,20.2,0.0,2.1999999999999993
2025-09-14 21:00:00,16105.0,15357.455,15443.0,747.545,662.0,0.046417,0.041105,21,9,Sunday,20.0,0.0,2.0
2025-09-14 22:00:00,14996.0,14381.618,14559.0,614.382,437.0,0.04097,0.029141,22,9,Sunday,19.6,0.0,1.6000000000000014
2025-09-14 23:00:00,14105.0,13655.596,13716.0,449.404,389.0,0.031861,0.027579,23,9,Sunday,18.9,0.0,0.8999999999999986
2025-09-15 00:00:00,13399.0,13300.431,13169.0,98.569,230.0,0.007356,0.017165,0,9,Monday,17.5,0.5,0.0
2025-09-15 01:00:00,13059.0,13058.175,12799.0,0.825,260.0,6.3e-05,0.01991,1,9,Monday,17.4,0.6000000000000014,0.0
2025-09-15 02:00:00,12865.0,12973.729,12628.0,108.729,237.0,0.008452,0.018422,2,9,Monday,17.2,0.8000000000000007,0.0
2025-09-15 03:00:00,12962.0,12740.28,12480.0,221.72,482.0,0.017105,0.037186,3,9,Monday,16.8,1.1999999999999993,0.0
2025-09-15 04:00:00,13271.0,12926.923,12531.0,344.077,740.0,0.025927,0.055761,4,9,Monday,16.6,1.3999999999999986,0.0
2025-09-15 05:00:00,14439.0,13891.928,12843.0,547.072,1596.0,0.037888,0.110534,5,9,Monday,16.3,1.6999999999999993,0.0
2025-09-15 06:00:00,15644.0,14781.493,13090.0,862.507,2554.0,0.055133,0.163257,6,9,Monday,15.8,2.1999999999999993,0.0
2025-09-15 07:00:00,15801.0,15278.257,13656.0,522.743,2145.0,0.033083,0.135751,7,9,Monday,16.2,1.8000000000000007,0.0
2025-09-15 08:00:00,16048.0,15373.648,14134.0,674.352,1914.0,0.042021,0.119267,8,9,Monday,17.1,0.8999999999999986,0.0
2025-09-15 09:00:00,16358.0,15510.579,14614.0,847.421,1744.0,0.051805,0.106615,9,9,Monday,18.3,0.0,0.3000000000000007
2025-09-15 10:00:00,16426.0,15997.673,15151.0,428.327,1275.0,0.026076,0.077621,10,9,Monday,19.4,0.0,1.3999999999999986
2025-09-15 11:00:00,16802.0,16528.904,15846.0,273.096,956.0,0.016254,0.056898,11,9,Monday,20.3,0.0,2.3000000000000007
2025-09-15 12:00:00,17317.0,17120.992,16480.0,196.008,837.0,0.011319,0.048334,12,9,Monday,21.1,0.0,3.1000000000000014
2025-09-15 13:00:00,17362.0,17274.162,16741.0,87.838,621.0,0.005059,0.035768,13,9,Monday,21.7,0.0,3.6999999999999993
2025-09-15 14:00:00,17442.0,17431.53,16804.0,10.47,638.0,0.0006,0.036578,14,9,Monday,22.1,0.0,4.100000000000001
2025-09-15 15:00:00,18592.0,17589.742,17533.0,1002.258,1059.0,0.053908,0.05696,15,9,Monday,22.0,0.0,4.0
2025-09-15 16:00:00,19436.0,18062.076,18493.0,1373.924,943.0,0.07069,0.048518,16,9,Monday,21.3,0.0,3.3000000000000007
2025-09-15 17:00:00,19467.0,18070.04,18520.0,1396.96,947.0,0.07176,0.048646,17,9,Monday,20.5,0.0,2.5
2025-09-15 18:00:00,18886.0,17867.807,18421.0,1018.193,465.0,0.053913,0.024621,18,9,Monday,19.5,0.0,1.5
2025-09-15 19:00:00,18377.0,17502.604,18092.0,874.396,285.0,0.047581,0.015509,19,9,Monday,18.6,0.0,0.6000000000000014
2025-09-15 20:00:00,17664.0,16893.396,17214.0,770.604,450.0,0.043626,0.025476,20,9,Monday,18.3,0.0,0.3000000000000007
2025-09-15 21:00:00,16142.0,15898.048,16105.0,243.952,37.0,0.015113,0.002292,21,9,Monday,17.9,0.10000000000000142,0.0
2025-09-15 22:00:00,15185.0,14707.766,14996.0,477.234,189.0,0.031428,0.012446,22,9,Monday,17.5,0.5,0.0
2025-09-15 23:00:00,14133.0,14091.797,14105.0,41.203,28.0,0.002915,0.001981,23,9,Monday,17.2,0.8000000000000007,0.0
2025-09-16 00:00:00,13511.0,13212.481,13399.0,298.519,112.0,0.022095,0.00829,0,9,Tuesday,16.8,1.1999999999999993,0.0
2025-09-16 01:00:00,13144.0,12922.48,13059.0,221.521,85.0,0.016853,0.006467,1,9,Tuesday,16.1,1.8999999999999986,0.0
2025-09-16 02:00:00,12961.0,12618.718,12865.0,342.282,96.0,0.026409,0.007407,2,9,Tuesday,15.9,2.0999999999999996,0.0
2025-09-16 03:00:00,12943.0,12701.084,12962.0,241.916,19.0,0.018691,0.001468,3,9,Tuesday,15.3,2.6999999999999993,0.0
2025-09-16 04:00:00,13377.0,12993.793,13271.0,383.207,106.0,0.028647,0.007924,4,9,Tuesday,14.8,3.1999999999999993,0.0
2025-09-16 05:00:00,14282.0,14155.182,14439.0,126.818,157.0,0.00888,0.010993,5,9,Tuesday,15.3,2.6999999999999993,0.0
2025-09-16 06:00:00,15455.0,15017.311,15644.0,437.689,189.0,0.02832,0.012229,6,9,Tuesday,15.0,3.0,0.0
2025-09-16 07:00:00,15753.0,15157.681,15801.0,595.319,48.0,0.037791,0.003047,7,9,Tuesday,15.6,2.4000000000000004,0.0
2025-09-16 08:00:00,15891.0,15227.592,16048.0,663.408,157.0,0.041747,0.00988,8,9,Tuesday,16.7,1.3000000000000007,0.0
2025-09-16 09:00:00,16087.0,15681.108,16358.0,405.892,271.0,0.025231,0.016846,9,9,Tuesday,18.8,0.0,0.8000000000000007
2025-09-16 10:00:00,16472.0,16002.364,16426.0,469.636,46.0,0.028511,0.002793,10,9,Tuesday,20.4,0.0,2.3999999999999986
2025-09-16 11:00:00,16743.0,16494.998,16802.0,248.002,59.0,0.014812,0.003524,11,9,Tuesday,21.4,0.0,3.3999999999999986
2025-09-16 12:00:00,17075.0,17025.15,17317.0,49.85,242.0,0.002919,0.014173,12,9,Tuesday,22.3,0.0,4.300000000000001
2025-09-16 13:00:00,17346.0,17197.814,17362.0,148.186,16.0,0.008543,0.000922,13,9,Tuesday,22.6,0.0,4.600000000000001
2025-09-16 14:00:00,17816.0,17270.234,17442.0,545.766,374.0,0.030633,0.020992,14,9,Tuesday,22.9,0.0,4.899999999999999
2025-09-16 15:00:00,18762.0,17787.172,18592.0,974.828,170.0,0.051958,0.009061,15,9,Tuesday,23.0,0.0,5.0
2025-09-16 16:00:00,19530.0,18207.447,19436.0,1322.553,94.0,0.067719,0.004813,16,9,Tuesday,21.9,0.0,3.8999999999999986
2025-09-16 17:00:00,19447.0,18037.062,19467.0,1409.938,20.0,0.072502,0.001028,17,9,Tuesday,20.8,0.0,2.8000000000000007
2025-09-16 18:00:00,19008.0,17565.287,18886.0,1442.713,122.0,0.0759,0.006418,18,9,Tuesday,19.9,0.0,1.8999999999999986
2025-09-16 19:00:00,18657.0,17216.94,18377.0,1440.06,280.0,0.077186,0.015008,19,9,Tuesday,19.0,0.0,1.0
2025-09-16 20:00:00,17656.0,16698.508,17664.0,957.492,8.0,0.05423,0.000453,20,9,Tuesday,18.8,0.0,0.8000000000000007
2025-09-16 21:00:00,16262.0,15461.3,16142.0,800.7,120.0,0.049237,0.007379,21,9,Tuesday,18.3,0.0,0.3000000000000007
2025-09-16 22:00:00,15163.0,14722.146,15185.0,440.854,22.0,0.029074,0.001451,22,9,Tuesday,17.6,0.3999999999999986,0.0
2025-09-16 23:00:00,14143.0,13963.288,14133.0,179.712,10.0,0.012707,0.000707,23,9,Tuesday,17.3,0.6999999999999993,0.0
2025-09-17 00:00:00,13430.0,13148.799,13511.0,281.201,81.0,0.020938,0.006031,0,9,Wednesday,16.7,1.3000000000000007,0.0
2025-09-17 01:00:00,13044.0,12831.22,13144.0,212.78,100.0,0.016312,0.007666,1,9,Wednesday,16.4,1.6000000000000014,0.0
2025-09-17 02:00:00,13031.0,12499.629,12961.0,531.371,70.0,0.040777,0.005372,2,9,Wednesday,15.8,2.1999999999999993,0.0
2025-09-17 03:00:00,13087.0,12541.666,12943.0,545.334,144.0,0.04167,0.011003,3,9,Wednesday,15.5,2.5,0.0
2025-09-17 04:00:00,13537.0,13027.204,13377.0,509.796,160.0,0.037659,0.011819,4,9,Wednesday,15.5,2.5,0.0
2025-09-17 05:00:00,14677.0,13954.164,14282.0,722.836,395.0,0.04925,0.026913,5,9,Wednesday,15.0,3.0,0.0
2025-09-17 06:00:00,15535.0,14839.957,15455.0,695.043,80.0,0.04474,0.00515,6,9,Wednesday,14.5,3.5,0.0
2025-09-17 07:00:00,15721.0,15118.978,15753.0,602.022,32.0,0.038294,0.002035,7,9,Wednesday,16.2,1.8000000000000007,0.0
2025-09-17 08:00:00,15620.0,15268.156,15891.0,351.844,271.0,0.022525,0.01735,8,9,Wednesday,17.3,0.6999999999999993,0.0
2025-09-17 09:00:00,16005.0,15798.649,16087.0,206.351,82.0,0.012893,0.005123,9,9,Wednesday,19.6,0.0,1.6000000000000014
2025-09-17 10:00:00,16450.0,16364.472,16472.0,85.528,22.0,0.005199,0.001337,10,9,Wednesday,21.2,0.0,3.1999999999999993
2025-09-17 11:00:00,16832.0,16913.654,16743.0,81.654,89.0,0.004851,0.005288,11,9,Wednesday,22.5,0.0,4.5
2025-09-17 12:00:00,17539.0,17103.95,17075.0,435.05,464.0,0.024805,0.026455,12,9,Wednesday,22.8,0.0,4.800000000000001
2025-09-17 13:00:00,17827.0,17214.936,17346.0,612.064,481.0,0.034334,0.026982,13,9,Wednesday,23.1,0.0,5.100000000000001
2025-09-17 14:00:00,18227.0,17563.924,17816.0,663.076,411.0,0.036379,0.022549,14,9,Wednesday,23.4,0.0,5.399999999999999
2025-09-17 15:00:00,18967.0,17878.492,18762.0,1088.508,205.0,0.05739,0.010808,15,9,Wednesday,23.4,0.0,5.399999999999999
2025-09-17 16:00:00,19536.0,18592.219,19530.0,943.781,6.0,0.04831,0.000307,16,9,Wednesday,22.7,0.0,4.699999999999999
2025-09-17 17:00:00,19544.0,18387.455,19447.0,1156.545,97.0,0.059176,0.004963,17,9,Wednesday,21.4,0.0,3.3999999999999986
2025-09-17 18:00:00,19342.0,18051.117,19008.0,1290.883,334.0,0.06674,0.017268,18,9,Wednesday,20.4,0.0,2.3999999999999986
2025-09-17 19:00:00,18950.0,17361.504,18657.0,1588.496,293.0,0.083826,0.015462,19,9,Wednesday,19.1,0.0,1.1000000000000014
2025-09-17 20:00:00,18062.0,16746.922,17656.0,1315.078,406.0,0.072809,0.022478,20,9,Wednesday,18.5,0.0,0.5
2025-09-17 21:00:00,16727.0,15688.104,16262.0,1038.896,465.0,0.062109,0.027799,21,9,Wednesday,18.2,0.0,0.1999999999999993
2025-09-17 22:00:00,15503.0,14648.648,15163.0,854.352,340.0,0.055109,0.021931,22,9,Wednesday,17.8,0.1999999999999993,0.0
2025-09-17 23:00:00,14412.0,13958.267,14143.0,453.733,269.0,0.031483,0.018665,23,9,Wednesday,17.6,0.3999999999999986,0.0
2025-09-18 00:00:00,13777.0,13308.87,13430.0,468.13,347.0,0.033979,0.025187,0,9,Thursday,17.2,0.8000000000000007,0.0
2025-09-18 01:00:00,13519.0,12801.379,13044.0,717.621,475.0,0.053082,0.035136,1,9,Thursday,16.4,1.6000000000000014,0.0
2025-09-18 02:00:00,13284.0,12755.766,13031.0,528.234,253.0,0.039765,0.019045,2,9,Thursday,16.1,1.8999999999999986,0.0
2025-09-18 03:00:00,13241.0,12825.031,13087.0,415.969,154.0,0.031415,0.011631,3,9,Thursday,16.2,1.8000000000000007,0.0
2025-09-18 04:00:00,13617.0,13157.019,13537.0,459.981,80.0,0.03378,0.005875,4,9,Thursday,15.5,2.5,0.0
2025-09-18 05:00:00,14560.0,14200.811,14677.0,359.189,117.0,0.02467,0.008036,5,9,Thursday,15.4,2.5999999999999996,0.0
2025-09-18 06:00:00,15635.0,14922.934,15535.0,712.066,100.0,0.045543,0.006396,6,9,Thursday,14.9,3.0999999999999996,0.0
2025-09-18 07:00:00,15883.0,15073.247,15721.0,809.753,162.0,0.050982,0.0102,7,9,Thursday,15.7,2.3000000000000007,0.0
2025-09-18 08:00:00,16128.0,15177.731,15620.0,950.269,508.0,0.05892,0.031498,8,9,Thursday,17.5,0.5,0.0
2025-09-18 09:00:00,16605.0,15991.508,16005.0,613.492,600.0,0.036946,0.036134,9,9,Thursday,20.3,0.0,2.3000000000000007
2025-09-18 10:00:00,17061.0,17019.885,16450.0,41.115,611.0,0.00241,0.035813,10,9,Thursday,23.1,0.0,5.100000000000001
2025-09-18 11:00:00,17400.0,17801.691,16832.0,401.691,568.0,0.023086,0.032644,11,9,Thursday,24.9,0.0,6.899999999999999
2025-09-18 12:00:00,18212.0,18498.367,17539.0,286.367,673.0,0.015724,0.036954,12,9,Thursday,25.5,0.0,7.5
2025-09-18 13:00:00,18469.0,18700.127,17827.0,231.127,642.0,0.012514,0.034761,13,9,Thursday,25.9,0.0,7.899999999999999
2025-09-18 14:00:00,18930.0,18902.598,18227.0,27.402,703.0,0.001448,0.037137,14,9,Thursday,25.8,0.0,7.800000000000001
2025-09-18 15:00:00,19668.0,19235.729,18967.0,432.271,701.0,0.021978,0.035642,15,9,Thursday,25.7,0.0,7.699999999999999
2025-09-18 16:00:00,19931.0,20179.76,19536.0,248.76,395.0,0.012481,0.019818,16,9,Thursday,26.4,0.0,8.399999999999999
2025-09-18 17:00:00,19641.0,20067.85,19544.0,426.85,97.0,0.021733,0.004939,17,9,Thursday,25.7,0.0,7.699999999999999
2025-09-18 18:00:00,19416.0,18917.04,19342.0,498.96,74.0,0.025698,0.003811,18,9,Thursday,23.4,0.0,5.399999999999999
2025-09-18 19:00:00,19305.0,18602.191,18950.0,702.809,355.0,0.036406,0.018389,19,9,Thursday,21.9,0.0,3.8999999999999986
2025-09-18 20:00:00,18235.0,17668.186,18062.0,566.814,173.0,0.031084,0.009487,20,9,Thursday,21.0,0.0,3.0
2025-09-18 21:00:00,16920.0,16461.432,16727.0,458.568,193.0,0.027102,0.011407,21,9,Thursday,19.7,0.0,1.6999999999999993
2025-09-18 22:00:00,15708.0,15198.039,15503.0,509.961,205.0,0.032465,0.013051,22,9,Thursday,19.0,0.0,1.0
2025-09-18 23:00:00,14711.0,14327.259,14412.0,383.741,299.0,0.026085,0.020325,23,9,Thursday,18.3,0.0,0.3000000000000007
2025-09-19 00:00:00,13985.0,13515.198,13777.0,469.802,208.0,0.033593,0.014873,0,9,Friday,17.8,0.1999999999999993,0.0
2025-09-19 01:00:00,13659.0,13210.396,13519.0,448.604,140.0,0.032843,0.01025,1,9,Friday,17.3,0.6999999999999993,0.0
2025-09-19 02:00:00,13445.0,12929.494,13284.0,515.506,161.0,0.038342,0.011975,2,9,Friday,16.5,1.5,0.0
2025-09-19 03:00:00,13280.0,12859.646,13241.0,420.354,39.0,0.031653,0.002937,3,9,Friday,15.7,2.3000000000000007,0.0
2025-09-19 04:00:00,13733.0,13130.323,13617.0,602.677,116.0,0.043885,0.008447,4,9,Friday,14.9,3.0999999999999996,0.0
2025-09-19 05:00:00,14747.0,14121.037,14560.0,625.963,187.0,0.042447,0.012681,5,9,Friday,14.2,3.8000000000000007,0.0
2025-09-19 06:00:00,15742.0,14910.416,15635.0,831.584,107.0,0.052826,0.006797,6,9,Friday,13.6,4.4,0.0
2025-09-19 07:00:00,16082.0,15117.946,15883.0,964.054,199.0,0.059946,0.012374,7,9,Friday,13.7,4.300000000000001,0.0
2025-09-19 08:00:00,15975.0,15182.607,16128.0,792.393,153.0,0.049602,0.009577,8,9,Friday,15.6,2.4000000000000004,0.0
2025-09-19 09:00:00,16025.0,15430.73,16605.0,594.27,580.0,0.037084,0.036193,9,9,Friday,17.1,0.8999999999999986,0.0
2025-09-19 10:00:00,15982.0,15887.785,17061.0,94.215,1079.0,0.005895,0.067513,10,9,Friday,18.6,0.0,0.6000000000000014
2025-09-19 11:00:00,16114.0,16109.361,17400.0,4.639,1286.0,0.000288,0.079806,11,9,Friday,19.9,0.0,1.8999999999999986
2025-09-19 12:00:00,16218.0,16603.42,18212.0,385.42,1994.0,0.023765,0.12295,12,9,Friday,20.5,0.0,2.5
2025-09-19 13:00:00,16496.0,16549.268,18469.0,53.268,1973.0,0.003229,0.119605,13,9,Friday,20.2,0.0,2.1999999999999993
2025-09-19 14:00:00,16637.0,16675.291,18930.0,38.291,2293.0,0.002302,0.137825,14,9,Friday,20.1,0.0,2.1000000000000014
2025-09-19 15:00:00,17164.0,17077.752,19668.0,86.248,2504.0,0.005025,0.145887,15,9,Friday,20.2,0.0,2.1999999999999993
2025-09-19 16:00:00,17872.0,17447.355,19931.0,424.645,2059.0,0.02376,0.115208,16,9,Friday,19.9,0.0,1.8999999999999986
2025-09-19 17:00:00,17798.0,17338.664,19641.0,459.336,1843.0,0.025808,0.103551,17,9,Friday,19.1,0.0,1.1000000000000014
2025-09-19 18:00:00,17680.0,16944.953,19416.0,735.047,1736.0,0.041575,0.09819,18,9,Friday,18.3,0.0,0.3000000000000007
2025-09-19 19:00:00,17333.0,17013.025,19305.0,319.975,1972.0,0.01846,0.113771,19,9,Friday,17.7,0.3000000000000007,0.0
2025-09-19 20:00:00,16388.0,16457.441,18235.0,69.441,1847.0,0.004237,0.112704,20,9,Friday,17.2,0.8000000000000007,0.0
2025-09-19 21:00:00,15443.0,15602.136,16920.0,159.136,1477.0,0.010305,0.095642,21,9,Friday,17.2,0.8000000000000007,0.0
2025-09-19 22:00:00,14419.0,14742.36,15708.0,323.36,1289.0,0.022426,0.089396,22,9,Friday,16.2,1.8000000000000007,0.0
2025-09-19 23:00:00,13595.0,13993.52,14711.0,398.52,1116.0,0.029314,0.082089,23,9,Friday,15.8,2.1999999999999993,0.0
2025-09-20 00:00:00,13139.0,13011.068,13985.0,127.932,846.0,0.009737,0.064388,0,9,Saturday,15.6,2.4000000000000004,0.0
2025-09-20 01:00:00,12741.0,12667.699,13659.0,73.301,918.0,0.005753,0.072051,1,9,Saturday,15.2,2.8000000000000007,0.0
2025-09-20 02:00:00,12455.0,12568.473,13445.0,113.473,990.0,0.009111,0.079486,2,9,Saturday,14.4,3.5999999999999996,0.0
2025-09-20 03:00:00,12472.0,12459.488,13280.0,12.512,808.0,0.001003,0.064785,3,9,Saturday,13.8,4.199999999999999,0.0
2025-09-20 04:00:00,12587.0,12480.244,13733.0,106.756,1146.0,0.008481,0.091046,4,9,Saturday,13.2,4.800000000000001,0.0
2025-09-20 05:00:00,12975.0,12895.699,14747.0,79.301,1772.0,0.006112,0.13657,5,9,Saturday,12.6,5.4,0.0
2025-09-20 06:00:00,13511.0,13621.58,15742.0,110.58,2231.0,0.008184,0.165125,6,9,Saturday,12.2,5.800000000000001,0.0
2025-09-20 07:00:00,13776.0,14030.76,16082.0,254.76,2306.0,0.018493,0.167393,7,9,Saturday,12.4,5.6,0.0
2025-09-20 08:00:00,14038.0,14066.337,15975.0,28.337,1937.0,0.002019,0.137983,8,9,Saturday,13.2,4.800000000000001,0.0
2025-09-20 09:00:00,14014.0,14369.543,16025.0,355.543,2011.0,0.025371,0.143499,9,9,Saturday,14.2,3.8000000000000007,0.0
2025-09-20 10:00:00,14280.0,14366.967,15982.0,86.967,1702.0,0.00609,0.119188,10,9,Saturday,14.9,3.0999999999999996,0.0
2025-09-20 11:00:00,14392.0,14472.435,16114.0,80.435,1722.0,0.005589,0.11965,11,9,Saturday,15.5,2.5,0.0
2025-09-20 12:00:00,14260.0,14498.891,16218.0,238.891,1958.0,0.016753,0.137307,12,9,Saturday,15.8,2.1999999999999993,0.0
2025-09-20 13:00:00,14158.0,14467.893,16496.0,309.893,2338.0,0.021888,0.165136,13,9,Saturday,16.4,1.6000000000000014,0.0
2025-09-20 14:00:00,14604.0,14556.193,16637.0,47.807,2033.0,0.003274,0.139208,14,9,Saturday,16.9,1.1000000000000014,0.0
2025-09-20 15:00:00,15278.0,15135.735,17164.0,142.265,1886.0,0.009312,0.123445,15,9,Saturday,17.0,1.0,0.0
2025-09-20 16:00:00,16005.0,15835.025,17872.0,169.975,1867.0,0.01062,0.116651,16,9,Saturday,16.8,1.1999999999999993,0.0
2025-09-20 17:00:00,16056.0,15941.849,17798.0,114.151,1742.0,0.00711,0.108495,17,9,Saturday,16.2,1.8000000000000007,0.0
2025-09-20 18:00:00,15775.0,15791.723,17680.0,16.723,1905.0,0.00106,0.120761,18,9,Saturday,15.2,2.8000000000000007,0.0
2025-09-20 19:00:00,15453.0,15661.539,17333.0,208.539,1880.0,0.013495,0.121659,19,9,Saturday,15.0,3.0,0.0
2025-09-20 20:00:00,14915.0,15152.993,16388.0,237.993,1473.0,0.015957,0.09876,20,9,Saturday,15.0,3.0,0.0
2025-09-20 21:00:00,14126.0,14473.663,15443.0,347.663,1317.0,0.024612,0.093232,21,9,Saturday,15.2,2.8000000000000007,0.0
2025-09-20 22:00:00,13576.0,13614.48,14419.0,38.479,843.0,0.002834,0.062095,22,9,Saturday,15.4,2.5999999999999996,0.0
2025-09-20 23:00:00,12984.0,12946.067,13595.0,37.933,611.0,0.002922,0.047058,23,9,Saturday,15.4,2.5999999999999996,0.0
2025-09-21 00:00:00,12507.0,12587.4,13139.0,80.4,632.0,0.006428,0.050532,0,9,Sunday,15.4,2.5999999999999996,0.0
2025-09-21 01:00:00,12436.0,12247.043,12741.0,188.957,305.0,0.015194,0.024526,1,9,Sunday,15.4,2.5999999999999996,0.0
2025-09-21 02:00:00,12151.0,11885.884,12455.0,265.116,304.0,0.021818,0.025019,2,9,Sunday,15.2,2.8000000000000007,0.0
2025-09-21 03:00:00,12267.0,11870.612,12472.0,396.388,205.0,0.032313,0.016712,3,9,Sunday,14.9,3.0999999999999996,0.0
2025-09-21 04:00:00,12020.0,11922.165,12587.0,97.835,567.0,0.008139,0.047171,4,9,Sunday,14.7,3.3000000000000007,0.0
2025-09-21 05:00:00,12496.0,12217.972,12975.0,278.028,479.0,0.022249,0.038332,5,9,Sunday,14.7,3.3000000000000007,0.0
2025-09-21 06:00:00,12874.0,12548.093,13511.0,325.907,637.0,0.025315,0.04948,6,9,Sunday,14.8,3.1999999999999993,0.0
2025-09-21 07:00:00,13345.0,12860.499,13776.0,484.501,431.0,0.036306,0.032297,7,9,Sunday,15.3,2.6999999999999993,0.0
2025-09-21 08:00:00,13938.0,13219.865,14038.0,718.135,100.0,0.051524,0.007175,8,9,Sunday,16.3,1.6999999999999993,0.0
2025-09-21 09:00:00,14321.0,13537.872,14014.0,783.128,307.0,0.054684,0.021437,9,9,Sunday,17.9,0.10000000000000142,0.0
2025-09-21 10:00:00,14581.0,14025.782,14280.0,555.218,301.0,0.038078,0.020643,10,9,Sunday,19.5,0.0,1.5
2025-09-21 11:00:00,15211.0,14515.598,14392.0,695.402,819.0,0.045717,0.053843,11,9,Sunday,20.8,0.0,2.8000000000000007
2025-09-21 12:00:00,15779.0,14513.375,14260.0,1265.625,1519.0,0.080209,0.096267,12,9,Sunday,21.8,0.0,3.8000000000000007
2025-09-21 13:00:00,15957.0,14570.808,14158.0,1386.192,1799.0,0.08687,0.11274,13,9,Sunday,22.4,0.0,4.399999999999999
2025-09-21 14:00:00,16511.0,14925.22,14604.0,1585.78,1907.0,0.096044,0.115499,14,9,Sunday,22.4,0.0,4.399999999999999
2025-09-21 15:00:00,16986.0,15767.334,15278.0,1218.666,1708.0,0.071745,0.100553,15,9,Sunday,22.1,0.0,4.100000000000001
2025-09-21 16:00:00,17860.0,16370.352,16005.0,1489.648,1855.0,0.083407,0.103863,16,9,Sunday,21.2,0.0,3.1999999999999993
2025-09-21 17:00:00,17764.0,16433.959,16056.0,1330.041,1708.0,0.074873,0.09615,17,9,Sunday,20.9,0.0,2.8999999999999986
2025-09-21 18:00:00,17467.0,16210.699,15775.0,1256.301,1692.0,0.071924,0.096868,18,9,Sunday,20.2,0.0,2.1999999999999993
2025-09-21 19:00:00,17253.0,16058.093,15453.0,1194.907,1800.0,0.069258,0.10433,19,9,Sunday,19.7,0.0,1.6999999999999993
2025-09-21 20:00:00,16589.0,15495.351,14915.0,1093.649,1674.0,0.065926,0.10091,20,9,Sunday,18.9,0.0,0.8999999999999986
2025-09-21 21:00:00,15430.0,14611.359,14126.0,818.641,1304.0,0.053055,0.084511,21,9,Sunday,19.3,0.0,1.3000000000000007
2025-09-21 22:00:00,14809.0,13805.352,13576.0,1003.648,1233.0,0.067773,0.08326,22,9,Sunday,19.1,0.0,1.1000000000000014
2025-09-21 23:00:00,14019.0,13273.63,12984.0,745.37,1035.0,0.053169,0.073828,23,9,Sunday,18.8,0.0,0.8000000000000007
2025-09-22 00:00:00,13507.0,13234.109,12507.0,272.891,1000.0,0.020204,0.074036,0,9,Monday,19.1,0.0,1.1000000000000014
2025-09-22 01:00:00,13233.0,13061.823,12436.0,171.177,797.0,0.012936,0.060228,1,9,Monday,18.9,0.0,0.8999999999999986
2025-09-22 02:00:00,13044.0,12877.277,12151.0,166.723,893.0,0.012782,0.068461,2,9,Monday,18.6,0.0,0.6000000000000014
2025-09-22 03:00:00,13349.0,12992.55,12267.0,356.45,1082.0,0.026702,0.081055,3,9,Monday,18.9,0.0,0.8999999999999986
2025-09-22 04:00:00,13956.0,12974.374,12020.0,981.626,1936.0,0.070337,0.138722,4,9,Monday,18.8,0.0,0.8000000000000007
2025-09-22 05:00:00,15089.0,14086.08,12496.0,1002.92,2593.0,0.066467,0.171847,5,9,Monday,18.5,0.0,0.5
2025-09-22 06:00:00,16364.0,14986.774,12874.0,1377.226,3490.0,0.084162,0.213273,6,9,Monday,18.3,0.0,0.3000000000000007
2025-09-22 07:00:00,16782.0,15389.509,13345.0,1392.491,3437.0,0.082975,0.204803,7,9,Monday,18.7,0.0,0.6999999999999993
2025-09-22 08:00:00,17132.0,15900.706,13938.0,1231.294,3194.0,0.071871,0.186435,8,9,Monday,19.8,0.0,1.8000000000000007
2025-09-22 09:00:00,17478.0,16251.414,14321.0,1226.586,3157.0,0.070179,0.180627,9,9,Monday,20.9,0.0,2.8999999999999986
2025-09-22 10:00:00,17657.0,16378.866,14581.0,1278.134,3076.0,0.072387,0.174209,10,9,Monday,21.5,0.0,3.5
2025-09-22 11:00:00,17854.0,16735.148,15211.0,1118.852,2643.0,0.062667,0.148034,11,9,Monday,21.7,0.0,3.6999999999999993
2025-09-22 12:00:00,18192.0,16998.059,15779.0,1193.941,2413.0,0.06563,0.132641,12,9,Monday,22.6,0.0,4.600000000000001
2025-09-22 13:00:00,18360.0,17201.9,15957.0,1158.1,2403.0,0.063077,0.130882,13,9,Monday,23.2,0.0,5.199999999999999
2025-09-22 14:00:00,18726.0,17829.004,16511.0,896.996,2215.0,0.047901,0.118285,14,9,Monday,23.7,0.0,5.699999999999999
2025-09-22 15:00:00,19111.0,17507.893,16986.0,1603.107,2125.0,0.083884,0.111193,15,9,Monday,21.4,0.0,3.3999999999999986
2025-09-22 16:00:00,19464.0,18062.207,17860.0,1401.793,1604.0,0.07202,0.082409,16,9,Monday,21.3,0.0,3.3000000000000007
2025-09-22 17:00:00,18893.0,18235.553,17764.0,657.447,1129.0,0.034798,0.059758,17,9,Monday,21.8,0.0,3.8000000000000007
2025-09-22 18:00:00,18842.0,18171.117,17467.0,670.883,1375.0,0.035606,0.072975,18,9,Monday,21.3,0.0,3.3000000000000007
2025-09-22 19:00:00,18520.0,18120.887,17253.0,399.113,1267.0,0.02155,0.068413,19,9,Monday,20.9,0.0,2.8999999999999986
2025-09-22 20:00:00,17720.0,17353.129,16589.0,366.871,1131.0,0.020704,0.063826,20,9,Monday,19.5,0.0,1.5
2025-09-22 21:00:00,16829.0,16068.115,15430.0,760.885,1399.0,0.045213,0.08313,21,9,Monday,19.4,0.0,1.3999999999999986
2025-09-22 22:00:00,15833.0,15191.501,14809.0,641.499,1024.0,0.040517,0.064675,22,9,Monday,19.2,0.0,1.1999999999999993
2025-09-22 23:00:00,14934.0,14354.657,14019.0,579.343,915.0,0.038794,0.06127,23,9,Monday,19.2,0.0,1.1999999999999993
2025-09-23 00:00:00,14317.0,13790.807,13507.0,526.193,810.0,0.036753,0.056576,0,9,Tuesday,19.1,0.0,1.1000000000000014
2025-09-23 01:00:00,13834.0,13462.014,13233.0,371.986,601.0,0.026889,0.043444,1,9,Tuesday,18.9,0.0,0.8999999999999986
2025-09-23 02:00:00,13548.0,13444.931,13044.0,103.069,504.0,0.007608,0.037201,2,9,Tuesday,18.8,0.0,0.8000000000000007
2025-09-23 03:00:00,13556.0,13587.994,13349.0,31.994,207.0,0.00236,0.01527,3,9,Tuesday,18.7,0.0,0.6999999999999993
2025-09-23 04:00:00,14178.0,13945.657,13956.0,232.343,222.0,0.016388,0.015658,4,9,Tuesday,18.5,0.0,0.5
2025-09-23 05:00:00,15465.0,14960.382,15089.0,504.618,376.0,0.03263,0.024313,5,9,Tuesday,18.6,0.0,0.6000000000000014
2025-09-23 06:00:00,16472.0,15687.494,16364.0,784.506,108.0,0.047627,0.006557,6,9,Tuesday,18.5,0.0,0.5
2025-09-23 07:00:00,17071.0,15948.918,16782.0,1122.082,289.0,0.06573,0.016929,7,9,Tuesday,18.8,0.0,0.8000000000000007
2025-09-23 08:00:00,17288.0,16331.906,17132.0,956.094,156.0,0.055304,0.009024,8,9,Tuesday,19.5,0.0,1.5
2025-09-23 09:00:00,17374.0,16471.533,17478.0,902.467,104.0,0.051944,0.005986,9,9,Tuesday,20.3,0.0,2.3000000000000007
2025-09-23 10:00:00,17626.0,16843.781,17657.0,782.219,31.0,0.044379,0.001759,10,9,Tuesday,21.1,0.0,3.1000000000000014
2025-09-23 11:00:00,18101.0,17293.5,17854.0,807.5,247.0,0.044611,0.013646,11,9,Tuesday,22.6,0.0,4.600000000000001
2025-09-23 12:00:00,18456.0,17538.715,18192.0,917.285,264.0,0.049701,0.014304,12,9,Tuesday,23.3,0.0,5.300000000000001
2025-09-23 13:00:00,18680.0,17722.615,18360.0,957.385,320.0,0.051252,0.017131,13,9,Tuesday,23.5,0.0,5.5
2025-09-23 14:00:00,18787.0,17833.37,18726.0,953.63,61.0,0.05076,0.003247,14,9,Tuesday,23.4,0.0,5.399999999999999
2025-09-23 15:00:00,19059.0,18095.916,19111.0,963.084,52.0,0.050532,0.002728,15,9,Tuesday,23.2,0.0,5.199999999999999
2025-09-23 16:00:00,19379.0,18623.928,19464.0,755.072,85.0,0.038963,0.004386,16,9,Tuesday,22.4,0.0,4.399999999999999
2025-09-23 17:00:00,18609.0,17951.63,18893.0,657.37,284.0,0.035325,0.015261,17,9,Tuesday,20.4,0.0,2.3999999999999986
2025-09-23 18:00:00,18854.0,17765.244,18842.0,1088.756,12.0,0.057747,0.000636,18,9,Tuesday,19.9,0.0,1.8999999999999986
2025-09-23 19:00:00,18854.0,17729.523,18520.0,1124.477,334.0,0.059641,0.017715,19,9,Tuesday,19.4,0.0,1.3999999999999986
2025-09-23 20:00:00,18180.0,17448.768,17720.0,731.232,460.0,0.040222,0.025303,20,9,Tuesday,20.3,0.0,2.3000000000000007
2025-09-23 21:00:00,16998.0,16561.367,16829.0,436.633,169.0,0.025687,0.009942,21,9,Tuesday,20.1,0.0,2.1000000000000014
2025-09-23 22:00:00,15864.0,15781.092,15833.0,82.908,31.0,0.005226,0.001954,22,9,Tuesday,20.0,0.0,2.0
2025-09-23 23:00:00,14819.0,14968.712,14934.0,149.712,115.0,0.010103,0.00776,23,9,Tuesday,19.9,0.0,1.8999999999999986
2025-09-24 00:00:00,14133.0,14297.847,14317.0,164.847,184.0,0.011664,0.013019,0,9,Wednesday,19.4,0.0,1.3999999999999986
2025-09-24 01:00:00,13766.0,13762.698,13834.0,3.302,68.0,0.00024,0.00494,1,9,Wednesday,19.1,0.0,1.1000000000000014
2025-09-24 02:00:00,13548.0,13538.391,13548.0,9.609,0.0,0.000709,0.0,2,9,Wednesday,18.7,0.0,0.6999999999999993
2025-09-24 03:00:00,13511.0,13471.013,13556.0,39.987,45.0,0.00296,0.003331,3,9,Wednesday,18.4,0.0,0.3999999999999986
2025-09-24 04:00:00,13964.0,14101.645,14178.0,137.645,214.0,0.009857,0.015325,4,9,Wednesday,18.5,0.0,0.5
2025-09-24 05:00:00,15233.0,15036.469,15465.0,196.531,232.0,0.012902,0.01523,5,9,Wednesday,18.5,0.0,0.5
2025-09-24 06:00:00,16517.0,15687.47,16472.0,829.53,45.0,0.050223,0.002724,6,9,Wednesday,18.6,0.0,0.6000000000000014
2025-09-24 07:00:00,16996.0,16254.515,17071.0,741.485,75.0,0.043627,0.004413,7,9,Wednesday,19.2,0.0,1.1999999999999993
2025-09-24 08:00:00,17188.0,15865.868,17288.0,1322.132,100.0,0.076922,0.005818,8,9,Wednesday,18.2,0.0,0.1999999999999993
2025-09-24 09:00:00,17413.0,16124.589,17374.0,1288.411,39.0,0.073991,0.00224,9,9,Wednesday,19.2,0.0,1.1999999999999993
2025-09-24 10:00:00,17395.0,16390.74,17626.0,1004.26,231.0,0.057733,0.01328,10,9,Wednesday,20.2,0.0,2.1999999999999993
2025-09-24 11:00:00,17445.0,16598.314,18101.0,846.686,656.0,0.048535,0.037604,11,9,Wednesday,20.3,0.0,2.3000000000000007
2025-09-24 12:00:00,17535.0,16624.688,18456.0,910.312,921.0,0.051914,0.052524,12,9,Wednesday,20.1,0.0,2.1000000000000014
2025-09-24 13:00:00,17711.0,16973.791,18680.0,737.209,969.0,0.041624,0.054712,13,9,Wednesday,20.6,0.0,2.6000000000000014
2025-09-24 14:00:00,17948.0,17110.85,18787.0,837.15,839.0,0.046643,0.046746,14,9,Wednesday,20.8,0.0,2.8000000000000007
2025-09-24 15:00:00,18039.0,17121.154,19059.0,917.846,1020.0,0.050881,0.056544,15,9,Wednesday,20.1,0.0,2.1000000000000014
2025-09-24 16:00:00,18324.0,17662.959,19379.0,661.041,1055.0,0.036075,0.057575,16,9,Wednesday,19.6,0.0,1.6000000000000014
2025-09-24 17:00:00,18041.0,17446.09,18609.0,594.91,568.0,0.032975,0.031484,17,9,Wednesday,19.2,0.0,1.1999999999999993
2025-09-24 18:00:00,18417.0,17431.66,18854.0,985.34,437.0,0.053502,0.023728,18,9,Wednesday,19.1,0.0,1.1000000000000014
2025-09-24 19:00:00,18053.0,17261.76,18854.0,791.24,801.0,0.043829,0.044369,19,9,Wednesday,18.4,0.0,0.3999999999999986
2025-09-24 20:00:00,17492.0,17430.814,18180.0,61.186,688.0,0.003498,0.039332,20,9,Wednesday,19.3,0.0,1.3000000000000007
2025-09-24 21:00:00,16379.0,16344.176,16998.0,34.824,619.0,0.002126,0.037792,21,9,Wednesday,19.0,0.0,1.0
2025-09-24 22:00:00,15523.0,15164.843,15864.0,358.157,341.0,0.023073,0.021967,22,9,Wednesday,18.0,0.0,0.0
2025-09-24 23:00:00,14566.0,14444.583,14819.0,121.417,253.0,0.008336,0.017369,23,9,Wednesday,17.8,0.1999999999999993,0.0
2025-09-25 00:00:00,13962.0,13831.315,14133.0,130.685,171.0,0.00936,0.012248,0,9,Thursday,17.5,0.5,0.0
2025-09-25 01:00:00,13614.0,13508.047,13766.0,105.953,152.0,0.007783,0.011165,1,9,Thursday,17.5,0.5,0.0
2025-09-25 02:00:00,13419.0,13339.526,13548.0,79.474,129.0,0.005922,0.009613,2,9,Thursday,17.7,0.3000000000000007,0.0
2025-09-25 03:00:00,13431.0,13342.228,13511.0,88.772,80.0,0.006609,0.005956,3,9,Thursday,17.7,0.3000000000000007,0.0
2025-09-25 04:00:00,13980.0,13757.394,13964.0,222.606,16.0,0.015923,0.001144,4,9,Thursday,17.9,0.10000000000000142,0.0
2025-09-25 05:00:00,14921.0,14797.395,15233.0,123.605,312.0,0.008284,0.02091,5,9,Thursday,18.0,0.0,0.0
2025-09-25 06:00:00,16380.0,15513.462,16517.0,866.538,137.0,0.052902,0.008364,6,9,Thursday,18.0,0.0,0.0
2025-09-25 07:00:00,16970.0,15839.511,16996.0,1130.489,26.0,0.066617,0.001532,7,9,Thursday,18.1,0.0,0.10000000000000142
2025-09-25 08:00:00,17189.0,15894.141,17188.0,1294.859,1.0,0.075331,5.8e-05,8,9,Thursday,18.0,0.0,0.0
2025-09-25 09:00:00,17235.0,15904.867,17413.0,1330.133,178.0,0.077176,0.010328,9,9,Thursday,18.0,0.0,0.0
2025-09-25 10:00:00,17331.0,15996.72,17395.0,1334.28,64.0,0.076988,0.003693,10,9,Thursday,18.2,0.0,0.1999999999999993
2025-09-25 11:00:00,17469.0,16061.325,17445.0,1407.675,24.0,0.080581,0.001374,11,9,Thursday,18.5,0.0,0.5
2025-09-25 12:00:00,17420.0,16330.115,17535.0,1089.885,115.0,0.062565,0.006602,12,9,Thursday,19.2,0.0,1.1999999999999993
2025-09-25 13:00:00,17358.0,16460.125,17711.0,897.875,353.0,0.051727,0.020336,13,9,Thursday,20.0,0.0,2.0
2025-09-25 14:00:00,17538.0,16716.787,17948.0,821.213,410.0,0.046825,0.023378,14,9,Thursday,20.7,0.0,2.6999999999999993
2025-09-25 15:00:00,17738.0,17164.467,18039.0,573.533,301.0,0.032334,0.016969,15,9,Thursday,21.3,0.0,3.3000000000000007
2025-09-25 16:00:00,18055.0,17733.691,18324.0,321.309,269.0,0.017796,0.014899,16,9,Thursday,21.2,0.0,3.1999999999999993
2025-09-25 17:00:00,17986.0,17478.36,18041.0,507.64,55.0,0.028224,0.003058,17,9,Thursday,20.9,0.0,2.8999999999999986
2025-09-25 18:00:00,18181.0,17470.346,18417.0,710.654,236.0,0.039088,0.012981,18,9,Thursday,20.0,0.0,2.0
2025-09-25 19:00:00,17947.0,17332.934,18053.0,614.066,106.0,0.034216,0.005906,19,9,Thursday,19.4,0.0,1.3999999999999986
2025-09-25 20:00:00,17253.0,16773.344,17492.0,479.656,239.0,0.027801,0.013853,20,9,Thursday,18.7,0.0,0.6999999999999993
2025-09-25 21:00:00,16270.0,15760.252,16379.0,509.748,109.0,0.031331,0.006699,21,9,Thursday,17.8,0.1999999999999993,0.0
2025-09-25 22:00:00,15371.0,14922.39,15523.0,448.61,152.0,0.029185,0.009889,22,9,Thursday,17.3,0.6999999999999993,0.0
2025-09-25 23:00:00,14311.0,14242.396,14566.0,68.604,255.0,0.004794,0.017818,23,9,Thursday,16.9,1.1000000000000014,0.0
2025-09-26 00:00:00,13795.0,13611.302,13962.0,183.698,167.0,0.013316,0.012106,0,9,Friday,16.5,1.5,0.0
2025-09-26 01:00:00,13507.0,13212.832,13614.0,294.168,107.0,0.021779,0.007922,1,9,Friday,16.6,1.3999999999999986,0.0
2025-09-26 02:00:00,13318.0,13079.704,13419.0,238.296,101.0,0.017893,0.007584,2,9,Friday,16.6,1.3999999999999986,0.0
2025-09-26 03:00:00,13185.0,13047.923,13431.0,137.077,246.0,0.010396,0.018658,3,9,Friday,16.0,2.0,0.0
2025-09-26 04:00:00,13355.0,13495.022,13980.0,140.022,625.0,0.010485,0.046799,4,9,Friday,15.6,2.4000000000000004,0.0
2025-09-26 05:00:00,14442.0,14385.492,14921.0,56.508,479.0,0.003913,0.033167,5,9,Friday,15.3,2.6999999999999993,0.0
2025-09-26 06:00:00,15491.0,15271.009,16380.0,219.991,889.0,0.014201,0.057388,6,9,Friday,15.1,2.9000000000000004,0.0
2025-09-26 07:00:00,16092.0,15596.265,16970.0,495.735,878.0,0.030806,0.054561,7,9,Friday,15.4,2.5999999999999996,0.0
2025-09-26 08:00:00,16337.0,15723.73,17189.0,613.27,852.0,0.037539,0.052152,8,9,Friday,17.1,0.8999999999999986,0.0
2025-09-26 09:00:00,16542.0,15822.785,17235.0,719.215,693.0,0.043478,0.041893,9,9,Friday,18.6,0.0,0.6000000000000014
2025-09-26 10:00:00,16810.0,16073.922,17331.0,736.078,521.0,0.043788,0.030993,10,9,Friday,20.0,0.0,2.0
2025-09-26 11:00:00,16898.0,16502.393,17469.0,395.607,571.0,0.023411,0.033791,11,9,Friday,21.0,0.0,3.0
2025-09-26 12:00:00,17238.0,16558.117,17420.0,679.883,182.0,0.039441,0.010558,12,9,Friday,21.5,0.0,3.5
2025-09-26 13:00:00,17179.0,16693.275,17358.0,485.725,179.0,0.028274,0.01042,13,9,Friday,21.8,0.0,3.8000000000000007
2025-09-26 14:00:00,17273.0,16917.21,17538.0,355.79,265.0,0.020598,0.015342,14,9,Friday,22.2,0.0,4.199999999999999
2025-09-26 15:00:00,17973.0,16928.703,17738.0,1044.297,235.0,0.058104,0.013075,15,9,Friday,21.7,0.0,3.6999999999999993
2025-09-26 16:00:00,18302.0,17266.203,18055.0,1035.797,247.0,0.056595,0.013496,16,9,Friday,21.4,0.0,3.3999999999999986
2025-09-26 17:00:00,18288.0,17250.934,17986.0,1037.066,302.0,0.056707,0.016514,17,9,Friday,21.0,0.0,3.0
2025-09-26 18:00:00,18116.0,17267.127,18181.0,848.873,65.0,0.046858,0.003588,18,9,Friday,20.4,0.0,2.3999999999999986
2025-09-26 19:00:00,17690.0,16988.707,17947.0,701.293,257.0,0.039643,0.014528,19,9,Friday,20.0,0.0,2.0
2025-09-26 20:00:00,17073.0,16351.969,17253.0,721.031,180.0,0.042232,0.010543,20,9,Friday,18.7,0.0,0.6999999999999993
2025-09-26 21:00:00,16266.0,15595.532,16270.0,670.468,4.0,0.041219,0.000246,21,9,Friday,18.5,0.0,0.5
2025-09-26 22:00:00,15207.0,14713.929,15371.0,493.071,164.0,0.032424,0.010785,22,9,Friday,17.9,0.10000000000000142,0.0
2025-09-26 23:00:00,14208.0,13835.311,14311.0,372.689,103.0,0.026231,0.007249,23,9,Friday,17.3,0.6999999999999993,0.0
2025-09-27 00:00:00,13587.0,13027.929,13795.0,559.071,208.0,0.041147,0.015309,0,9,Saturday,17.1,0.8999999999999986,0.0
2025-09-27 01:00:00,13259.0,12823.082,13507.0,435.918,248.0,0.032877,0.018704,1,9,Saturday,16.8,1.1999999999999993,0.0
2025-09-27 02:00:00,12915.0,12652.04,13318.0,262.96,403.0,0.020361,0.031204,2,9,Saturday,16.1,1.8999999999999986,0.0
2025-09-27 03:00:00,12844.0,12437.496,13185.0,406.504,341.0,0.031649,0.026549,3,9,Saturday,16.1,1.8999999999999986,0.0
2025-09-27 04:00:00,12986.0,12525.56,13355.0,460.44,369.0,0.035457,0.028415,4,9,Saturday,16.2,1.8000000000000007,0.0
2025-09-27 05:00:00,13440.0,12861.707,14442.0,578.293,1002.0,0.043028,0.074554,5,9,Saturday,16.2,1.8000000000000007,0.0
2025-09-27 06:00:00,13644.0,13444.738,15491.0,199.262,1847.0,0.014604,0.135371,6,9,Saturday,16.0,2.0,0.0
2025-09-27 07:00:00,14476.0,13942.571,16092.0,533.429,1616.0,0.036849,0.111633,7,9,Saturday,16.5,1.5,0.0
2025-09-27 08:00:00,15102.0,14182.43,16337.0,919.57,1235.0,0.060891,0.081777,8,9,Saturday,16.8,1.1999999999999993,0.0
2025-09-27 09:00:00,15268.0,14341.858,16542.0,926.142,1274.0,0.060659,0.083442,9,9,Saturday,18.1,0.0,0.10000000000000142
2025-09-27 10:00:00,15636.0,14492.66,16810.0,1143.34,1174.0,0.073122,0.075083,10,9,Saturday,19.1,0.0,1.1000000000000014
2025-09-27 11:00:00,16045.0,14662.236,16898.0,1382.764,853.0,0.08618,0.053163,11,9,Saturday,19.9,0.0,1.8999999999999986
2025-09-27 12:00:00,16104.0,14963.559,17238.0,1140.441,1134.0,0.070817,0.070417,12,9,Saturday,20.5,0.0,2.5
2025-09-27 13:00:00,16732.0,15238.222,17179.0,1493.778,447.0,0.089277,0.026715,13,9,Saturday,21.1,0.0,3.1000000000000014
2025-09-27 14:00:00,17111.0,15573.502,17273.0,1537.498,162.0,0.089854,0.009468,14,9,Saturday,21.6,0.0,3.6000000000000014
2025-09-27 15:00:00,17306.0,16223.591,17973.0,1082.409,667.0,0.062545,0.038542,15,9,Saturday,22.1,0.0,4.100000000000001
2025-09-27 16:00:00,17815.0,16954.123,18302.0,860.877,487.0,0.048323,0.027337,16,9,Saturday,22.0,0.0,4.0
2025-09-27 17:00:00,17844.0,16948.26,18288.0,895.74,444.0,0.050198,0.024882,17,9,Saturday,21.3,0.0,3.3000000000000007
2025-09-27 18:00:00,17431.0,16731.719,18116.0,699.281,685.0,0.040117,0.039298,18,9,Saturday,20.5,0.0,2.5
2025-09-27 19:00:00,16861.0,16283.148,17690.0,577.852,829.0,0.034272,0.049167,19,9,Saturday,20.3,0.0,2.3000000000000007
2025-09-27 20:00:00,16360.0,15740.846,17073.0,619.154,713.0,0.037846,0.043582,20,9,Saturday,20.3,0.0,2.3000000000000007
2025-09-27 21:00:00,15564.0,15068.934,16266.0,495.066,702.0,0.031808,0.045104,21,9,Saturday,19.9,0.0,1.8999999999999986
2025-09-27 22:00:00,14741.0,14303.328,15207.0,437.672,466.0,0.029691,0.031613,22,9,Saturday,19.4,0.0,1.3999999999999986
2025-09-27 23:00:00,13848.0,13687.204,14208.0,160.796,360.0,0.011611,0.025997,23,9,Saturday,19.0,0.0,1.0
2025-09-28 00:00:00,13333.0,13298.831,13587.0,34.169,254.0,0.002563,0.01905,0,9,Sunday,18.5,0.0,0.5
2025-09-28 01:00:00,13008.0,13071.581,13259.0,63.581,251.0,0.004888,0.019296,1,9,Sunday,18.3,0.0,0.3000000000000007
2025-09-28 02:00:00,12809.0,12593.968,12915.0,215.032,106.0,0.016788,0.008275,2,9,Sunday,18.2,0.0,0.1999999999999993
2025-09-28 03:00:00,12530.0,12500.616,12844.0,29.384,314.0,0.002345,0.02506,3,9,Sunday,18.1,0.0,0.10000000000000142
2025-09-28 04:00:00,12469.0,12504.387,12986.0,35.387,517.0,0.002838,0.041463,4,9,Sunday,18.0,0.0,0.0
2025-09-28 05:00:00,12656.0,12819.248,13440.0,163.248,784.0,0.012899,0.061947,5,9,Sunday,18.0,0.0,0.0
2025-09-28 06:00:00,13217.0,12886.871,13644.0,330.129,427.0,0.024978,0.032307,6,9,Sunday,17.8,0.1999999999999993,0.0
2025-09-28 07:00:00,13597.0,13278.642,14476.0,318.358,879.0,0.023414,0.064647,7,9,Sunday,17.6,0.3999999999999986,0.0
2025-09-28 08:00:00,14280.0,13895.191,15102.0,384.809,822.0,0.026947,0.057563,8,9,Sunday,18.1,0.0,0.10000000000000142
2025-09-28 09:00:00,14596.0,14132.032,15268.0,463.968,672.0,0.031787,0.04604,9,9,Sunday,19.0,0.0,1.0
2025-09-28 10:00:00,14848.0,14372.135,15636.0,475.865,788.0,0.032049,0.053071,10,9,Sunday,19.9,0.0,1.8999999999999986
2025-09-28 11:00:00,15373.0,14952.861,16045.0,420.139,672.0,0.02733,0.043713,11,9,Sunday,20.9,0.0,2.8999999999999986
2025-09-28 12:00:00,15552.0,15319.627,16104.0,232.373,552.0,0.014942,0.035494,12,9,Sunday,21.7,0.0,3.6999999999999993
2025-09-28 13:00:00,15682.0,15717.443,16732.0,35.443,1050.0,0.00226,0.066956,13,9,Sunday,22.4,0.0,4.399999999999999
2025-09-28 14:00:00,16088.0,16221.753,17111.0,133.753,1023.0,0.008314,0.063588,14,9,Sunday,22.8,0.0,4.800000000000001
2025-09-28 15:00:00,16916.0,16982.928,17306.0,66.928,390.0,0.003956,0.023055,15,9,Sunday,22.7,0.0,4.699999999999999
2025-09-28 16:00:00,17736.0,17351.072,17815.0,384.928,79.0,0.021703,0.004454,16,9,Sunday,22.3,0.0,4.300000000000001
2025-09-28 17:00:00,17861.0,17399.277,17844.0,461.723,17.0,0.025851,0.000952,17,9,Sunday,21.4,0.0,3.3999999999999986
2025-09-28 18:00:00,17575.0,16702.906,17431.0,872.094,144.0,0.049621,0.008193,18,9,Sunday,19.2,0.0,1.1999999999999993
2025-09-28 19:00:00,16926.0,16336.841,16861.0,589.159,65.0,0.034808,0.00384,19,9,Sunday,18.1,0.0,0.10000000000000142
2025-09-28 20:00:00,16160.0,15845.016,16360.0,314.984,200.0,0.019492,0.012376,20,9,Sunday,16.9,1.1000000000000014,0.0
2025-09-28 21:00:00,15208.0,15059.927,15564.0,148.073,356.0,0.009737,0.023409,21,9,Sunday,16.1,1.8999999999999986,0.0
2025-09-28 22:00:00,14236.0,14189.802,14741.0,46.198,505.0,0.003245,0.035473,22,9,Sunday,15.5,2.5,0.0
2025-09-28 23:00:00,13565.0,13326.72,13848.0,238.28,283.0,0.017566,0.020863,23,9,Sunday,15.0,3.0,0.0
2025-09-29 00:00:00,13030.0,13240.484,13333.0,210.484,303.0,0.016154,0.023254,0,9,Monday,14.5,3.5,0.0
2025-09-29 01:00:00,12504.0,12958.703,13008.0,454.703,504.0,0.036365,0.040307,1,9,Monday,13.9,4.1,0.0
2025-09-29 02:00:00,12590.0,12767.092,12809.0,177.092,219.0,0.014066,0.017395,2,9,Monday,13.1,4.9,0.0
2025-09-29 03:00:00,12654.0,12630.336,12530.0,23.664,124.0,0.00187,0.009799,3,9,Monday,12.7,5.300000000000001,0.0
2025-09-29 04:00:00,13125.0,12812.987,12469.0,312.013,656.0,0.023772,0.049981,4,9,Monday,13.0,5.0,0.0
2025-09-29 05:00:00,14322.0,13755.016,12656.0,566.984,1666.0,0.039588,0.116325,5,9,Monday,11.9,6.1,0.0
2025-09-29 06:00:00,15287.0,14728.04,13217.0,558.96,2070.0,0.036564,0.135409,6,9,Monday,11.9,6.1,0.0
2025-09-29 07:00:00,15379.0,15219.0,13597.0,160.0,1782.0,0.010404,0.115872,7,9,Monday,12.9,5.1,0.0
2025-09-29 08:00:00,15175.0,15555.53,14280.0,380.53,895.0,0.025076,0.058979,8,9,Monday,13.6,4.4,0.0
2025-09-29 09:00:00,15664.0,15725.141,14596.0,61.141,1068.0,0.003903,0.068182,9,9,Monday,16.1,1.8999999999999986,0.0
2025-09-29 10:00:00,16025.0,16048.963,14848.0,23.963,1177.0,0.001495,0.073448,10,9,Monday,18.4,0.0,0.3999999999999986
2025-09-29 11:00:00,16352.0,16297.814,15373.0,54.186,979.0,0.003314,0.05987,11,9,Monday,20.0,0.0,2.0
2025-09-29 12:00:00,16773.0,16657.844,15552.0,115.156,1221.0,0.006866,0.072796,12,9,Monday,21.1,0.0,3.1000000000000014
2025-09-29 13:00:00,17010.0,16951.434,15682.0,58.566,1328.0,0.003443,0.078072,13,9,Monday,21.9,0.0,3.8999999999999986
2025-09-29 14:00:00,17071.0,17197.77,16088.0,126.77,983.0,0.007426,0.057583,14,9,Monday,22.2,0.0,4.199999999999999
2025-09-29 15:00:00,17805.0,17672.791,16916.0,132.209,889.0,0.007425,0.04993,15,9,Monday,22.2,0.0,4.199999999999999
2025-09-29 16:00:00,18999.0,18157.156,17736.0,841.844,1263.0,0.04431,0.066477,16,9,Monday,21.9,0.0,3.8999999999999986
2025-09-29 17:00:00,18870.0,18007.611,17861.0,862.389,1009.0,0.045702,0.053471,17,9,Monday,20.8,0.0,2.8000000000000007
2025-09-29 18:00:00,18615.0,17300.268,17575.0,1314.732,1040.0,0.070628,0.055869,18,9,Monday,18.4,0.0,0.3999999999999986
2025-09-29 19:00:00,17842.0,17059.062,16926.0,782.938,916.0,0.043882,0.05134,19,9,Monday,17.6,0.3999999999999986,0.0
2025-09-29 20:00:00,17086.0,16779.605,16160.0,306.395,926.0,0.017933,0.054196,20,9,Monday,17.3,0.6999999999999993,0.0
2025-09-29 21:00:00,15878.0,15759.764,15208.0,118.236,670.0,0.007447,0.042197,21,9,Monday,16.8,1.1999999999999993,0.0
2025-09-29 22:00:00,14867.0,14681.221,14236.0,185.779,631.0,0.012496,0.042443,22,9,Monday,16.0,2.0,0.0
2025-09-29 23:00:00,13895.0,13877.523,13565.0,17.477,330.0,0.001258,0.02375,23,9,Monday,15.6,2.4000000000000004,0.0
2025-09-30 00:00:00,13335.0,13181.755,13030.0,153.245,305.0,0.011492,0.022872,0,9,Tuesday,15.2,2.8000000000000007,0.0
2025-09-30 01:00:00,13038.0,12701.076,12504.0,336.924,534.0,0.025842,0.040957,1,9,Tuesday,15.2,2.8000000000000007,0.0
2025-09-30 02:00:00,12730.0,12871.85,12590.0,141.85,140.0,0.011143,0.010998,2,9,Tuesday,15.0,3.0,0.0
2025-09-30 03:00:00,12723.0,12889.22,12654.0,166.22,69.0,0.013065,0.005423,3,9,Tuesday,14.6,3.4000000000000004,0.0
2025-09-30 04:00:00,13059.0,13162.28,13125.0,103.28,66.0,0.007909,0.005054,4,9,Tuesday,14.2,3.8000000000000007,0.0
2025-09-30 05:00:00,14120.0,14321.496,14322.0,201.496,202.0,0.01427,0.014306,5,9,Tuesday,14.1,3.9000000000000004,0.0
2025-09-30 06:00:00,15278.0,15184.893,15287.0,93.107,9.0,0.006094,0.000589,6,9,Tuesday,13.8,4.199999999999999,0.0
2025-09-30 07:00:00,15356.0,15252.189,15379.0,103.811,23.0,0.00676,0.001498,7,9,Tuesday,14.2,3.8000000000000007,0.0
2025-09-30 08:00:00,15352.0,15252.905,15175.0,99.095,177.0,0.006455,0.011529,8,9,Tuesday,15.6,2.4000000000000004,0.0
2025-09-30 09:00:00,15570.0,15521.812,15664.0,48.188,94.0,0.003095,0.006037,9,9,Tuesday,16.9,1.1000000000000014,0.0
2025-09-30 10:00:00,15727.0,15797.57,16025.0,70.57,298.0,0.004487,0.018948,10,9,Tuesday,18.3,0.0,0.3000000000000007
2025-09-30 11:00:00,15975.0,16128.624,16352.0,153.624,377.0,0.009617,0.023599,11,9,Tuesday,19.2,0.0,1.1999999999999993
2025-09-30 12:00:00,16247.0,16300.755,16773.0,53.755,526.0,0.003309,0.032375,12,9,Tuesday,19.8,0.0,1.8000000000000007
2025-09-30 13:00:00,16263.0,16424.727,17010.0,161.727,747.0,0.009944,0.045932,13,9,Tuesday,20.2,0.0,2.1999999999999993
2025-09-30 14:00:00,16562.0,16593.984,17071.0,31.984,509.0,0.001931,0.030733,14,9,Tuesday,20.4,0.0,2.3999999999999986
2025-09-30 15:00:00,17201.0,16767.03,17805.0,433.97,604.0,0.025229,0.035114,15,9,Tuesday,20.0,0.0,2.0
2025-09-30 16:00:00,18155.0,17689.586,18999.0,465.414,844.0,0.025636,0.046489,16,9,Tuesday,19.4,0.0,1.3999999999999986
2025-09-30 17:00:00,17946.0,17425.217,18870.0,520.783,924.0,0.029019,0.051488,17,9,Tuesday,18.6,0.0,0.6000000000000014
2025-09-30 18:00:00,17678.0,17124.416,18615.0,553.584,937.0,0.031315,0.053004,18,9,Tuesday,17.0,1.0,0.0
2025-09-30 19:00:00,17114.0,16718.445,17842.0,395.555,728.0,0.023113,0.042538,19,9,Tuesday,17.1,0.8999999999999986,0.0
2025-09-30 20:00:00,16351.0,16368.248,17086.0,17.248,735.0,0.001055,0.044951,20,9,Tuesday,16.9,1.1000000000000014,0.0
2025-09-30 21:00:00,15461.0,15584.805,15878.0,123.805,417.0,0.008008,0.026971,21,9,Tuesday,16.6,1.3999999999999986,0.0
2025-09-30 22:00:00,14291.0,14620.232,14867.0,329.232,576.0,0.023038,0.040305,22,9,Tuesday,15.8,2.1999999999999993,0.0
2025-09-30 23:00:00,13517.0,13697.679,13895.0,180.679,378.0,0.013367,0.027965,23,9,Tuesday,14.9,3.0999999999999996,0.0
2025-10-01 00:00:00,12970.0,13118.123,13335.0,148.123,365.0,0.01142,0.028142,0,10,Wednesday,14.0,4.0,0.0
2025-10-01 01:00:00,12663.0,12763.756,13038.0,100.756,375.0,0.007957,0.029614,1,10,Wednesday,13.0,5.0,0.0
2025-10-01 02:00:00,12412.0,12537.832,12730.0,125.832,318.0,0.010138,0.02562,2,10,Wednesday,12.0,6.0,0.0
2025-10-01 03:00:00,12491.0,12520.877,12723.0,29.877,232.0,0.002392,0.018573,3,10,Wednesday,11.2,6.800000000000001,0.0
2025-10-01 04:00:00,12886.0,12858.655,13059.0,27.345,173.0,0.002122,0.013425,4,10,Wednesday,10.6,7.4,0.0
2025-10-01 05:00:00,14139.0,13914.659,14120.0,224.341,19.0,0.015867,0.001344,5,10,Wednesday,10.1,7.9,0.0
2025-10-01 06:00:00,15258.0,15021.145,15278.0,236.855,20.0,0.015523,0.001311,6,10,Wednesday,9.7,8.3,0.0
2025-10-01 07:00:00,15207.0,15173.249,15356.0,33.751,149.0,0.002219,0.009798,7,10,Wednesday,10.2,7.800000000000001,0.0
2025-10-01 08:00:00,15110.0,15158.086,15352.0,48.086,242.0,0.003182,0.016016,8,10,Wednesday,11.1,6.9,0.0
2025-10-01 09:00:00,14565.0,15308.746,15570.0,743.746,1005.0,0.051064,0.069001,9,10,Wednesday,12.7,5.300000000000001,0.0
2025-10-01 10:00:00,14658.0,15385.822,15727.0,727.822,1069.0,0.049654,0.072929,10,10,Wednesday,13.9,4.1,0.0
2025-10-01 11:00:00,14812.0,15527.309,15975.0,715.309,1163.0,0.048293,0.078517,11,10,Wednesday,15.0,3.0,0.0
2025-10-01 12:00:00,14951.0,15645.843,16247.0,694.843,1296.0,0.046475,0.086683,12,10,Wednesday,15.7,2.3000000000000007,0.0
2025-10-01 13:00:00,15047.0,15679.166,16263.0,632.166,1216.0,0.042013,0.080813,13,10,Wednesday,16.4,1.6000000000000014,0.0
2025-10-01 14:00:00,15331.0,15752.518,16562.0,421.518,1231.0,0.027494,0.080295,14,10,Wednesday,16.7,1.3000000000000007,0.0
2025-10-01 15:00:00,15891.0,16130.993,17201.0,239.993,1310.0,0.015102,0.082437,15,10,Wednesday,16.7,1.3000000000000007,0.0
2025-10-01 16:00:00,16562.0,16761.748,18155.0,199.748,1593.0,0.012061,0.096184,16,10,Wednesday,16.2,1.8000000000000007,0.0
2025-10-01 17:00:00,16692.0,16728.773,17946.0,36.773,1254.0,0.002203,0.075126,17,10,Wednesday,15.4,2.5999999999999996,0.0
2025-10-01 18:00:00,16697.0,16650.645,17678.0,46.355,981.0,0.002776,0.058753,18,10,Wednesday,14.0,4.0,0.0
2025-10-01 19:00:00,16414.0,16472.596,17114.0,58.596,700.0,0.00357,0.042647,19,10,Wednesday,13.3,4.699999999999999,0.0
2025-10-01 20:00:00,15866.0,16004.497,16351.0,138.497,485.0,0.008729,0.030569,20,10,Wednesday,12.8,5.199999999999999,0.0
2025-10-01 21:00:00,14655.0,15147.701,15461.0,492.701,806.0,0.03362,0.054998,21,10,Wednesday,12.4,5.6,0.0
2025-10-01 22:00:00,13746.0,14097.525,14291.0,351.525,545.0,0.025573,0.039648,22,10,Wednesday,12.1,5.9,0.0
2025-10-01 23:00:00,12996.0,13348.758,13517.0,352.758,521.0,0.027144,0.040089,23,10,Wednesday,12.4,5.6,0.0
2025-10-02 00:00:00,12641.0,12783.888,12970.0,142.888,329.0,0.011304,0.026026,0,10,Thursday,12.4,5.6,0.0
2025-10-02 01:00:00,12406.0,12497.072,12663.0,91.072,257.0,0.007341,0.020716,1,10,Thursday,11.5,6.5,0.0
2025-10-02 02:00:00,12422.0,12190.915,12412.0,231.085,10.0,0.018603,0.000805,2,10,Thursday,10.3,7.699999999999999,0.0
2025-10-02 03:00:00,12528.0,12204.944,12491.0,323.056,37.0,0.025787,0.002953,3,10,Thursday,10.2,7.800000000000001,0.0
2025-10-02 04:00:00,12811.0,12678.871,12886.0,132.129,75.0,0.010314,0.005854,4,10,Thursday,10.0,8.0,0.0
2025-10-02 05:00:00,14183.0,13899.592,14139.0,283.408,44.0,0.019982,0.003102,5,10,Thursday,9.9,8.1,0.0
2025-10-02 06:00:00,15352.0,15051.404,15258.0,300.596,94.0,0.01958,0.006123,6,10,Thursday,9.6,8.4,0.0
2025-10-02 07:00:00,15352.0,15144.185,15207.0,207.815,145.0,0.013537,0.009445,7,10,Thursday,11.0,7.0,0.0
2025-10-02 08:00:00,15180.0,15107.794,15110.0,72.206,70.0,0.004757,0.004611,8,10,Thursday,12.7,5.300000000000001,0.0
2025-10-02 09:00:00,15040.0,14708.978,14565.0,331.022,475.0,0.022009,0.031582,9,10,Thursday,14.5,3.5,0.0
2025-10-02 10:00:00,14659.0,14755.322,14658.0,96.322,1.0,0.006571,6.8e-05,10,10,Thursday,15.6,2.4000000000000004,0.0
2025-10-02 11:00:00,14898.0,14843.837,14812.0,54.163,86.0,0.003636,0.005773,11,10,Thursday,16.1,1.8999999999999986,0.0
2025-10-02 12:00:00,15223.0,14959.563,14951.0,263.437,272.0,0.017305,0.017868,12,10,Thursday,16.3,1.6999999999999993,0.0
2025-10-02 13:00:00,15349.0,15108.684,15047.0,240.316,302.0,0.015657,0.019676,13,10,Thursday,17.4,0.6000000000000014,0.0
2025-10-02 14:00:00,15588.0,15222.826,15331.0,365.174,257.0,0.023427,0.016487,14,10,Thursday,17.3,0.6999999999999993,0.0
2025-10-02 15:00:00,16161.0,15657.886,15891.0,503.114,270.0,0.031131,0.016707,15,10,Thursday,16.8,1.1999999999999993,0.0
2025-10-02 16:00:00,16971.0,16247.896,16562.0,723.104,409.0,0.042608,0.0241,16,10,Thursday,16.4,1.6000000000000014,0.0
2025-10-02 17:00:00,16997.0,16455.023,16692.0,541.977,305.0,0.031887,0.017944,17,10,Thursday,15.7,2.3000000000000007,0.0
2025-10-02 18:00:00,16979.0,16462.512,16697.0,516.488,282.0,0.030419,0.016609,18,10,Thursday,14.6,3.4000000000000004,0.0
2025-10-02 19:00:00,16629.0,16218.191,16414.0,410.809,215.0,0.024704,0.012929,19,10,Thursday,13.9,4.1,0.0
2025-10-02 20:00:00,15865.0,15882.84,15866.0,17.84,1.0,0.001124,6.3e-05,20,10,Thursday,13.6,4.4,0.0
2025-10-02 21:00:00,15017.0,14682.133,14655.0,334.867,362.0,0.022299,0.024106,21,10,Thursday,13.3,4.699999999999999,0.0
2025-10-02 22:00:00,14022.0,13715.858,13746.0,306.142,276.0,0.021833,0.019683,22,10,Thursday,12.6,5.4,0.0
2025-10-02 23:00:00,13367.0,12997.49,12996.0,369.51,371.0,0.027643,0.027755,23,10,Thursday,12.1,5.9,0.0
2025-10-03 00:00:00,12914.0,12635.026,12641.0,278.974,273.0,0.021602,0.02114,0,10,Friday,11.7,6.300000000000001,0.0
2025-10-03 01:00:00,12697.0,12414.294,12406.0,282.706,291.0,0.022266,0.022919,1,10,Friday,10.0,8.0,0.0
2025-10-03 02:00:00,12778.0,12321.233,12422.0,456.767,356.0,0.035746,0.02786,2,10,Friday,9.0,9.0,0.0
2025-10-03 03:00:00,12638.0,12398.334,12528.0,239.666,110.0,0.018964,0.008704,3,10,Friday,8.7,9.3,0.0
2025-10-03 04:00:00,13153.0,12682.45,12811.0,470.55,342.0,0.035775,0.026002,4,10,Friday,8.6,9.4,0.0
2025-10-03 05:00:00,14372.0,14126.056,14183.0,245.944,189.0,0.017113,0.013151,5,10,Friday,8.4,9.6,0.0
2025-10-03 06:00:00,15364.0,15103.816,15352.0,260.184,12.0,0.016935,0.000781,6,10,Friday,8.3,9.7,0.0
2025-10-03 07:00:00,15528.0,15187.108,15352.0,340.892,176.0,0.021953,0.011334,7,10,Friday,9.3,8.7,0.0
2025-10-03 08:00:00,15284.0,15052.386,15180.0,231.614,104.0,0.015154,0.006805,8,10,Friday,11.6,6.4,0.0
2025-10-03 09:00:00,15389.0,15007.96,15040.0,381.04,349.0,0.024761,0.022679,9,10,Friday,14.2,3.8000000000000007,0.0
2025-10-03 10:00:00,15357.0,14733.849,14659.0,623.151,698.0,0.040578,0.045452,10,10,Friday,16.1,1.8999999999999986,0.0
2025-10-03 11:00:00,15605.0,14989.369,14898.0,615.631,707.0,0.039451,0.045306,11,10,Friday,17.5,0.5,0.0
2025-10-03 12:00:00,15832.0,15285.795,15223.0,546.205,609.0,0.0345,0.038466,12,10,Friday,18.6,0.0,0.6000000000000014
2025-10-03 13:00:00,16093.0,15437.734,15349.0,655.266,744.0,0.040717,0.046231,13,10,Friday,20.2,0.0,2.1999999999999993
2025-10-03 14:00:00,16343.0,15794.498,15588.0,548.502,755.0,0.033562,0.046197,14,10,Friday,21.0,0.0,3.0
2025-10-03 15:00:00,17080.0,16122.41,16161.0,957.59,919.0,0.056065,0.053806,15,10,Friday,21.4,0.0,3.3999999999999986
2025-10-03 16:00:00,17657.0,16721.164,16971.0,935.836,686.0,0.053001,0.038851,16,10,Friday,21.2,0.0,3.1999999999999993
2025-10-03 17:00:00,17882.0,16737.941,16997.0,1144.059,885.0,0.063978,0.049491,17,10,Friday,20.6,0.0,2.6000000000000014
2025-10-03 18:00:00,17264.0,16448.8,16979.0,815.2,285.0,0.04722,0.016508,18,10,Friday,18.9,0.0,0.8999999999999986
2025-10-03 19:00:00,16871.0,16380.749,16629.0,490.251,242.0,0.029059,0.014344,19,10,Friday,18.8,0.0,0.8000000000000007
2025-10-03 20:00:00,16350.0,15831.011,15865.0,518.989,485.0,0.031742,0.029664,20,10,Friday,18.4,0.0,0.3999999999999986
2025-10-03 21:00:00,15338.0,14984.218,15017.0,353.782,321.0,0.023066,0.020928,21,10,Friday,17.8,0.1999999999999993,0.0
2025-10-03 22:00:00,14429.0,14010.893,14022.0,418.107,407.0,0.028977,0.028207,22,10,Friday,17.2,0.8000000000000007,0.0
2025-10-03 23:00:00,13523.0,13281.772,13367.0,241.228,156.0,0.017838,0.011536,23,10,Friday,16.4,1.6000000000000014,0.0
2025-10-04 00:00:00,13029.0,12637.278,12914.0,391.722,115.0,0.030065,0.008826,0,10,Saturday,16.0,2.0,0.0
2025-10-04 01:00:00,12793.0,12302.313,12697.0,490.687,96.0,0.038356,0.007504,1,10,Saturday,15.0,3.0,0.0
2025-10-04 02:00:00,12600.0,12255.221,12778.0,344.779,178.0,0.027363,0.014127,2,10,Saturday,14.4,3.5999999999999996,0.0
2025-10-04 03:00:00,12599.0,12175.663,12638.0,423.337,39.0,0.033601,0.003095,3,10,Saturday,14.2,3.8000000000000007,0.0
2025-10-04 04:00:00,12688.0,12407.923,13153.0,280.077,465.0,0.022074,0.036649,4,10,Saturday,14.3,3.6999999999999993,0.0
2025-10-04 05:00:00,13240.0,12983.829,14372.0,256.171,1132.0,0.019348,0.085498,5,10,Saturday,13.9,4.1,0.0
2025-10-04 06:00:00,13646.0,13483.404,15364.0,162.596,1718.0,0.011915,0.125898,6,10,Saturday,13.6,4.4,0.0
2025-10-04 07:00:00,14248.0,13797.418,15528.0,450.582,1280.0,0.031624,0.089837,7,10,Saturday,14.5,3.5,0.0
2025-10-04 08:00:00,14656.0,13981.755,15284.0,674.245,628.0,0.046005,0.042849,8,10,Saturday,16.5,1.5,0.0
2025-10-04 09:00:00,15219.0,14355.25,15389.0,863.75,170.0,0.056755,0.01117,9,10,Saturday,18.3,0.0,0.3000000000000007
2025-10-04 10:00:00,15386.0,14498.747,15357.0,887.253,29.0,0.057666,0.001885,10,10,Saturday,19.5,0.0,1.5
2025-10-04 11:00:00,16058.0,14672.97,15605.0,1385.03,453.0,0.086252,0.02821,11,10,Saturday,20.7,0.0,2.6999999999999993
2025-10-04 12:00:00,16377.0,15064.635,15832.0,1312.365,545.0,0.080135,0.033278,12,10,Saturday,21.9,0.0,3.8999999999999986
2025-10-04 13:00:00,16733.0,15373.679,16093.0,1359.321,640.0,0.081236,0.038248,13,10,Saturday,22.7,0.0,4.699999999999999
2025-10-04 14:00:00,17330.0,15722.668,16343.0,1607.332,987.0,0.092749,0.056953,14,10,Saturday,23.2,0.0,5.199999999999999
2025-10-04 15:00:00,17941.0,16478.55,17080.0,1462.45,861.0,0.081514,0.047991,15,10,Saturday,23.4,0.0,5.399999999999999
2025-10-04 16:00:00,18555.0,17086.627,17657.0,1468.373,898.0,0.079136,0.048397,16,10,Saturday,23.4,0.0,5.399999999999999
2025-10-04 17:00:00,18252.0,17264.023,17882.0,987.977,370.0,0.05413,0.020272,17,10,Saturday,22.9,0.0,4.899999999999999
2025-10-04 18:00:00,17561.0,16797.348,17264.0,763.652,297.0,0.043486,0.016912,18,10,Saturday,22.0,0.0,4.0
2025-10-04 19:00:00,16956.0,16414.191,16871.0,541.809,85.0,0.031954,0.005013,19,10,Saturday,21.8,0.0,3.8000000000000007
2025-10-04 20:00:00,16133.0,15784.091,16350.0,348.909,217.0,0.021627,0.013451,20,10,Saturday,20.8,0.0,2.8000000000000007
2025-10-04 21:00:00,15337.0,15031.567,15338.0,305.433,1.0,0.019915,6.5e-05,21,10,Saturday,20.2,0.0,2.1999999999999993
2025-10-04 22:00:00,14298.0,14171.931,14429.0,126.069,131.0,0.008817,0.009162,22,10,Saturday,19.4,0.0,1.3999999999999986
2025-10-04 23:00:00,13472.0,13361.345,13523.0,110.655,51.0,0.008214,0.003786,23,10,Saturday,18.9,0.0,0.8999999999999986
2025-10-05 00:00:00,13084.0,13088.571,13029.0,4.571,55.0,0.000349,0.004204,0,10,Sunday,18.8,0.0,0.8000000000000007
2025-10-05 01:00:00,12848.0,12448.929,12793.0,399.071,55.0,0.031061,0.004281,1,10,Sunday,16.9,1.1000000000000014,0.0
2025-10-05 02:00:00,12556.0,12176.135,12600.0,379.865,44.0,0.030254,0.003504,2,10,Sunday,15.9,2.0999999999999996,0.0
2025-10-05 03:00:00,12531.0,12057.0,12599.0,474.0,68.0,0.037826,0.005427,3,10,Sunday,15.9,2.0999999999999996,0.0
2025-10-05 04:00:00,12472.0,12046.655,12688.0,425.345,216.0,0.034104,0.017319,4,10,Sunday,15.7,2.3000000000000007,0.0
2025-10-05 05:00:00,12865.0,12428.374,13240.0,436.626,375.0,0.033939,0.029149,5,10,Sunday,15.5,2.5,0.0
2025-10-05 06:00:00,13376.0,12709.362,13646.0,666.638,270.0,0.049838,0.020185,6,10,Sunday,15.2,2.8000000000000007,0.0
2025-10-05 07:00:00,13856.0,13204.148,14248.0,651.852,392.0,0.047045,0.028291,7,10,Sunday,15.6,2.4000000000000004,0.0
2025-10-05 08:00:00,14447.0,13844.763,14656.0,602.237,209.0,0.041686,0.014467,8,10,Sunday,17.6,0.3999999999999986,0.0
2025-10-05 09:00:00,15204.0,14326.133,15219.0,877.867,15.0,0.057739,0.000987,9,10,Sunday,19.2,0.0,1.1999999999999993
2025-10-05 10:00:00,15815.0,14441.122,15386.0,1373.878,429.0,0.086872,0.027126,10,10,Sunday,20.5,0.0,2.5
2025-10-05 11:00:00,16430.0,15147.106,16058.0,1282.894,372.0,0.078082,0.022642,11,10,Sunday,21.7,0.0,3.6999999999999993
2025-10-05 12:00:00,17092.0,15664.902,16377.0,1427.098,715.0,0.083495,0.041832,12,10,Sunday,22.8,0.0,4.800000000000001
2025-10-05 13:00:00,17502.0,16643.89,16733.0,858.11,769.0,0.049029,0.043938,13,10,Sunday,24.5,0.0,6.5
2025-10-05 14:00:00,18065.0,17003.596,17330.0,1061.404,735.0,0.058755,0.040686,14,10,Sunday,25.1,0.0,7.100000000000001
2025-10-05 15:00:00,18847.0,18007.89,17941.0,839.11,906.0,0.044522,0.048071,15,10,Sunday,25.4,0.0,7.399999999999999
2025-10-05 16:00:00,19380.0,18317.574,18555.0,1062.426,825.0,0.054821,0.04257,16,10,Sunday,24.8,0.0,6.800000000000001
2025-10-05 17:00:00,19079.0,18186.121,18252.0,892.879,827.0,0.046799,0.043346,17,10,Sunday,23.8,0.0,5.800000000000001
2025-10-05 18:00:00,18553.0,17667.762,17561.0,885.238,992.0,0.047714,0.053468,18,10,Sunday,22.5,0.0,4.5
2025-10-05 19:00:00,17925.0,17278.354,16956.0,646.646,969.0,0.036075,0.054059,19,10,Sunday,21.9,0.0,3.8999999999999986
2025-10-05 20:00:00,17065.0,16322.026,16133.0,742.974,932.0,0.043538,0.054615,20,10,Sunday,20.7,0.0,2.6999999999999993
2025-10-05 21:00:00,15847.0,15395.711,15337.0,451.289,510.0,0.028478,0.032183,21,10,Sunday,19.5,0.0,1.5
2025-10-05 22:00:00,14999.0,14219.753,14298.0,779.247,701.0,0.051953,0.046736,22,10,Sunday,18.7,0.0,0.6999999999999993
2025-10-05 23:00:00,14115.0,13480.365,13472.0,634.635,643.0,0.044962,0.045554,23,10,Sunday,18.4,0.0,0.3999999999999986
2025-10-06 00:00:00,13353.0,13291.979,13084.0,61.021,269.0,0.00457,0.020145,0,10,Monday,17.9,0.10000000000000142,0.0
2025-10-06 01:00:00,13209.0,12928.338,12848.0,280.662,361.0,0.021248,0.02733,1,10,Monday,16.7,1.3000000000000007,0.0
2025-10-06 02:00:00,13113.0,12762.607,12556.0,350.393,557.0,0.026721,0.042477,2,10,Monday,16.0,2.0,0.0
2025-10-06 03:00:00,13152.0,12716.045,12531.0,435.955,621.0,0.033147,0.047217,3,10,Monday,16.0,2.0,0.0
2025-10-06 04:00:00,13660.0,12760.938,12472.0,899.062,1188.0,0.065817,0.086969,4,10,Monday,16.6,1.3999999999999986,0.0
2025-10-06 05:00:00,14856.0,13800.112,12865.0,1055.888,1991.0,0.071075,0.13402,5,10,Monday,15.9,2.0999999999999996,0.0
2025-10-06 06:00:00,16082.0,14805.48,13376.0,1276.521,2706.0,0.079376,0.168263,6,10,Monday,15.9,2.0999999999999996,0.0
2025-10-06 07:00:00,16104.0,15274.559,13856.0,829.441,2248.0,0.051505,0.139593,7,10,Monday,16.2,1.8000000000000007,0.0
2025-10-06 08:00:00,16314.0,15520.71,14447.0,793.29,1867.0,0.048626,0.114442,8,10,Monday,17.4,0.6000000000000014,0.0
2025-10-06 09:00:00,16911.0,16069.025,15204.0,841.975,1707.0,0.049789,0.10094,9,10,Monday,18.8,0.0,0.8000000000000007
2025-10-06 10:00:00,17122.0,16707.418,15815.0,414.582,1307.0,0.024213,0.076335,10,10,Monday,20.3,0.0,2.3000000000000007
2025-10-06 11:00:00,17593.0,17274.957,16430.0,318.043,1163.0,0.018078,0.066106,11,10,Monday,21.8,0.0,3.8000000000000007
2025-10-06 12:00:00,18223.0,17660.703,17092.0,562.297,1131.0,0.030856,0.062064,12,10,Monday,23.1,0.0,5.100000000000001
2025-10-06 13:00:00,18567.0,18644.723,17502.0,77.723,1065.0,0.004186,0.05736,13,10,Monday,24.6,0.0,6.600000000000001
2025-10-06 14:00:00,18990.0,18659.188,18065.0,330.812,925.0,0.01742,0.04871,14,10,Monday,24.8,0.0,6.800000000000001
2025-10-06 15:00:00,19670.0,19057.473,18847.0,612.527,823.0,0.03114,0.04184,15,10,Monday,24.6,0.0,6.600000000000001
2025-10-06 16:00:00,20335.0,19295.703,19380.0,1039.297,955.0,0.051109,0.046963,16,10,Monday,23.8,0.0,5.800000000000001
2025-10-06 17:00:00,20089.0,19133.77,19079.0,955.23,1010.0,0.04755,0.050276,17,10,Monday,22.9,0.0,4.899999999999999
2025-10-06 18:00:00,19614.0,18822.264,18553.0,791.736,1061.0,0.040366,0.054094,18,10,Monday,22.1,0.0,4.100000000000001
2025-10-06 19:00:00,18981.0,18505.105,17925.0,475.895,1056.0,0.025072,0.055635,19,10,Monday,21.4,0.0,3.3999999999999986
2025-10-06 20:00:00,18021.0,17918.445,17065.0,102.555,956.0,0.005691,0.053049,20,10,Monday,20.7,0.0,2.6999999999999993
2025-10-06 21:00:00,17061.0,16719.994,15847.0,341.006,1214.0,0.019987,0.071156,21,10,Monday,20.3,0.0,2.3000000000000007
2025-10-06 22:00:00,15905.0,15294.394,14999.0,610.606,906.0,0.038391,0.056963,22,10,Monday,20.1,0.0,2.1000000000000014
2025-10-06 23:00:00,14831.0,14482.421,14115.0,348.579,716.0,0.023503,0.048277,23,10,Monday,19.5,0.0,1.5
2025-10-07 00:00:00,14112.0,13717.629,13353.0,394.371,759.0,0.027946,0.053784,0,10,Tuesday,19.2,0.0,1.1999999999999993
2025-10-07 01:00:00,13894.0,13530.219,13209.0,363.781,685.0,0.026183,0.049302,1,10,Tuesday,19.1,0.0,1.1000000000000014
2025-10-07 02:00:00,13687.0,13368.803,13113.0,318.197,574.0,0.023248,0.041938,2,10,Tuesday,18.5,0.0,0.5
2025-10-07 03:00:00,13829.0,13452.446,13152.0,376.554,677.0,0.027229,0.048955,3,10,Tuesday,18.9,0.0,0.8999999999999986
2025-10-07 04:00:00,14423.0,13519.362,13660.0,903.638,763.0,0.062653,0.052902,4,10,Tuesday,18.2,0.0,0.1999999999999993
2025-10-07 05:00:00,15750.0,14637.261,14856.0,1112.739,894.0,0.07065,0.056762,5,10,Tuesday,18.1,0.0,0.10000000000000142
2025-10-07 06:00:00,17101.0,15387.781,16082.0,1713.219,1019.0,0.100182,0.059587,6,10,Tuesday,17.9,0.10000000000000142,0.0
2025-10-07 07:00:00,17378.0,15440.327,16104.0,1937.673,1274.0,0.111501,0.073311,7,10,Tuesday,18.1,0.0,0.10000000000000142
2025-10-07 08:00:00,17638.0,15711.015,16314.0,1926.985,1324.0,0.109252,0.075065,8,10,Tuesday,18.7,0.0,0.6999999999999993
2025-10-07 09:00:00,17790.0,16093.827,16911.0,1696.173,879.0,0.095344,0.04941,9,10,Tuesday,19.6,0.0,1.6000000000000014
2025-10-07 10:00:00,17918.0,16238.326,17122.0,1679.674,796.0,0.093742,0.044425,10,10,Tuesday,19.8,0.0,1.8000000000000007
2025-10-07 11:00:00,17994.0,16852.975,17593.0,1141.025,401.0,0.063411,0.022285,11,10,Tuesday,21.1,0.0,3.1000000000000014
2025-10-07 12:00:00,18041.0,16750.805,18223.0,1290.195,182.0,0.071515,0.010088,12,10,Tuesday,20.4,0.0,2.3999999999999986
2025-10-07 13:00:00,17857.0,17365.906,18567.0,491.094,710.0,0.027501,0.03976,13,10,Tuesday,22.4,0.0,4.399999999999999
2025-10-07 14:00:00,17419.0,17445.174,18990.0,26.174,1571.0,0.001503,0.090189,14,10,Tuesday,21.6,0.0,3.6000000000000014
2025-10-07 15:00:00,17447.0,17645.031,19670.0,198.031,2223.0,0.01135,0.127414,15,10,Tuesday,20.7,0.0,2.6999999999999993
2025-10-07 16:00:00,17774.0,17747.54,20335.0,26.46,2561.0,0.001489,0.144087,16,10,Tuesday,17.6,0.3999999999999986,0.0
2025-10-07 17:00:00,17572.0,17643.941,20089.0,71.941,2517.0,0.004094,0.143239,17,10,Tuesday,15.8,2.1999999999999993,0.0
2025-10-07 18:00:00,17686.0,17548.064,19614.0,137.936,1928.0,0.007799,0.109013,18,10,Tuesday,15.1,2.9000000000000004,0.0
2025-10-07 19:00:00,17280.0,17119.771,18981.0,160.229,1701.0,0.009273,0.098438,19,10,Tuesday,14.6,3.4000000000000004,0.0
2025-10-07 20:00:00,16381.0,16420.055,18021.0,39.055,1640.0,0.002384,0.100116,20,10,Tuesday,14.8,3.1999999999999993,0.0
2025-10-07 21:00:00,15362.0,15784.491,17061.0,422.491,1699.0,0.027502,0.110598,21,10,Tuesday,14.7,3.3000000000000007,0.0
2025-10-07 22:00:00,14632.0,14933.048,15905.0,301.048,1273.0,0.020575,0.087001,22,10,Tuesday,14.6,3.4000000000000004,0.0
2025-10-07 23:00:00,13964.0,14170.734,14831.0,206.734,867.0,0.014805,0.062088,23,10,Tuesday,14.4,3.5999999999999996,0.0
2025-10-08 00:00:00,13452.0,13419.841,14112.0,32.159,660.0,0.002391,0.049063,0,10,Wednesday,14.3,3.6999999999999993,0.0
2025-10-08 01:00:00,13107.0,13207.141,13894.0,100.141,787.0,0.00764,0.060044,1,10,Wednesday,14.2,3.8000000000000007,0.0
2025-10-08 02:00:00,12761.0,12898.695,13687.0,137.695,926.0,0.01079,0.072565,2,10,Wednesday,13.6,4.4,0.0
2025-10-08 03:00:00,12933.0,13056.239,13829.0,123.239,896.0,0.009529,0.06928,3,10,Wednesday,12.9,5.1,0.0
2025-10-08 04:00:00,13147.0,13632.179,14423.0,485.179,1276.0,0.036904,0.097056,4,10,Wednesday,12.3,5.699999999999999,0.0
2025-10-08 05:00:00,14220.0,14802.978,15750.0,582.978,1530.0,0.040997,0.107595,5,10,Wednesday,11.6,6.4,0.0
2025-10-08 06:00:00,15461.0,15601.833,17101.0,140.833,1640.0,0.009109,0.106073,6,10,Wednesday,11.0,7.0,0.0
2025-10-08 07:00:00,15358.0,15758.45,17378.0,400.45,2020.0,0.026074,0.131528,7,10,Wednesday,10.5,7.5,0.0
2025-10-08 08:00:00,15103.0,15858.763,17638.0,755.763,2535.0,0.050041,0.167847,8,10,Wednesday,11.1,6.9,0.0
2025-10-08 09:00:00,14594.0,15893.881,17790.0,1299.881,3196.0,0.08907,0.218994,9,10,Wednesday,11.9,6.1,0.0
2025-10-08 10:00:00,14662.0,15897.073,17918.0,1235.073,3256.0,0.084236,0.222071,10,10,Wednesday,13.0,5.0,0.0
2025-10-08 11:00:00,14888.0,15895.577,17994.0,1007.577,3106.0,0.067677,0.208624,11,10,Wednesday,13.6,4.4,0.0
2025-10-08 12:00:00,14834.0,15921.435,18041.0,1087.435,3207.0,0.073307,0.216193,12,10,Wednesday,14.0,4.0,0.0
2025-10-08 13:00:00,14787.0,15887.317,17857.0,1100.317,3070.0,0.074411,0.207615,13,10,Wednesday,14.6,3.4000000000000004,0.0
2025-10-08 14:00:00,14726.0,15670.696,17419.0,944.696,2693.0,0.064152,0.182874,14,10,Wednesday,14.4,3.5999999999999996,0.0
2025-10-08 15:00:00,15286.0,15925.563,17447.0,639.563,2161.0,0.04184,0.141371,15,10,Wednesday,13.9,4.1,0.0
2025-10-08 16:00:00,15950.0,16337.57,17774.0,387.57,1824.0,0.024299,0.114357,16,10,Wednesday,13.1,4.9,0.0
2025-10-08 17:00:00,16228.0,16294.75,17572.0,66.75,1344.0,0.004113,0.08282,17,10,Wednesday,12.0,6.0,0.0
2025-10-08 18:00:00,16633.0,16373.965,17686.0,259.035,1053.0,0.015574,0.063308,18,10,Wednesday,10.7,7.300000000000001,0.0
2025-10-08 19:00:00,16487.0,16223.937,17280.0,263.063,793.0,0.015956,0.048099,19,10,Wednesday,10.2,7.800000000000001,0.0
2025-10-08 20:00:00,15881.0,15883.595,16381.0,2.595,500.0,0.000163,0.031484,20,10,Wednesday,9.4,8.6,0.0
2025-10-08 21:00:00,14987.0,15002.898,15362.0,15.898,375.0,0.001061,0.025022,21,10,Wednesday,9.0,9.0,0.0
2025-10-08 22:00:00,14100.0,14214.088,14632.0,114.088,532.0,0.008091,0.03773,22,10,Wednesday,8.6,9.4,0.0
2025-10-08 23:00:00,13410.0,13425.814,13964.0,15.814,554.0,0.001179,0.041312,23,10,Wednesday,8.1,9.9,0.0
2025-10-09 00:00:00,12908.0,12967.512,13452.0,59.512,544.0,0.00461,0.042144,0,10,Thursday,7.7,10.3,0.0
2025-10-09 01:00:00,12771.0,12661.259,13107.0,109.741,336.0,0.008593,0.02631,1,10,Thursday,6.7,11.3,0.0
2025-10-09 02:00:00,12658.0,12541.921,12761.0,116.079,103.0,0.00917,0.008137,2,10,Thursday,6.0,12.0,0.0
2025-10-09 03:00:00,12828.0,12653.907,12933.0,174.093,105.0,0.013571,0.008185,3,10,Thursday,5.6,12.4,0.0
2025-10-09 04:00:00,13319.0,12974.706,13147.0,344.294,172.0,0.02585,0.012914,4,10,Thursday,5.2,12.8,0.0
2025-10-09 05:00:00,14551.0,14196.083,14220.0,354.917,331.0,0.024391,0.022748,5,10,Thursday,4.8,13.2,0.0
2025-10-09 06:00:00,16069.0,15417.285,15461.0,651.715,608.0,0.040557,0.037837,6,10,Thursday,4.4,13.6,0.0
2025-10-09 07:00:00,15844.0,15530.725,15358.0,313.275,486.0,0.019772,0.030674,7,10,Thursday,5.7,12.3,0.0
2025-10-09 08:00:00,15454.0,15248.66,15103.0,205.34,351.0,0.013287,0.022713,8,10,Thursday,6.5,11.5,0.0
2025-10-09 09:00:00,14942.0,14802.768,14594.0,139.232,348.0,0.009318,0.02329,9,10,Thursday,8.3,9.7,0.0
2025-10-09 10:00:00,14544.0,14640.357,14662.0,96.357,118.0,0.006625,0.008113,10,10,Thursday,10.0,8.0,0.0
2025-10-09 11:00:00,14769.0,14714.228,14888.0,54.772,119.0,0.003709,0.008057,11,10,Thursday,11.0,7.0,0.0
2025-10-09 12:00:00,14265.0,14767.177,14834.0,502.177,569.0,0.035203,0.039888,12,10,Thursday,11.4,6.6,0.0
2025-10-09 13:00:00,14663.0,14674.537,14787.0,11.537,124.0,0.000787,0.008457,13,10,Thursday,11.9,6.1,0.0
2025-10-09 14:00:00,14820.0,14726.14,14726.0,93.86,94.0,0.006333,0.006343,14,10,Thursday,11.9,6.1,0.0
2025-10-09 15:00:00,15445.0,15277.384,15286.0,167.616,159.0,0.010852,0.010295,15,10,Thursday,11.7,6.300000000000001,0.0
2025-10-09 16:00:00,16120.0,15952.232,15950.0,167.768,170.0,0.010407,0.010546,16,10,Thursday,11.2,6.800000000000001,0.0
2025-10-09 17:00:00,16480.0,16162.628,16228.0,317.372,252.0,0.019258,0.015291,17,10,Thursday,10.5,7.5,0.0
2025-10-09 18:00:00,16906.0,16381.403,16633.0,524.597,273.0,0.03103,0.016148,18,10,Thursday,9.7,8.3,0.0
2025-10-09 19:00:00,16822.0,16248.335,16487.0,573.665,335.0,0.034102,0.019914,19,10,Thursday,9.6,8.4,0.0
2025-10-09 20:00:00,16293.0,15775.761,15881.0,517.239,412.0,0.031746,0.025287,20,10,Thursday,9.3,8.7,0.0
2025-10-09 21:00:00,15317.0,14862.976,14987.0,454.024,330.0,0.029642,0.021545,21,10,Thursday,9.2,8.8,0.0
2025-10-09 22:00:00,14446.0,14068.807,14100.0,377.193,346.0,0.026111,0.023951,22,10,Thursday,9.2,8.8,0.0
2025-10-09 23:00:00,13784.0,13227.691,13410.0,556.309,374.0,0.040359,0.027133,23,10,Thursday,9.2,8.8,0.0
2025-10-10 00:00:00,13370.0,12666.093,12908.0,703.907,462.0,0.052648,0.034555,0,10,Friday,9.2,8.8,0.0
2025-10-10 01:00:00,13192.0,12537.527,12771.0,654.473,421.0,0.049611,0.031913,1,10,Friday,8.0,10.0,0.0
2025-10-10 02:00:00,13144.0,12536.672,12658.0,607.328,486.0,0.046206,0.036975,2,10,Friday,7.5,10.5,0.0
2025-10-10 03:00:00,13141.0,12566.668,12828.0,574.332,313.0,0.043705,0.023819,3,10,Friday,7.2,10.8,0.0
2025-10-10 04:00:00,13539.0,13124.546,13319.0,414.454,220.0,0.030612,0.016249,4,10,Friday,7.1,10.9,0.0
2025-10-10 05:00:00,14737.0,14350.312,14551.0,386.688,186.0,0.026239,0.012621,5,10,Friday,7.3,10.7,0.0
2025-10-10 06:00:00,15832.0,15556.477,16069.0,275.523,237.0,0.017403,0.01497,6,10,Friday,6.7,11.3,0.0
2025-10-10 07:00:00,15823.0,15470.727,15844.0,352.273,21.0,0.022263,0.001327,7,10,Friday,8.0,10.0,0.0
2025-10-10 08:00:00,15546.0,15038.146,15454.0,507.854,92.0,0.032668,0.005918,8,10,Friday,10.4,7.6,0.0
2025-10-10 09:00:00,15155.0,14887.251,14942.0,267.749,213.0,0.017667,0.014055,9,10,Friday,12.0,6.0,0.0
2025-10-10 10:00:00,14836.0,14572.146,14544.0,263.854,292.0,0.017785,0.019682,10,10,Friday,13.0,5.0,0.0
2025-10-10 11:00:00,14512.0,14701.997,14769.0,189.997,257.0,0.013092,0.017709,11,10,Friday,13.7,4.300000000000001,0.0
2025-10-10 12:00:00,14534.0,14499.967,14265.0,34.033,269.0,0.002342,0.018508,12,10,Friday,14.7,3.3000000000000007,0.0
2025-10-10 13:00:00,14552.0,14724.37,14663.0,172.37,111.0,0.011845,0.007628,13,10,Friday,16.1,1.8999999999999986,0.0
2025-10-10 14:00:00,14646.0,14870.957,14820.0,224.957,174.0,0.01536,0.01188,14,10,Friday,16.4,1.6000000000000014,0.0
2025-10-10 15:00:00,15414.0,15177.413,15445.0,236.587,31.0,0.015349,0.002011,15,10,Friday,16.5,1.5,0.0
2025-10-10 16:00:00,16212.0,15851.985,16120.0,360.015,92.0,0.022207,0.005675,16,10,Friday,16.4,1.6000000000000014,0.0
2025-10-10 17:00:00,16450.0,16093.599,16480.0,356.401,30.0,0.021666,0.001824,17,10,Friday,15.7,2.3000000000000007,0.0
2025-10-10 18:00:00,16696.0,16256.603,16906.0,439.397,210.0,0.026318,0.012578,18,10,Friday,15.0,3.0,0.0
2025-10-10 19:00:00,16175.0,16152.603,16822.0,22.397,647.0,0.001385,0.04,19,10,Friday,14.5,3.5,0.0
2025-10-10 20:00:00,15676.0,15886.209,16293.0,210.209,617.0,0.01341,0.03936,20,10,Friday,14.0,4.0,0.0
2025-10-10 21:00:00,14792.0,14989.437,15317.0,197.437,525.0,0.013348,0.035492,21,10,Friday,13.2,4.800000000000001,0.0
2025-10-10 22:00:00,14235.0,14111.875,14446.0,123.125,211.0,0.008649,0.014823,22,10,Friday,12.8,5.199999999999999,0.0
2025-10-10 23:00:00,13707.0,13376.778,13784.0,330.222,77.0,0.024091,0.005618,23,10,Friday,12.4,5.6,0.0
2025-10-11 00:00:00,13297.0,12758.979,13370.0,538.021,73.0,0.040462,0.00549,0,10,Saturday,12.4,5.6,0.0
2025-10-11 01:00:00,12782.0,12553.188,13192.0,228.812,410.0,0.017901,0.032076,1,10,Saturday,12.9,5.1,0.0
2025-10-11 02:00:00,12533.0,12381.684,13144.0,151.316,611.0,0.012073,0.048751,2,10,Saturday,13.7,4.300000000000001,0.0
2025-10-11 03:00:00,12496.0,12358.786,13141.0,137.214,645.0,0.010981,0.051617,3,10,Saturday,13.8,4.199999999999999,0.0
2025-10-11 04:00:00,12664.0,12548.956,13539.0,115.044,875.0,0.009084,0.069093,4,10,Saturday,13.8,4.199999999999999,0.0
2025-10-11 05:00:00,13084.0,13082.866,14737.0,1.134,1653.0,8.7e-05,0.126338,5,10,Saturday,13.0,5.0,0.0
2025-10-11 06:00:00,13881.0,13955.292,15832.0,74.292,1951.0,0.005352,0.140552,6,10,Saturday,12.1,5.9,0.0
2025-10-11 07:00:00,14583.0,14057.622,15823.0,525.378,1240.0,0.036027,0.085031,7,10,Saturday,13.2,4.800000000000001,0.0
2025-10-11 08:00:00,15104.0,13911.139,15546.0,1192.861,442.0,0.078976,0.029264,8,10,Saturday,14.0,4.0,0.0
2025-10-11 09:00:00,14972.0,14139.814,15155.0,832.186,183.0,0.055583,0.012223,9,10,Saturday,14.3,3.6999999999999993,0.0
2025-10-11 10:00:00,15005.0,14057.504,14836.0,947.496,169.0,0.063145,0.011263,10,10,Saturday,15.1,2.9000000000000004,0.0
2025-10-11 11:00:00,14833.0,14011.317,14512.0,821.683,321.0,0.055396,0.021641,11,10,Saturday,16.1,1.8999999999999986,0.0
2025-10-11 12:00:00,14713.0,14007.519,14534.0,705.481,179.0,0.04795,0.012166,12,10,Saturday,16.2,1.8000000000000007,0.0
2025-10-11 13:00:00,14684.0,14027.859,14552.0,656.141,132.0,0.044684,0.008989,13,10,Saturday,15.4,2.5999999999999996,0.0
2025-10-11 14:00:00,15034.0,14124.442,14646.0,909.558,388.0,0.0605,0.025808,14,10,Saturday,15.5,2.5,0.0
2025-10-11 15:00:00,15273.0,14681.827,15414.0,591.173,141.0,0.038707,0.009232,15,10,Saturday,15.1,2.9000000000000004,0.0
2025-10-11 16:00:00,15536.0,15449.356,16212.0,86.644,676.0,0.005577,0.043512,16,10,Saturday,14.6,3.4000000000000004,0.0
2025-10-11 17:00:00,15623.0,15560.843,16450.0,62.157,827.0,0.003979,0.052935,17,10,Saturday,14.0,4.0,0.0
2025-10-11 18:00:00,15603.0,15723.812,16696.0,120.812,1093.0,0.007743,0.070051,18,10,Saturday,13.8,4.199999999999999,0.0
2025-10-11 19:00:00,15232.0,15484.341,16175.0,252.341,943.0,0.016567,0.061909,19,10,Saturday,13.6,4.4,0.0
2025-10-11 20:00:00,14699.0,14968.68,15676.0,269.68,977.0,0.018347,0.066467,20,10,Saturday,13.6,4.4,0.0
2025-10-11 21:00:00,14169.0,14209.971,14792.0,40.971,623.0,0.002892,0.043969,21,10,Saturday,13.9,4.1,0.0
2025-10-11 22:00:00,13532.0,13520.392,14235.0,11.608,703.0,0.000858,0.051951,22,10,Saturday,13.9,4.1,0.0
2025-10-11 23:00:00,12979.0,13023.28,13707.0,44.28,728.0,0.003412,0.056091,23,10,Saturday,13.9,4.1,0.0
2025-10-12 00:00:00,12574.0,12790.597,13297.0,216.597,723.0,0.017226,0.0575,0,10,Sunday,13.7,4.300000000000001,0.0
2025-10-12 01:00:00,12281.0,12346.304,12782.0,65.304,501.0,0.005317,0.040795,1,10,Sunday,13.0,5.0,0.0
2025-10-12 02:00:00,12219.0,12095.48,12533.0,123.521,314.0,0.010109,0.025698,2,10,Sunday,12.7,5.300000000000001,0.0
2025-10-12 03:00:00,12308.0,11956.138,12496.0,351.862,188.0,0.028588,0.015275,3,10,Sunday,12.5,5.5,0.0
2025-10-12 04:00:00,12370.0,12080.911,12664.0,289.089,294.0,0.02337,0.023767,4,10,Sunday,12.2,5.800000000000001,0.0
2025-10-12 05:00:00,12732.0,12467.498,13084.0,264.502,352.0,0.020775,0.027647,5,10,Sunday,11.3,6.699999999999999,0.0
2025-10-12 06:00:00,13281.0,12920.797,13881.0,360.203,600.0,0.027122,0.045177,6,10,Sunday,10.9,7.1,0.0
2025-10-12 07:00:00,13794.0,13433.219,14583.0,360.781,789.0,0.026155,0.057199,7,10,Sunday,11.6,6.4,0.0
2025-10-12 08:00:00,14194.0,14059.508,15104.0,134.492,910.0,0.009475,0.064112,8,10,Sunday,13.3,4.699999999999999,0.0
2025-10-12 09:00:00,14015.0,14081.01,14972.0,66.01,957.0,0.00471,0.068284,9,10,Sunday,15.2,2.8000000000000007,0.0
2025-10-12 10:00:00,14073.0,14443.475,15005.0,370.475,932.0,0.026325,0.066226,10,10,Sunday,16.1,1.8999999999999986,0.0
2025-10-12 11:00:00,14347.0,14377.417,14833.0,30.417,486.0,0.00212,0.033875,11,10,Sunday,16.2,1.8000000000000007,0.0
2025-10-12 12:00:00,14107.0,14279.817,14713.0,172.817,606.0,0.01225,0.042957,12,10,Sunday,16.5,1.5,0.0
2025-10-12 13:00:00,14036.0,14424.148,14684.0,388.148,648.0,0.027654,0.046167,13,10,Sunday,17.2,0.8000000000000007,0.0
2025-10-12 14:00:00,14091.0,14746.528,15034.0,655.528,943.0,0.046521,0.066922,14,10,Sunday,17.2,0.8000000000000007,0.0
2025-10-12 15:00:00,14693.0,15181.93,15273.0,488.93,580.0,0.033276,0.039475,15,10,Sunday,17.0,1.0,0.0
2025-10-12 16:00:00,14864.0,15665.544,15536.0,801.544,672.0,0.053925,0.04521,16,10,Sunday,16.7,1.3000000000000007,0.0
2025-10-12 17:00:00,14905.0,15801.371,15623.0,896.371,718.0,0.060139,0.048172,17,10,Sunday,16.0,2.0,0.0
2025-10-12 18:00:00,15047.0,15782.338,15603.0,735.338,556.0,0.048869,0.036951,18,10,Sunday,15.3,2.6999999999999993,0.0
2025-10-12 19:00:00,14778.0,15514.306,15232.0,736.306,454.0,0.049824,0.030721,19,10,Sunday,15.1,2.9000000000000004,0.0
2025-10-12 20:00:00,14157.0,14856.407,14699.0,699.407,542.0,0.049404,0.038285,20,10,Sunday,15.2,2.8000000000000007,0.0
2025-10-12 21:00:00,13434.0,14290.308,14169.0,856.308,735.0,0.063742,0.054712,21,10,Sunday,14.5,3.5,0.0
2025-10-12 22:00:00,12849.0,13478.133,13532.0,629.133,683.0,0.048964,0.053156,22,10,Sunday,14.4,3.5999999999999996,0.0
2025-10-12 23:00:00,12510.0,12950.261,12979.0,440.261,469.0,0.035193,0.03749,23,10,Sunday,14.1,3.9000000000000004,0.0
2025-10-13 00:00:00,12087.0,12449.246,12574.0,362.246,487.0,0.02997,0.040291,0,10,Monday,13.5,4.5,0.0
2025-10-13 01:00:00,11935.0,12051.176,12281.0,116.176,346.0,0.009734,0.02899,1,10,Monday,13.1,4.9,0.0
2025-10-13 02:00:00,11809.0,11929.477,12219.0,120.477,410.0,0.010202,0.034719,2,10,Monday,12.6,5.4,0.0
2025-10-13 03:00:00,11810.0,11954.819,12308.0,144.819,498.0,0.012262,0.042168,3,10,Monday,12.0,6.0,0.0
2025-10-13 04:00:00,11986.0,12136.736,12370.0,150.736,384.0,0.012576,0.032037,4,10,Monday,12.1,5.9,0.0
2025-10-13 05:00:00,12386.0,12651.139,12732.0,265.139,346.0,0.021406,0.027935,5,10,Monday,12.3,5.699999999999999,0.0
2025-10-13 06:00:00,12883.0,13188.279,13281.0,305.279,398.0,0.023696,0.030893,6,10,Monday,12.5,5.5,0.0
2025-10-13 07:00:00,13247.0,13599.364,13794.0,352.364,547.0,0.0266,0.041292,7,10,Monday,13.7,4.300000000000001,0.0
2025-10-13 08:00:00,13679.0,13977.53,14194.0,298.53,515.0,0.021824,0.037649,8,10,Monday,14.3,3.6999999999999993,0.0
2025-10-13 09:00:00,13657.0,13939.008,14015.0,282.008,358.0,0.020649,0.026214,9,10,Monday,15.0,3.0,0.0
2025-10-13 10:00:00,13917.0,13992.417,14073.0,75.417,156.0,0.005419,0.011209,10,10,Monday,15.5,2.5,0.0
2025-10-13 11:00:00,14049.0,14154.621,14347.0,105.621,298.0,0.007518,0.021211,11,10,Monday,15.9,2.0999999999999996,0.0
2025-10-13 12:00:00,14074.0,14116.769,14107.0,42.769,33.0,0.003039,0.002345,12,10,Monday,16.2,1.8000000000000007,0.0
2025-10-13 13:00:00,14323.0,14188.515,14036.0,134.485,287.0,0.009389,0.020038,13,10,Monday,16.6,1.3999999999999986,0.0
2025-10-13 14:00:00,14630.0,14301.838,14091.0,328.162,539.0,0.022431,0.036842,14,10,Monday,16.5,1.5,0.0
2025-10-13 15:00:00,14826.0,14981.818,14693.0,155.818,133.0,0.01051,0.008971,15,10,Monday,17.0,1.0,0.0
2025-10-13 16:00:00,15297.0,15231.85,14864.0,65.15,433.0,0.004259,0.028306,16,10,Monday,16.7,1.3000000000000007,0.0
2025-10-13 17:00:00,15562.0,15239.037,14905.0,322.963,657.0,0.020753,0.042218,17,10,Monday,15.8,2.1999999999999993,0.0
2025-10-13 18:00:00,15734.0,15303.208,15047.0,430.792,687.0,0.02738,0.043663,18,10,Monday,14.5,3.5,0.0
2025-10-13 19:00:00,15512.0,15246.652,14778.0,265.348,734.0,0.017106,0.047318,19,10,Monday,14.1,3.9000000000000004,0.0
2025-10-13 20:00:00,14981.0,14715.145,14157.0,265.855,824.0,0.017746,0.055003,20,10,Monday,13.8,4.199999999999999,0.0
2025-10-13 21:00:00,14262.0,13884.018,13434.0,377.982,828.0,0.026503,0.058056,21,10,Monday,13.5,4.5,0.0
2025-10-13 22:00:00,13397.0,12957.471,12849.0,439.529,548.0,0.032808,0.040905,22,10,Monday,12.9,5.1,0.0
2025-10-13 23:00:00,12989.0,12577.837,12510.0,411.163,479.0,0.031655,0.036877,23,10,Monday,12.3,5.699999999999999,0.0
2025-10-14 00:00:00,12593.0,12653.33,12087.0,60.33,506.0,0.004791,0.040181,0,10,Tuesday,11.9,6.1,0.0
2025-10-14 01:00:00,12560.0,12469.166,11935.0,90.834,625.0,0.007232,0.049761,1,10,Tuesday,11.3,6.699999999999999,0.0
2025-10-14 02:00:00,12535.0,12342.631,11809.0,192.369,726.0,0.015347,0.057918,2,10,Tuesday,11.0,7.0,0.0
2025-10-14 03:00:00,12652.0,12373.182,11810.0,278.818,842.0,0.022037,0.066551,3,10,Tuesday,10.5,7.5,0.0
2025-10-14 04:00:00,13093.0,12709.285,11986.0,383.715,1107.0,0.029307,0.084549,4,10,Tuesday,10.2,7.800000000000001,0.0
2025-10-14 05:00:00,14435.0,13513.843,12386.0,921.157,2049.0,0.063814,0.141947,5,10,Tuesday,9.8,8.2,0.0
2025-10-14 06:00:00,15618.0,14350.806,12883.0,1267.194,2735.0,0.081137,0.175118,6,10,Tuesday,9.3,8.7,0.0
2025-10-14 07:00:00,15908.0,14661.166,13247.0,1246.834,2661.0,0.078378,0.167274,7,10,Tuesday,10.2,7.800000000000001,0.0
2025-10-14 08:00:00,15707.0,14808.736,13679.0,898.264,2028.0,0.057189,0.129114,8,10,Tuesday,11.3,6.699999999999999,0.0
2025-10-14 09:00:00,15427.0,14786.008,13657.0,640.992,1770.0,0.04155,0.114734,9,10,Tuesday,13.7,4.300000000000001,0.0
2025-10-14 10:00:00,14996.0,14941.969,13917.0,54.031,1079.0,0.003603,0.071953,10,10,Tuesday,16.0,2.0,0.0
2025-10-14 11:00:00,14963.0,15060.73,14049.0,97.73,914.0,0.006531,0.061084,11,10,Tuesday,17.8,0.1999999999999993,0.0
2025-10-14 12:00:00,15165.0,15211.141,14074.0,46.141,1091.0,0.003043,0.071942,12,10,Tuesday,19.3,0.0,1.3000000000000007
2025-10-14 13:00:00,15236.0,15592.499,14323.0,356.499,913.0,0.023398,0.059924,13,10,Tuesday,20.7,0.0,2.6999999999999993
2025-10-14 14:00:00,15532.0,15648.712,14630.0,116.712,902.0,0.007514,0.058074,14,10,Tuesday,20.4,0.0,2.3999999999999986
2025-10-14 15:00:00,15835.0,15767.707,14826.0,67.293,1009.0,0.00425,0.06372,15,10,Tuesday,19.9,0.0,1.8999999999999986
2025-10-14 16:00:00,16403.0,16221.874,15297.0,181.126,1106.0,0.011042,0.067427,16,10,Tuesday,19.8,0.0,1.8000000000000007
2025-10-14 17:00:00,16955.0,16057.032,15562.0,897.968,1393.0,0.052962,0.082159,17,10,Tuesday,18.4,0.0,0.3999999999999986
2025-10-14 18:00:00,17024.0,16022.196,15734.0,1001.804,1290.0,0.058847,0.075775,18,10,Tuesday,16.0,2.0,0.0
2025-10-14 19:00:00,16539.0,15862.306,15512.0,676.694,1027.0,0.040915,0.062096,19,10,Tuesday,15.0,3.0,0.0
2025-10-14 20:00:00,15885.0,15401.231,14981.0,483.769,904.0,0.030454,0.056909,20,10,Tuesday,14.0,4.0,0.0
2025-10-14 21:00:00,15063.0,14479.832,14262.0,583.168,801.0,0.038715,0.053177,21,10,Tuesday,13.4,4.6,0.0
2025-10-14 22:00:00,13987.0,13559.936,13397.0,427.064,590.0,0.030533,0.042182,22,10,Tuesday,13.0,5.0,0.0
2025-10-14 23:00:00,13329.0,13186.194,12989.0,142.806,340.0,0.010714,0.025508,23,10,Tuesday,13.0,5.0,0.0
2025-10-15 00:00:00,12961.0,12631.976,12593.0,329.024,368.0,0.025386,0.028393,0,10,Wednesday,12.8,5.199999999999999,0.0
2025-10-15 01:00:00,12875.0,12414.517,12560.0,460.483,315.0,0.035766,0.024466,1,10,Wednesday,12.6,5.4,0.0
2025-10-15 02:00:00,12851.0,12370.058,12535.0,480.942,316.0,0.037424,0.02459,2,10,Wednesday,11.8,6.199999999999999,0.0
2025-10-15 03:00:00,12807.0,12477.978,12652.0,329.022,155.0,0.025691,0.012103,3,10,Wednesday,11.6,6.4,0.0
2025-10-15 04:00:00,13345.0,12858.12,13093.0,486.88,252.0,0.036484,0.018883,4,10,Wednesday,11.1,6.9,0.0
2025-10-15 05:00:00,14579.0,14192.446,14435.0,386.554,144.0,0.026514,0.009877,5,10,Wednesday,10.8,7.199999999999999,0.0
2025-10-15 06:00:00,15880.0,15145.208,15618.0,734.792,262.0,0.046272,0.016499,6,10,Wednesday,10.4,7.6,0.0
2025-10-15 07:00:00,16063.0,15347.926,15908.0,715.074,155.0,0.044517,0.00965,7,10,Wednesday,10.2,7.800000000000001,0.0
2025-10-15 08:00:00,16001.0,15198.37,15707.0,802.63,294.0,0.050161,0.018374,8,10,Wednesday,10.6,7.4,0.0
2025-10-15 09:00:00,15719.0,15012.95,15427.0,706.05,292.0,0.044917,0.018576,9,10,Wednesday,10.7,7.300000000000001,0.0
2025-10-15 10:00:00,15498.0,14929.352,14996.0,568.648,502.0,0.036692,0.032391,10,10,Wednesday,11.6,6.4,0.0
2025-10-15 11:00:00,15205.0,14902.1,14963.0,302.9,242.0,0.019921,0.015916,11,10,Wednesday,11.4,6.6,0.0
2025-10-15 12:00:00,14920.0,14987.333,15165.0,67.333,245.0,0.004513,0.016421,12,10,Wednesday,12.7,5.300000000000001,0.0
2025-10-15 13:00:00,14703.0,15042.899,15236.0,339.899,533.0,0.023118,0.036251,13,10,Wednesday,13.3,4.699999999999999,0.0
2025-10-15 14:00:00,14689.0,15135.158,15532.0,446.158,843.0,0.030374,0.05739,14,10,Wednesday,13.9,4.1,0.0
2025-10-15 15:00:00,15028.0,15457.222,15835.0,429.222,807.0,0.028561,0.0537,15,10,Wednesday,14.0,4.0,0.0
2025-10-15 16:00:00,16090.0,15999.026,16403.0,90.974,313.0,0.005654,0.019453,16,10,Wednesday,13.6,4.4,0.0
2025-10-15 17:00:00,16464.0,16350.577,16955.0,113.423,491.0,0.006889,0.029823,17,10,Wednesday,12.5,5.5,0.0
2025-10-15 18:00:00,16660.0,16452.576,17024.0,207.424,364.0,0.01245,0.021849,18,10,Wednesday,10.6,7.4,0.0
2025-10-15 19:00:00,16345.0,16252.646,16539.0,92.354,194.0,0.00565,0.011869,19,10,Wednesday,9.9,8.1,0.0
2025-10-15 20:00:00,15757.0,15819.158,15885.0,62.158,128.0,0.003945,0.008123,20,10,Wednesday,8.9,9.1,0.0
2025-10-15 21:00:00,14996.0,14979.488,15063.0,16.512,67.0,0.001101,0.004468,21,10,Wednesday,8.5,9.5,0.0
2025-10-15 22:00:00,14228.0,13904.234,13987.0,323.766,241.0,0.022756,0.016938,22,10,Wednesday,8.3,9.7,0.0
2025-10-15 23:00:00,13499.0,13279.482,13329.0,219.518,170.0,0.016262,0.012594,23,10,Wednesday,8.2,9.8,0.0
2025-10-16 00:00:00,13165.0,12720.274,12961.0,444.726,204.0,0.033781,0.015496,0,10,Thursday,8.0,10.0,0.0
2025-10-16 01:00:00,13035.0,12612.938,12875.0,422.062,160.0,0.032379,0.012275,1,10,Thursday,7.1,10.9,0.0
2025-10-16 02:00:00,13097.0,12630.217,12851.0,466.783,246.0,0.03564,0.018783,2,10,Thursday,6.3,11.7,0.0
2025-10-16 03:00:00,13060.0,12695.078,12807.0,364.922,253.0,0.027942,0.019372,3,10,Thursday,5.8,12.2,0.0
2025-10-16 04:00:00,13465.0,13325.249,13345.0,139.751,120.0,0.010379,0.008912,4,10,Thursday,5.3,12.7,0.0
2025-10-16 05:00:00,14593.0,14567.923,14579.0,25.077,14.0,0.001718,0.000959,5,10,Thursday,4.8,13.2,0.0
2025-10-16 06:00:00,15858.0,15908.106,15880.0,50.106,22.0,0.00316,0.001387,6,10,Thursday,4.4,13.6,0.0
2025-10-16 07:00:00,16047.0,16088.776,16063.0,41.776,16.0,0.002603,0.000997,7,10,Thursday,5.0,13.0,0.0
2025-10-16 08:00:00,15536.0,15865.058,16001.0,329.058,465.0,0.02118,0.02993,8,10,Thursday,6.0,12.0,0.0
2025-10-16 09:00:00,14920.0,15331.501,15719.0,411.501,799.0,0.02758,0.053552,9,10,Thursday,8.3,9.7,0.0
2025-10-16 10:00:00,14433.0,14981.424,15498.0,548.424,1065.0,0.037998,0.073789,10,10,Thursday,10.4,7.6,0.0
2025-10-16 11:00:00,14351.0,14991.546,15205.0,640.546,854.0,0.044634,0.059508,11,10,Thursday,11.9,6.1,0.0
2025-10-16 12:00:00,14416.0,14803.263,14920.0,387.263,504.0,0.026863,0.034961,12,10,Thursday,12.8,5.199999999999999,0.0
2025-10-16 13:00:00,14360.0,14808.796,14703.0,448.796,343.0,0.031253,0.023886,13,10,Thursday,14.1,3.9000000000000004,0.0
2025-10-16 14:00:00,14518.0,14822.501,14689.0,304.501,171.0,0.020974,0.011778,14,10,Thursday,14.7,3.3000000000000007,0.0
2025-10-16 15:00:00,15199.0,15127.375,15028.0,71.625,171.0,0.004712,0.011251,15,10,Thursday,14.7,3.3000000000000007,0.0
2025-10-16 16:00:00,15972.0,15904.117,16090.0,67.883,118.0,0.00425,0.007388,16,10,Thursday,14.4,3.5999999999999996,0.0
2025-10-16 17:00:00,16675.0,16168.359,16464.0,506.641,211.0,0.030383,0.012654,17,10,Thursday,13.1,4.9,0.0
2025-10-16 18:00:00,16981.0,16284.318,16660.0,696.682,321.0,0.041027,0.018903,18,10,Thursday,11.8,6.199999999999999,0.0
2025-10-16 19:00:00,16622.0,16168.295,16345.0,453.705,277.0,0.027295,0.016665,19,10,Thursday,10.9,7.1,0.0
2025-10-16 20:00:00,16204.0,15808.691,15757.0,395.309,447.0,0.024396,0.027586,20,10,Thursday,9.7,8.3,0.0
2025-10-16 21:00:00,15274.0,15010.882,14996.0,263.118,278.0,0.017227,0.018201,21,10,Thursday,9.3,8.7,0.0
2025-10-16 22:00:00,14615.0,14150.196,14228.0,464.804,387.0,0.031803,0.02648,22,10,Thursday,8.7,9.3,0.0
2025-10-16 23:00:00,13987.0,13464.325,13499.0,522.675,488.0,0.037369,0.03489,23,10,Thursday,8.0,10.0,0.0
2025-10-17 00:00:00,13617.0,12976.896,13165.0,640.104,452.0,0.047008,0.033194,0,10,Friday,7.8,10.2,0.0
2025-10-17 01:00:00,13482.0,12904.44,13035.0,577.56,447.0,0.042839,0.033155,1,10,Friday,6.8,11.2,0.0
2025-10-17 02:00:00,13408.0,13017.352,13097.0,390.648,311.0,0.029135,0.023195,2,10,Friday,5.7,12.3,0.0
2025-10-17 03:00:00,13692.0,12955.91,13060.0,736.09,632.0,0.053761,0.046158,3,10,Friday,4.8,13.2,0.0
2025-10-17 04:00:00,13693.0,13433.363,13465.0,259.637,228.0,0.018961,0.016651,4,10,Friday,4.4,13.6,0.0
2025-10-17 05:00:00,14595.0,14615.092,14593.0,20.092,2.0,0.001377,0.000137,5,10,Friday,5.2,12.8,0.0
2025-10-17 06:00:00,16164.0,15729.027,15858.0,434.973,306.0,0.02691,0.018931,6,10,Friday,5.4,12.6,0.0
2025-10-17 07:00:00,16588.0,15750.029,16047.0,837.971,541.0,0.050517,0.032614,7,10,Friday,6.8,11.2,0.0
2025-10-17 08:00:00,16479.0,15493.424,15536.0,985.576,943.0,0.059808,0.057224,8,10,Friday,7.5,10.5,0.0
2025-10-17 09:00:00,16445.0,15075.787,14920.0,1369.213,1525.0,0.08326,0.092733,9,10,Friday,8.3,9.7,0.0
2025-10-17 10:00:00,16321.0,14635.772,14433.0,1685.228,1888.0,0.103255,0.115679,10,10,Friday,9.0,9.0,0.0
2025-10-17 11:00:00,16234.0,14567.834,14351.0,1666.166,1883.0,0.102634,0.115991,11,10,Friday,9.8,8.2,0.0
2025-10-17 12:00:00,16053.0,14564.317,14416.0,1488.683,1637.0,0.092736,0.101975,12,10,Friday,11.2,6.800000000000001,0.0
2025-10-17 13:00:00,16027.0,14538.219,14360.0,1488.781,1667.0,0.092892,0.104012,13,10,Friday,11.4,6.6,0.0
2025-10-17 14:00:00,16073.0,14601.858,14518.0,1471.142,1555.0,0.091529,0.096746,14,10,Friday,12.0,6.0,0.0
2025-10-17 15:00:00,16495.0,15042.62,15199.0,1452.38,1296.0,0.08805,0.078569,15,10,Friday,12.2,5.800000000000001,0.0
2025-10-17 16:00:00,16890.0,15635.664,15972.0,1254.336,918.0,0.074265,0.054352,16,10,Friday,12.3,5.699999999999999,0.0
2025-10-17 17:00:00,16877.0,16113.665,16675.0,763.335,202.0,0.045229,0.011969,17,10,Friday,12.2,5.800000000000001,0.0
2025-10-17 18:00:00,16769.0,16208.885,16981.0,560.115,212.0,0.033402,0.012642,18,10,Friday,12.2,5.800000000000001,0.0
2025-10-17 19:00:00,16463.0,16029.77,16622.0,433.229,159.0,0.026315,0.009658,19,10,Friday,10.8,7.199999999999999,0.0
2025-10-17 20:00:00,15963.0,15526.516,16204.0,436.484,241.0,0.027343,0.015097,20,10,Friday,11.6,6.4,0.0
2025-10-17 21:00:00,15125.0,14890.893,15274.0,234.107,149.0,0.015478,0.009851,21,10,Friday,12.0,6.0,0.0
2025-10-17 22:00:00,14176.0,14224.499,14615.0,48.499,439.0,0.003421,0.030968,22,10,Friday,11.9,6.1,0.0
2025-10-17 23:00:00,13556.0,13611.695,13987.0,55.695,431.0,0.004109,0.031794,23,10,Friday,12.2,5.800000000000001,0.0
2025-10-18 00:00:00,13073.0,12960.843,13617.0,112.157,544.0,0.008579,0.041612,0,10,Saturday,12.6,5.4,0.0
2025-10-18 01:00:00,12893.0,12808.531,13482.0,84.469,589.0,0.006552,0.045684,1,10,Saturday,13.0,5.0,0.0
2025-10-18 02:00:00,12807.0,12628.921,13408.0,178.079,601.0,0.013905,0.046927,2,10,Saturday,13.1,4.9,0.0
2025-10-18 03:00:00,12737.0,12699.913,13692.0,37.087,955.0,0.002912,0.074978,3,10,Saturday,13.4,4.6,0.0
2025-10-18 04:00:00,12821.0,12648.028,13693.0,172.972,872.0,0.013491,0.068013,4,10,Saturday,13.5,4.5,0.0
2025-10-18 05:00:00,13432.0,13009.383,14595.0,422.617,1163.0,0.031463,0.086584,5,10,Saturday,13.7,4.300000000000001,0.0
2025-10-18 06:00:00,14005.0,14209.398,16164.0,204.398,2159.0,0.014595,0.154159,6,10,Saturday,13.7,4.300000000000001,0.0
2025-10-18 07:00:00,14521.0,14367.219,16588.0,153.781,2067.0,0.01059,0.142346,7,10,Saturday,13.8,4.199999999999999,0.0
2025-10-18 08:00:00,14991.0,14369.569,16479.0,621.431,1488.0,0.041454,0.09926,8,10,Saturday,14.5,3.5,0.0
2025-10-18 09:00:00,14663.0,14372.21,16445.0,290.79,1782.0,0.019832,0.12153,9,10,Saturday,15.6,2.4000000000000004,0.0
2025-10-18 10:00:00,14448.0,14350.262,16321.0,97.738,1873.0,0.006765,0.129637,10,10,Saturday,16.8,1.1999999999999993,0.0
2025-10-18 11:00:00,14550.0,14369.438,16234.0,180.562,1684.0,0.01241,0.115739,11,10,Saturday,17.7,0.3000000000000007,0.0
2025-10-18 12:00:00,14602.0,14334.086,16053.0,267.914,1451.0,0.018348,0.09937,12,10,Saturday,18.2,0.0,0.1999999999999993
2025-10-18 13:00:00,14474.0,14447.227,16027.0,26.773,1553.0,0.00185,0.107296,13,10,Saturday,19.1,0.0,1.1000000000000014
2025-10-18 14:00:00,14772.0,14620.849,16073.0,151.151,1301.0,0.010232,0.088072,14,10,Saturday,19.8,0.0,1.8000000000000007
2025-10-18 15:00:00,15274.0,14937.591,16495.0,336.409,1221.0,0.022025,0.07994,15,10,Saturday,20.1,0.0,2.1000000000000014
2025-10-18 16:00:00,15793.0,15380.262,16890.0,412.738,1097.0,0.026134,0.069461,16,10,Saturday,19.7,0.0,1.6999999999999993
2025-10-18 17:00:00,15767.0,15506.216,16877.0,260.784,1110.0,0.01654,0.0704,17,10,Saturday,19.1,0.0,1.1000000000000014
2025-10-18 18:00:00,15568.0,15282.496,16769.0,285.504,1201.0,0.018339,0.077145,18,10,Saturday,18.3,0.0,0.3000000000000007
2025-10-18 19:00:00,15245.0,14999.975,16463.0,245.025,1218.0,0.016072,0.079895,19,10,Saturday,17.3,0.6999999999999993,0.0
2025-10-18 20:00:00,14823.0,14743.666,15963.0,79.334,1140.0,0.005352,0.076908,20,10,Saturday,17.8,0.1999999999999993,0.0
2025-10-18 21:00:00,14101.0,14108.464,15125.0,7.464,1024.0,0.000529,0.072619,21,10,Saturday,17.7,0.3000000000000007,0.0
2025-10-18 22:00:00,13632.0,13685.002,14176.0,53.002,544.0,0.003888,0.039906,22,10,Saturday,18.2,0.0,0.1999999999999993
2025-10-18 23:00:00,13291.0,13211.706,13556.0,79.294,265.0,0.005966,0.019938,23,10,Saturday,18.2,0.0,0.1999999999999993
2025-10-19 00:00:00,12566.0,12936.581,13073.0,370.581,507.0,0.029491,0.040347,0,10,Sunday,18.1,0.0,0.10000000000000142
2025-10-19 01:00:00,12125.0,12629.558,12893.0,504.558,768.0,0.041613,0.06334,1,10,Sunday,18.0,0.0,0.0
2025-10-19 02:00:00,12174.0,12361.675,12807.0,187.675,633.0,0.015416,0.051996,2,10,Sunday,17.3,0.6999999999999993,0.0
2025-10-19 03:00:00,12089.0,12436.914,12737.0,347.914,648.0,0.028779,0.053602,3,10,Sunday,17.8,0.1999999999999993,0.0
2025-10-19 04:00:00,12088.0,12408.782,12821.0,320.782,733.0,0.026537,0.060639,4,10,Sunday,18.0,0.0,0.0
2025-10-19 05:00:00,12223.0,12900.545,13432.0,677.545,1209.0,0.055432,0.098912,5,10,Sunday,18.1,0.0,0.10000000000000142
2025-10-19 06:00:00,12918.0,13309.897,14005.0,391.897,1087.0,0.030337,0.084146,6,10,Sunday,18.6,0.0,0.6000000000000014
2025-10-19 07:00:00,13677.0,13645.921,14521.0,31.079,844.0,0.002272,0.061709,7,10,Sunday,19.2,0.0,1.1999999999999993
2025-10-19 08:00:00,14138.0,14095.631,14991.0,42.369,853.0,0.002997,0.060334,8,10,Sunday,19.7,0.0,1.6999999999999993
2025-10-19 09:00:00,14575.0,14006.812,14663.0,568.188,88.0,0.038984,0.006038,9,10,Sunday,20.0,0.0,2.0
2025-10-19 10:00:00,15068.0,14006.821,14448.0,1061.179,620.0,0.070426,0.041147,10,10,Sunday,19.8,0.0,1.8000000000000007
2025-10-19 11:00:00,15299.0,14206.108,14550.0,1092.892,749.0,0.071436,0.048957,11,10,Sunday,20.7,0.0,2.6999999999999993
2025-10-19 12:00:00,15485.0,14291.404,14602.0,1193.596,883.0,0.077081,0.057023,12,10,Sunday,20.8,0.0,2.8000000000000007
2025-10-19 13:00:00,15643.0,14388.789,14474.0,1254.211,1169.0,0.080177,0.07473,13,10,Sunday,20.9,0.0,2.8999999999999986
2025-10-19 14:00:00,15827.0,14434.09,14772.0,1392.91,1055.0,0.088008,0.066658,14,10,Sunday,19.7,0.0,1.6999999999999993
2025-10-19 15:00:00,16354.0,14938.37,15274.0,1415.63,1080.0,0.086562,0.066039,15,10,Sunday,17.2,0.8000000000000007,0.0
2025-10-19 16:00:00,16217.0,15340.437,15793.0,876.563,424.0,0.054052,0.026145,16,10,Sunday,16.7,1.3000000000000007,0.0
2025-10-19 17:00:00,16186.0,15381.922,15767.0,804.078,419.0,0.049677,0.025887,17,10,Sunday,16.5,1.5,0.0
2025-10-19 18:00:00,15618.0,15327.871,15568.0,290.129,50.0,0.018577,0.003201,18,10,Sunday,16.1,1.8999999999999986,0.0
2025-10-19 19:00:00,15239.0,15182.52,15245.0,56.479,6.0,0.003706,0.000394,19,10,Sunday,15.9,2.0999999999999996,0.0
2025-10-19 20:00:00,14825.0,14657.44,14823.0,167.56,2.0,0.011303,0.000135,20,10,Sunday,15.8,2.1999999999999993,0.0
2025-10-19 21:00:00,14063.0,13913.319,14101.0,149.681,38.0,0.010644,0.002702,21,10,Sunday,14.9,3.0999999999999996,0.0
2025-10-19 22:00:00,13435.0,13301.32,13632.0,133.68,197.0,0.00995,0.014663,22,10,Sunday,14.3,3.6999999999999993,0.0
2025-10-19 23:00:00,12745.0,12938.297,13291.0,193.297,546.0,0.015166,0.04284,23,10,Sunday,13.8,4.199999999999999,0.0
2025-10-20 00:00:00,12527.0,12684.864,12566.0,157.864,39.0,0.012602,0.003113,0,10,Monday,13.7,4.300000000000001,0.0
2025-10-20 01:00:00,12302.0,12251.251,12125.0,50.749,177.0,0.004125,0.014388,1,10,Monday,13.8,4.199999999999999,0.0
2025-10-20 02:00:00,12328.0,12353.598,12174.0,25.598,154.0,0.002076,0.012492,2,10,Monday,12.4,5.6,0.0
2025-10-20 03:00:00,12461.0,12244.804,12089.0,216.196,372.0,0.01735,0.029853,3,10,Monday,11.5,6.5,0.0
2025-10-20 04:00:00,12956.0,12409.129,12088.0,546.871,868.0,0.04221,0.066996,4,10,Monday,11.2,6.800000000000001,0.0
2025-10-20 05:00:00,14184.0,13066.572,12223.0,1117.428,1961.0,0.078781,0.138254,5,10,Monday,11.0,7.0,0.0
2025-10-20 06:00:00,15566.0,14293.783,12918.0,1272.217,2648.0,0.081731,0.170114,6,10,Monday,10.7,7.300000000000001,0.0
2025-10-20 07:00:00,16167.0,14810.451,13677.0,1356.549,2490.0,0.083909,0.154017,7,10,Monday,10.8,7.199999999999999,0.0
2025-10-20 08:00:00,16191.0,15137.919,14138.0,1053.081,2053.0,0.065041,0.126799,8,10,Monday,11.1,6.9,0.0
2025-10-20 09:00:00,15978.0,15216.579,14575.0,761.421,1403.0,0.047654,0.087808,9,10,Monday,11.4,6.6,0.0
2025-10-20 10:00:00,15667.0,15431.069,15068.0,235.931,599.0,0.015059,0.038233,10,10,Monday,12.4,5.6,0.0
2025-10-20 11:00:00,15357.0,15515.48,15299.0,158.48,58.0,0.01032,0.003777,11,10,Monday,13.7,4.300000000000001,0.0
2025-10-20 12:00:00,15367.0,15536.23,15485.0,169.229,118.0,0.011013,0.007679,12,10,Monday,14.1,3.9000000000000004,0.0
2025-10-20 13:00:00,15308.0,15728.547,15643.0,420.547,335.0,0.027472,0.021884,13,10,Monday,14.9,3.0999999999999996,0.0
2025-10-20 14:00:00,15410.0,16126.86,15827.0,716.86,417.0,0.046519,0.02706,14,10,Monday,15.2,2.8000000000000007,0.0
2025-10-20 15:00:00,15964.0,16363.007,16354.0,399.007,390.0,0.024994,0.02443,15,10,Monday,15.1,2.9000000000000004,0.0
2025-10-20 16:00:00,16432.0,16418.582,16217.0,13.418,215.0,0.000817,0.013084,16,10,Monday,14.6,3.4000000000000004,0.0
2025-10-20 17:00:00,16772.0,16511.574,16186.0,260.426,586.0,0.015527,0.034939,17,10,Monday,13.4,4.6,0.0
2025-10-20 18:00:00,17007.0,16301.005,15618.0,705.995,1389.0,0.041512,0.081672,18,10,Monday,12.1,5.9,0.0
2025-10-20 19:00:00,16588.0,16041.794,15239.0,546.206,1349.0,0.032928,0.081324,19,10,Monday,11.2,6.800000000000001,0.0
2025-10-20 20:00:00,16007.0,15411.562,14825.0,595.438,1182.0,0.037199,0.073843,20,10,Monday,10.2,7.800000000000001,0.0
2025-10-20 21:00:00,15126.0,14622.192,14063.0,503.808,1063.0,0.033307,0.070276,21,10,Monday,9.3,8.7,0.0
2025-10-20 22:00:00,14188.0,13746.349,13435.0,441.651,753.0,0.031128,0.053073,22,10,Monday,8.1,9.9,0.0
2025-10-20 23:00:00,13605.0,13082.206,12745.0,522.794,860.0,0.038427,0.063212,23,10,Monday,7.7,10.3,0.0
2025-10-21 00:00:00,13190.0,12728.989,12527.0,461.011,663.0,0.034952,0.050265,0,10,Tuesday,7.0,11.0,0.0
2025-10-21 01:00:00,12950.0,12554.206,12302.0,395.794,648.0,0.030563,0.050039,1,10,Tuesday,6.2,11.8,0.0
2025-10-21 02:00:00,12843.0,12588.464,12328.0,254.536,515.0,0.019819,0.0401,2,10,Tuesday,5.6,12.4,0.0
2025-10-21 03:00:00,12973.0,12623.536,12461.0,349.464,512.0,0.026938,0.039467,3,10,Tuesday,6.0,12.0,0.0
2025-10-21 04:00:00,13498.0,12946.203,12956.0,551.797,542.0,0.04088,0.040154,4,10,Tuesday,7.3,10.7,0.0
2025-10-21 05:00:00,14578.0,14248.139,14184.0,329.861,394.0,0.022627,0.027027,5,10,Tuesday,8.8,9.2,0.0
2025-10-21 06:00:00,15953.0,15229.976,15566.0,723.024,387.0,0.045322,0.024259,6,10,Tuesday,9.7,8.3,0.0
2025-10-21 07:00:00,16131.0,15622.991,16167.0,508.009,36.0,0.031493,0.002232,7,10,Tuesday,10.4,7.6,0.0
2025-10-21 08:00:00,15959.0,15549.007,16191.0,409.993,232.0,0.02569,0.014537,8,10,Tuesday,11.5,6.5,0.0
2025-10-21 09:00:00,15842.0,15485.437,15978.0,356.563,136.0,0.022507,0.008585,9,10,Tuesday,12.4,5.6,0.0
2025-10-21 10:00:00,15922.0,15273.811,15667.0,648.189,255.0,0.04071,0.016016,10,10,Tuesday,13.2,4.800000000000001,0.0
2025-10-21 11:00:00,15790.0,15211.982,15357.0,578.018,433.0,0.036607,0.027422,11,10,Tuesday,13.1,4.9,0.0
2025-10-21 12:00:00,15710.0,15234.291,15367.0,475.709,343.0,0.030281,0.021833,12,10,Tuesday,13.5,4.5,0.0
2025-10-21 13:00:00,15856.0,15260.621,15308.0,595.379,548.0,0.037549,0.034561,13,10,Tuesday,15.1,2.9000000000000004,0.0
2025-10-21 14:00:00,15822.0,15278.737,15410.0,543.263,412.0,0.034336,0.02604,14,10,Tuesday,14.7,3.3000000000000007,0.0
2025-10-21 15:00:00,16059.0,15674.462,15964.0,384.538,95.0,0.023945,0.005916,15,10,Tuesday,15.4,2.5999999999999996,0.0
2025-10-21 16:00:00,16583.0,16183.591,16432.0,399.409,151.0,0.024085,0.009106,16,10,Tuesday,15.2,2.8000000000000007,0.0
2025-10-21 17:00:00,16407.0,16483.44,16772.0,76.44,365.0,0.004659,0.022247,17,10,Tuesday,14.1,3.9000000000000004,0.0
2025-10-21 18:00:00,16889.0,16646.49,17007.0,242.51,118.0,0.014359,0.006987,18,10,Tuesday,12.2,5.800000000000001,0.0
2025-10-21 19:00:00,16867.0,16298.151,16588.0,568.849,279.0,0.033726,0.016541,19,10,Tuesday,13.1,4.9,0.0
2025-10-21 20:00:00,16191.0,15863.486,16007.0,327.514,184.0,0.020228,0.011364,20,10,Tuesday,11.4,6.6,0.0
2025-10-21 21:00:00,15141.0,14972.989,15126.0,168.011,15.0,0.011096,0.000991,21,10,Tuesday,10.5,7.5,0.0
2025-10-21 22:00:00,13984.0,14119.332,14188.0,135.332,204.0,0.009678,0.014588,22,10,Tuesday,9.4,8.6,0.0
2025-10-21 23:00:00,13426.0,13423.902,13605.0,2.098,179.0,0.000156,0.013332,23,10,Tuesday,10.1,7.9,0.0
2025-10-22 00:00:00,13213.0,12837.083,13190.0,375.917,23.0,0.028451,0.001741,0,10,Wednesday,10.4,7.6,0.0
2025-10-22 01:00:00,13148.0,12619.682,12950.0,528.318,198.0,0.040182,0.015059,1,10,Wednesday,9.0,9.0,0.0
2025-10-22 02:00:00,12901.0,12503.532,12843.0,397.468,58.0,0.030809,0.004496,2,10,Wednesday,8.9,9.1,0.0
2025-10-22 03:00:00,12983.0,12640.667,12973.0,342.333,10.0,0.026368,0.00077,3,10,Wednesday,8.6,9.4,0.0
2025-10-22 04:00:00,13489.0,13239.326,13498.0,249.674,9.0,0.018509,0.000667,4,10,Wednesday,8.2,9.8,0.0
2025-10-22 05:00:00,14587.0,14372.609,14578.0,214.391,9.0,0.014697,0.000617,5,10,Wednesday,7.7,10.3,0.0
2025-10-22 06:00:00,15848.0,15745.73,15953.0,102.27,105.0,0.006453,0.006625,6,10,Wednesday,7.2,10.8,0.0
2025-10-22 07:00:00,16187.0,15955.554,16131.0,231.446,56.0,0.014298,0.00346,7,10,Wednesday,6.9,11.1,0.0
2025-10-22 08:00:00,16105.0,15903.236,15959.0,201.764,146.0,0.012528,0.009066,8,10,Wednesday,7.4,10.6,0.0
2025-10-22 09:00:00,16083.0,15531.916,15842.0,551.084,241.0,0.034265,0.014985,9,10,Wednesday,8.4,9.6,0.0
2025-10-22 10:00:00,16237.0,15322.324,15922.0,914.676,315.0,0.056333,0.0194,10,10,Wednesday,9.9,8.1,0.0
2025-10-22 11:00:00,16161.0,15191.086,15790.0,969.914,371.0,0.060016,0.022957,11,10,Wednesday,10.9,7.1,0.0
2025-10-22 12:00:00,16141.0,15101.25,15710.0,1039.75,431.0,0.064417,0.026702,12,10,Wednesday,11.1,6.9,0.0
2025-10-22 13:00:00,16103.0,15201.457,15856.0,901.543,247.0,0.055986,0.015339,13,10,Wednesday,11.5,6.5,0.0
2025-10-22 14:00:00,16119.0,15295.34,15822.0,823.66,297.0,0.051099,0.018425,14,10,Wednesday,9.4,8.6,0.0
2025-10-22 15:00:00,16463.0,15479.112,16059.0,983.888,404.0,0.059764,0.02454,15,10,Wednesday,10.2,7.800000000000001,0.0
2025-10-22 16:00:00,16895.0,16008.326,16583.0,886.674,312.0,0.052481,0.018467,16,10,Wednesday,10.7,7.300000000000001,0.0
2025-10-22 17:00:00,16797.0,16088.347,16407.0,708.653,390.0,0.042189,0.023218,17,10,Wednesday,9.7,8.3,0.0
2025-10-22 18:00:00,17057.0,16416.883,16889.0,640.117,168.0,0.037528,0.009849,18,10,Wednesday,8.8,9.2,0.0
2025-10-22 19:00:00,16755.0,16332.746,16867.0,422.254,112.0,0.025202,0.006685,19,10,Wednesday,8.7,9.3,0.0
2025-10-22 20:00:00,16025.0,15854.342,16191.0,170.658,166.0,0.010649,0.010359,20,10,Wednesday,8.3,9.7,0.0
2025-10-22 21:00:00,15250.0,15045.988,15141.0,204.012,109.0,0.013378,0.007148,21,10,Wednesday,7.6,10.4,0.0
2025-10-22 22:00:00,14341.0,13854.52,13984.0,486.48,357.0,0.033922,0.024894,22,10,Wednesday,7.2,10.8,0.0
2025-10-22 23:00:00,13600.0,13258.751,13426.0,341.249,174.0,0.025092,0.012794,23,10,Wednesday,7.1,10.9,0.0
2025-10-23 00:00:00,13336.0,12878.119,13213.0,457.881,123.0,0.034334,0.009223,0,10,Thursday,7.3,10.7,0.0
2025-10-23 01:00:00,13220.0,12839.125,13148.0,380.875,72.0,0.028811,0.005446,1,10,Thursday,7.4,10.6,0.0
2025-10-23 02:00:00,13108.0,12597.519,12901.0,510.481,207.0,0.038944,0.015792,2,10,Thursday,7.7,10.3,0.0
2025-10-23 03:00:00,13301.0,12711.843,12983.0,589.157,318.0,0.044294,0.023908,3,10,Thursday,7.6,10.4,0.0
2025-10-23 04:00:00,13567.0,13282.101,13489.0,284.899,78.0,0.020999,0.005749,4,10,Thursday,7.5,10.5,0.0
2025-10-23 05:00:00,14899.0,14375.481,14587.0,523.519,312.0,0.035138,0.020941,5,10,Thursday,7.6,10.4,0.0
2025-10-23 06:00:00,16190.0,15689.321,15848.0,500.679,342.0,0.030925,0.021124,6,10,Thursday,7.3,10.7,0.0
2025-10-23 07:00:00,16638.0,15856.819,16187.0,781.181,451.0,0.046952,0.027107,7,10,Thursday,7.8,10.2,0.0
2025-10-23 08:00:00,16690.0,15511.765,16105.0,1178.235,585.0,0.070595,0.035051,8,10,Thursday,8.5,9.5,0.0
2025-10-23 09:00:00,16412.0,15394.013,16083.0,1017.987,329.0,0.062027,0.020046,9,10,Thursday,9.6,8.4,0.0
2025-10-23 10:00:00,16137.0,15353.578,16237.0,783.422,100.0,0.048548,0.006197,10,10,Thursday,9.8,8.2,0.0
2025-10-23 11:00:00,16102.0,15268.027,16161.0,833.973,59.0,0.051793,0.003664,11,10,Thursday,10.8,7.199999999999999,0.0
2025-10-23 12:00:00,15998.0,15311.768,16141.0,686.232,143.0,0.042895,0.008939,12,10,Thursday,11.7,6.300000000000001,0.0
2025-10-23 13:00:00,15775.0,15281.77,16103.0,493.229,328.0,0.031267,0.020792,13,10,Thursday,10.5,7.5,0.0
2025-10-23 14:00:00,15907.0,15302.864,16119.0,604.136,212.0,0.037979,0.013327,14,10,Thursday,11.7,6.300000000000001,0.0
2025-10-23 15:00:00,16208.0,15517.414,16463.0,690.586,255.0,0.042608,0.015733,15,10,Thursday,10.8,7.199999999999999,0.0
2025-10-23 16:00:00,16785.0,16172.761,16895.0,612.239,110.0,0.036475,0.006553,16,10,Thursday,9.6,8.4,0.0
2025-10-23 17:00:00,17057.0,16283.871,16797.0,773.129,260.0,0.045326,0.015243,17,10,Thursday,9.2,8.8,0.0
2025-10-23 18:00:00,17191.0,16588.176,17057.0,602.824,134.0,0.035066,0.007795,18,10,Thursday,8.8,9.2,0.0
2025-10-23 19:00:00,17022.0,16328.139,16755.0,693.861,267.0,0.040763,0.015686,19,10,Thursday,8.3,9.7,0.0
2025-10-23 20:00:00,16539.0,15982.846,16025.0,556.154,514.0,0.033627,0.031078,20,10,Thursday,8.1,9.9,0.0
2025-10-23 21:00:00,15422.0,15317.863,15250.0,104.137,172.0,0.006752,0.011153,21,10,Thursday,7.5,10.5,0.0
2025-10-23 22:00:00,14688.0,14264.592,14341.0,423.408,347.0,0.028827,0.023625,22,10,Thursday,7.0,11.0,0.0
2025-10-23 23:00:00,14097.0,13451.656,13600.0,645.344,497.0,0.045779,0.035256,23,10,Thursday,6.7,11.3,0.0
2025-10-24 00:00:00,13820.0,13236.323,13336.0,583.677,484.0,0.042234,0.035022,0,10,Friday,6.4,11.6,0.0
2025-10-24 01:00:00,13696.0,13017.762,13220.0,678.238,476.0,0.049521,0.034755,1,10,Friday,6.6,11.4,0.0
2025-10-24 02:00:00,13528.0,12946.477,13108.0,581.523,420.0,0.042987,0.031047,2,10,Friday,6.5,11.5,0.0
2025-10-24 03:00:00,13553.0,13155.682,13301.0,397.318,252.0,0.029316,0.018594,3,10,Friday,6.4,11.6,0.0
2025-10-24 04:00:00,13942.0,13395.542,13567.0,546.458,375.0,0.039195,0.026897,4,10,Friday,6.4,11.6,0.0
2025-10-24 05:00:00,15118.0,14706.671,14899.0,411.329,219.0,0.027208,0.014486,5,10,Friday,6.2,11.8,0.0
2025-10-24 06:00:00,16340.0,15894.781,16190.0,445.219,150.0,0.027247,0.00918,6,10,Friday,5.9,12.1,0.0
2025-10-24 07:00:00,16837.0,16105.071,16638.0,731.929,199.0,0.043471,0.011819,7,10,Friday,6.7,11.3,0.0
2025-10-24 08:00:00,16770.0,16143.196,16690.0,626.804,80.0,0.037377,0.00477,8,10,Friday,6.9,11.1,0.0
2025-10-24 09:00:00,16311.0,15857.074,16412.0,453.926,101.0,0.027829,0.006192,9,10,Friday,7.9,10.1,0.0
2025-10-24 10:00:00,16001.0,15581.889,16137.0,419.111,136.0,0.026193,0.008499,10,10,Friday,9.3,8.7,0.0
2025-10-24 11:00:00,15886.0,15530.166,16102.0,355.834,216.0,0.022399,0.013597,11,10,Friday,10.2,7.800000000000001,0.0
2025-10-24 12:00:00,15858.0,15414.128,15998.0,443.872,140.0,0.02799,0.008828,12,10,Friday,10.7,7.300000000000001,0.0
2025-10-24 13:00:00,15706.0,15220.496,15775.0,485.504,69.0,0.030912,0.004393,13,10,Friday,10.9,7.1,0.0
2025-10-24 14:00:00,16168.0,15358.915,15907.0,809.085,261.0,0.050042,0.016143,14,10,Friday,10.7,7.300000000000001,0.0
2025-10-24 15:00:00,16642.0,15455.415,16208.0,1186.585,434.0,0.071301,0.026079,15,10,Friday,10.5,7.5,0.0
2025-10-24 16:00:00,16952.0,16054.712,16785.0,897.288,167.0,0.052931,0.009851,16,10,Friday,10.0,8.0,0.0
2025-10-24 17:00:00,17058.0,16309.513,17057.0,748.487,1.0,0.043879,5.9e-05,17,10,Friday,8.9,9.1,0.0
2025-10-24 18:00:00,17006.0,16433.5,17191.0,572.5,185.0,0.033665,0.010879,18,10,Friday,7.8,10.2,0.0
2025-10-24 19:00:00,16777.0,16254.785,17022.0,522.215,245.0,0.031127,0.014603,19,10,Friday,8.3,9.7,0.0
2025-10-24 20:00:00,16154.0,16043.237,16539.0,110.763,385.0,0.006857,0.023833,20,10,Friday,7.5,10.5,0.0
2025-10-24 21:00:00,15311.0,15163.025,15422.0,147.975,111.0,0.009665,0.00725,21,10,Friday,6.7,11.3,0.0
2025-10-24 22:00:00,14736.0,14419.944,14688.0,316.056,48.0,0.021448,0.003257,22,10,Friday,6.1,11.9,0.0
2025-10-24 23:00:00,14060.0,13881.567,14097.0,178.433,37.0,0.012691,0.002632,23,10,Friday,5.7,12.3,0.0
2025-10-25 00:00:00,13748.0,13177.862,13820.0,570.138,72.0,0.041471,0.005237,0,10,Saturday,5.4,12.6,0.0
2025-10-25 01:00:00,13540.0,13069.48,13696.0,470.521,156.0,0.03475,0.011521,1,10,Saturday,4.7,13.3,0.0
2025-10-25 02:00:00,13419.0,12995.935,13528.0,423.065,109.0,0.031527,0.008123,2,10,Saturday,4.2,13.8,0.0
2025-10-25 03:00:00,13383.0,12894.586,13553.0,488.414,170.0,0.036495,0.012703,3,10,Saturday,3.9,14.1,0.0
2025-10-25 04:00:00,13530.0,12990.617,13942.0,539.383,412.0,0.039866,0.030451,4,10,Saturday,3.7,14.3,0.0
2025-10-25 05:00:00,13987.0,13628.838,15118.0,358.162,1131.0,0.025607,0.080861,5,10,Saturday,3.2,14.8,0.0
2025-10-25 06:00:00,14698.0,14669.711,16340.0,28.289,1642.0,0.001925,0.111716,6,10,Saturday,3.3,14.7,0.0
2025-10-25 07:00:00,15246.0,14887.288,16837.0,358.712,1591.0,0.023528,0.104355,7,10,Saturday,3.8,14.2,0.0
2025-10-25 08:00:00,15331.0,15043.866,16770.0,287.134,1439.0,0.018729,0.093862,8,10,Saturday,4.9,13.1,0.0
2025-10-25 09:00:00,15100.0,14933.273,16311.0,166.727,1211.0,0.011042,0.080199,9,10,Saturday,5.9,12.1,0.0
2025-10-25 10:00:00,14997.0,14858.961,16001.0,138.039,1004.0,0.009204,0.066947,10,10,Saturday,6.6,11.4,0.0
2025-10-25 11:00:00,15100.0,14293.579,15886.0,806.421,786.0,0.053405,0.052053,11,10,Saturday,9.8,8.2,0.0
2025-10-25 12:00:00,15059.0,14223.117,15858.0,835.883,799.0,0.055507,0.053058,12,10,Saturday,10.6,7.4,0.0
2025-10-25 13:00:00,15126.0,14164.02,15706.0,961.98,580.0,0.063598,0.038345,13,10,Saturday,10.8,7.199999999999999,0.0
2025-10-25 14:00:00,15142.0,14450.893,16168.0,691.107,1026.0,0.045642,0.067759,14,10,Saturday,11.2,6.800000000000001,0.0
2025-10-25 15:00:00,15631.0,14771.591,16642.0,859.409,1011.0,0.054981,0.064679,15,10,Saturday,11.2,6.800000000000001,0.0
2025-10-25 16:00:00,16077.0,15226.849,16952.0,850.151,875.0,0.05288,0.054426,16,10,Saturday,10.4,7.6,0.0
2025-10-25 17:00:00,16441.0,15547.426,17058.0,893.574,617.0,0.05435,0.037528,17,10,Saturday,9.4,8.6,0.0
2025-10-25 18:00:00,16358.0,15541.984,17006.0,816.016,648.0,0.049885,0.039614,18,10,Saturday,8.6,9.4,0.0
2025-10-25 19:00:00,15950.0,15393.969,16777.0,556.031,827.0,0.034861,0.05185,19,10,Saturday,7.1,10.9,0.0
2025-10-25 20:00:00,15466.0,15180.983,16154.0,285.017,688.0,0.018429,0.044485,20,10,Saturday,6.0,12.0,0.0
2025-10-25 21:00:00,14976.0,14510.12,15311.0,465.88,335.0,0.031108,0.022369,21,10,Saturday,5.5,12.5,0.0
2025-10-25 22:00:00,14190.0,14146.485,14736.0,43.515,546.0,0.003067,0.038478,22,10,Saturday,5.1,12.9,0.0
2025-10-25 23:00:00,13764.0,13585.54,14060.0,178.46,296.0,0.012966,0.021505,23,10,Saturday,4.6,13.4,0.0
2025-10-26 00:00:00,13338.0,13223.005,13748.0,114.995,410.0,0.008622,0.030739,0,10,Sunday,4.1,13.9,0.0
2025-10-26 01:00:00,13177.0,12907.422,13540.0,269.578,363.0,0.020458,0.027548,1,10,Sunday,3.7,14.3,0.0
2025-10-26 02:00:00,13166.0,12794.941,13419.0,371.059,253.0,0.028183,0.019216,2,10,Sunday,3.0,15.0,0.0
2025-10-26 03:00:00,13194.0,12782.813,13383.0,411.187,189.0,0.031165,0.014325,3,10,Sunday,2.6,15.4,0.0
2025-10-26 04:00:00,13290.0,12821.374,13530.0,468.626,240.0,0.035262,0.018059,4,10,Sunday,2.1,15.9,0.0
2025-10-26 05:00:00,13766.0,13138.477,13987.0,627.523,221.0,0.045585,0.016054,5,10,Sunday,1.7,16.3,0.0
2025-10-26 06:00:00,14347.0,13677.194,14698.0,669.806,351.0,0.046686,0.024465,6,10,Sunday,1.5,16.5,0.0
2025-10-26 07:00:00,14767.0,14308.952,15246.0,458.048,479.0,0.031018,0.032437,7,10,Sunday,0.4,17.6,0.0
2025-10-26 08:00:00,14713.0,14437.946,15331.0,275.054,618.0,0.018695,0.042004,8,10,Sunday,1.2,16.8,0.0
2025-10-26 09:00:00,14484.0,14593.206,15100.0,109.206,616.0,0.00754,0.04253,9,10,Sunday,3.1,14.9,0.0
2025-10-26 10:00:00,14103.0,14691.674,14997.0,588.674,894.0,0.041741,0.063391,10,10,Sunday,5.2,12.8,0.0
2025-10-26 11:00:00,14218.0,14897.549,15100.0,679.549,882.0,0.047795,0.062034,11,10,Sunday,6.5,11.5,0.0
2025-10-26 12:00:00,14171.0,14896.158,15059.0,725.158,888.0,0.051172,0.062663,12,10,Sunday,7.4,10.6,0.0
2025-10-26 13:00:00,14210.0,14981.675,15126.0,771.675,916.0,0.054305,0.064462,13,10,Sunday,7.9,10.1,0.0
2025-10-26 14:00:00,14371.0,15160.331,15142.0,789.331,771.0,0.054925,0.05365,14,10,Sunday,8.2,9.8,0.0
2025-10-26 15:00:00,15049.0,15545.061,15631.0,496.061,582.0,0.032963,0.038674,15,10,Sunday,8.2,9.8,0.0
2025-10-26 16:00:00,15925.0,16070.141,16077.0,145.141,152.0,0.009114,0.009545,16,10,Sunday,7.9,10.1,0.0
2025-10-26 17:00:00,16494.0,16329.732,16441.0,164.268,53.0,0.009959,0.003213,17,10,Sunday,6.7,11.3,0.0
2025-10-26 18:00:00,16710.0,16207.574,16358.0,502.426,352.0,0.030067,0.021065,18,10,Sunday,5.6,12.4,0.0
2025-10-26 19:00:00,16417.0,15953.999,15950.0,463.001,467.0,0.028203,0.028446,19,10,Sunday,4.8,13.2,0.0
2025-10-26 20:00:00,15847.0,15561.075,15466.0,285.925,381.0,0.018043,0.024042,20,10,Sunday,4.6,13.4,0.0
2025-10-26 21:00:00,15184.0,14853.158,14976.0,330.842,208.0,0.021789,0.013699,21,10,Sunday,4.6,13.4,0.0
2025-10-26 22:00:00,14524.0,14121.281,14190.0,402.719,334.0,0.027728,0.022996,22,10,Sunday,4.2,13.8,0.0
2025-10-26 23:00:00,14006.0,13539.965,13764.0,466.035,242.0,0.033274,0.017278,23,10,Sunday,3.9,14.1,0.0
2025-10-27 00:00:00,13670.0,13538.938,13338.0,131.062,332.0,0.009588,0.024287,0,10,Monday,4.0,14.0,0.0
2025-10-27 01:00:00,13522.0,13311.655,13177.0,210.345,345.0,0.015556,0.025514,1,10,Monday,2.8,15.2,0.0
2025-10-27 02:00:00,13545.0,13341.404,13166.0,203.596,379.0,0.015031,0.027981,2,10,Monday,2.6,15.4,0.0
2025-10-27 03:00:00,13766.0,13387.456,13194.0,378.544,572.0,0.027498,0.041552,3,10,Monday,2.7,15.3,0.0
2025-10-27 04:00:00,14215.0,13705.519,13290.0,509.481,925.0,0.035841,0.065072,4,10,Monday,2.6,15.4,0.0
2025-10-27 05:00:00,15513.0,14671.548,13766.0,841.452,1747.0,0.054242,0.112615,5,10,Monday,2.5,15.5,0.0
2025-10-27 06:00:00,16537.0,15880.294,14347.0,656.706,2190.0,0.039711,0.13243,6,10,Monday,2.5,15.5,0.0
2025-10-27 07:00:00,16972.0,16548.293,14767.0,423.707,2205.0,0.024965,0.12992,7,10,Monday,3.5,14.5,0.0
2025-10-27 08:00:00,16345.0,16540.314,14713.0,195.314,1632.0,0.011949,0.099847,8,10,Monday,3.9,14.1,0.0
2025-10-27 09:00:00,15940.0,16332.607,14484.0,392.607,1456.0,0.02463,0.091343,9,10,Monday,5.1,12.9,0.0
2025-10-27 10:00:00,15209.0,15836.691,14103.0,627.691,1106.0,0.041271,0.07272,10,10,Monday,6.6,11.4,0.0
2025-10-27 11:00:00,15134.0,15712.716,14218.0,578.716,916.0,0.038239,0.060526,11,10,Monday,7.9,10.1,0.0
2025-10-27 12:00:00,15184.0,15655.749,14171.0,471.749,1013.0,0.031069,0.066715,12,10,Monday,8.6,9.4,0.0
2025-10-27 13:00:00,15094.0,15578.369,14210.0,484.369,884.0,0.03209,0.058566,13,10,Monday,9.0,9.0,0.0
2025-10-27 14:00:00,15275.0,15697.289,14371.0,422.289,904.0,0.027646,0.059182,14,10,Monday,9.3,8.7,0.0
2025-10-27 15:00:00,15915.0,16166.695,15049.0,251.695,866.0,0.015815,0.054414,15,10,Monday,9.3,8.7,0.0
2025-10-27 16:00:00,16767.0,16885.156,15925.0,118.156,842.0,0.007047,0.050218,16,10,Monday,9.1,8.9,0.0
2025-10-27 17:00:00,17406.0,17133.486,16494.0,272.514,912.0,0.015656,0.052396,17,10,Monday,8.6,9.4,0.0
2025-10-27 18:00:00,17510.0,17297.928,16710.0,212.072,800.0,0.012111,0.045688,18,10,Monday,8.1,9.9,0.0
2025-10-27 19:00:00,17245.0,17007.188,16417.0,237.812,828.0,0.01379,0.048014,19,10,Monday,7.8,10.2,0.0
2025-10-27 20:00:00,16430.0,16742.145,15847.0,312.145,583.0,0.018998,0.035484,20,10,Monday,7.0,11.0,0.0
2025-10-27 21:00:00,15693.0,15724.536,15184.0,31.536,509.0,0.00201,0.032435,21,10,Monday,6.4,11.6,0.0
2025-10-27 22:00:00,14838.0,14730.961,14524.0,107.039,314.0,0.007214,0.021162,22,10,Monday,6.6,11.4,0.0
2025-10-27 23:00:00,14240.0,14218.773,14006.0,21.227,234.0,0.001491,0.016433,23,10,Monday,7.1,10.9,0.0
2025-10-28 00:00:00,14015.0,13481.399,13670.0,533.601,345.0,0.038074,0.024616,0,10,Tuesday,7.1,10.9,0.0
2025-10-28 01:00:00,13786.0,13437.448,13522.0,348.552,264.0,0.025283,0.01915,1,10,Tuesday,6.5,11.5,0.0
2025-10-28 02:00:00,13621.0,13471.827,13545.0,149.173,76.0,0.010952,0.00558,2,10,Tuesday,5.9,12.1,0.0
2025-10-28 03:00:00,13907.0,13581.646,13766.0,325.354,141.0,0.023395,0.010139,3,10,Tuesday,6.0,12.0,0.0
2025-10-28 04:00:00,14259.0,14105.021,14215.0,153.979,44.0,0.010799,0.003086,4,10,Tuesday,6.0,12.0,0.0
2025-10-28 05:00:00,15470.0,15297.374,15513.0,172.626,43.0,0.011159,0.00278,5,10,Tuesday,6.0,12.0,0.0
2025-10-28 06:00:00,16802.0,16229.164,16537.0,572.836,265.0,0.034093,0.015772,6,10,Tuesday,5.5,12.5,0.0
2025-10-28 07:00:00,16894.0,16500.04,16972.0,393.96,78.0,0.02332,0.004617,7,10,Tuesday,5.9,12.1,0.0
2025-10-28 08:00:00,16630.0,16147.52,16345.0,482.479,285.0,0.029013,0.017138,8,10,Tuesday,6.9,11.1,0.0
2025-10-28 09:00:00,15963.0,15638.83,15940.0,324.17,23.0,0.020308,0.001441,9,10,Tuesday,8.9,9.1,0.0
2025-10-28 10:00:00,15239.0,15357.065,15209.0,118.065,30.0,0.007748,0.001969,10,10,Tuesday,9.5,8.5,0.0
2025-10-28 11:00:00,14930.0,15335.248,15134.0,405.248,204.0,0.027143,0.013664,11,10,Tuesday,9.0,9.0,0.0
2025-10-28 12:00:00,14893.0,15292.706,15184.0,399.706,291.0,0.026839,0.019539,12,10,Tuesday,9.3,8.7,0.0
2025-10-28 13:00:00,14809.0,15251.791,15094.0,442.791,285.0,0.0299,0.019245,13,10,Tuesday,10.7,7.300000000000001,0.0
2025-10-28 14:00:00,14855.0,15286.918,15275.0,431.918,420.0,0.029076,0.028273,14,10,Tuesday,10.8,7.199999999999999,0.0
2025-10-28 15:00:00,15562.0,15668.34,15915.0,106.34,353.0,0.006833,0.022683,15,10,Tuesday,10.6,7.4,0.0
2025-10-28 16:00:00,16577.0,16287.409,16767.0,289.591,190.0,0.017469,0.011462,16,10,Tuesday,10.4,7.6,0.0
2025-10-28 17:00:00,17212.0,16502.43,17406.0,709.57,194.0,0.041225,0.011271,17,10,Tuesday,10.1,7.9,0.0
2025-10-28 18:00:00,17430.0,16655.518,17510.0,774.482,80.0,0.044434,0.00459,18,10,Tuesday,9.9,8.1,0.0
2025-10-28 19:00:00,17074.0,16760.969,17245.0,313.031,171.0,0.018334,0.010015,19,10,Tuesday,9.0,9.0,0.0
2025-10-28 20:00:00,16339.0,16262.064,16430.0,76.936,91.0,0.004709,0.005569,20,10,Tuesday,8.6,9.4,0.0
2025-10-28 21:00:00,15618.0,15411.738,15693.0,206.262,75.0,0.013207,0.004802,21,10,Tuesday,8.2,9.8,0.0
2025-10-28 22:00:00,14774.0,14626.401,14838.0,147.599,64.0,0.00999,0.004332,22,10,Tuesday,7.7,10.3,0.0
2025-10-28 23:00:00,14089.0,13932.168,14240.0,156.832,151.0,0.011132,0.010718,23,10,Tuesday,7.3,10.7,0.0
2025-10-29 00:00:00,13899.0,13556.177,14015.0,342.823,116.0,0.024665,0.008346,0,10,Wednesday,7.0,11.0,0.0
2025-10-29 01:00:00,13814.0,13374.152,13786.0,439.848,28.0,0.031841,0.002027,1,10,Wednesday,6.6,11.4,0.0
2025-10-29 02:00:00,13828.0,13266.485,13621.0,561.515,207.0,0.040607,0.01497,2,10,Wednesday,5.8,12.2,0.0
2025-10-29 03:00:00,14141.0,13525.954,13907.0,615.046,234.0,0.043494,0.016548,3,10,Wednesday,5.1,12.9,0.0
2025-10-29 04:00:00,14478.0,13986.214,14259.0,491.786,219.0,0.033968,0.015126,4,10,Wednesday,4.6,13.4,0.0
2025-10-29 05:00:00,15557.0,15183.126,15470.0,373.874,87.0,0.024033,0.005592,5,10,Wednesday,4.2,13.8,0.0
2025-10-29 06:00:00,16735.0,16303.112,16802.0,431.888,67.0,0.025807,0.004004,6,10,Wednesday,3.7,14.3,0.0
2025-10-29 07:00:00,16797.0,16606.06,16894.0,190.94,97.0,0.011368,0.005775,7,10,Wednesday,4.4,13.6,0.0
2025-10-29 08:00:00,16195.0,16487.086,16630.0,292.086,435.0,0.018036,0.02686,8,10,Wednesday,5.1,12.9,0.0
2025-10-29 09:00:00,15875.0,16036.501,15963.0,161.501,88.0,0.010173,0.005543,9,10,Wednesday,6.4,11.6,0.0
2025-10-29 10:00:00,15517.0,15502.818,15239.0,14.182,278.0,0.000914,0.017916,10,10,Wednesday,8.0,10.0,0.0
2025-10-29 11:00:00,15272.0,15207.348,14930.0,64.652,342.0,0.004233,0.022394,11,10,Wednesday,8.9,9.1,0.0
2025-10-29 12:00:00,15336.0,15176.962,14893.0,159.038,443.0,0.01037,0.028886,12,10,Wednesday,9.5,8.5,0.0
2025-10-29 13:00:00,15267.0,14987.154,14809.0,279.846,458.0,0.01833,0.029999,13,10,Wednesday,10.7,7.300000000000001,0.0
2025-10-29 14:00:00,15407.0,15107.766,14855.0,299.234,552.0,0.019422,0.035828,14,10,Wednesday,10.7,7.300000000000001,0.0
2025-10-29 15:00:00,16016.0,15448.354,15562.0,567.646,454.0,0.035442,0.028347,15,10,Wednesday,10.6,7.4,0.0
2025-10-29 16:00:00,16590.0,16171.894,16577.0,418.106,13.0,0.025202,0.000784,16,10,Wednesday,10.2,7.800000000000001,0.0
2025-10-29 17:00:00,16975.0,16559.64,17212.0,415.36,237.0,0.024469,0.013962,17,10,Wednesday,9.4,8.6,0.0
2025-10-29 18:00:00,17264.0,16870.102,17430.0,393.898,166.0,0.022816,0.009615,18,10,Wednesday,8.7,9.3,0.0
2025-10-29 19:00:00,17087.0,16633.66,17074.0,453.34,13.0,0.026531,0.000761,19,10,Wednesday,8.5,9.5,0.0
2025-10-29 20:00:00,16380.0,16088.285,16339.0,291.715,41.0,0.017809,0.002503,20,10,Wednesday,8.4,9.6,0.0
2025-10-29 21:00:00,15640.0,15411.747,15618.0,228.253,22.0,0.014594,0.001407,21,10,Wednesday,8.1,9.9,0.0
2025-10-29 22:00:00,15161.0,14566.935,14774.0,594.065,387.0,0.039184,0.025526,22,10,Wednesday,7.7,10.3,0.0
2025-10-29 23:00:00,14390.0,13710.507,14089.0,679.493,301.0,0.04722,0.020917,23,10,Wednesday,7.9,10.1,0.0
2025-10-30 00:00:00,14020.0,13479.249,13899.0,540.751,121.0,0.03857,0.008631,0,10,Thursday,8.4,9.6,0.0
2025-10-30 01:00:00,13960.0,13329.089,13814.0,630.911,146.0,0.045194,0.010458,1,10,Thursday,8.2,9.8,0.0
2025-10-30 02:00:00,13778.0,13258.624,13828.0,519.376,50.0,0.037696,0.003629,2,10,Thursday,8.0,10.0,0.0
2025-10-30 03:00:00,13742.0,13659.763,14141.0,82.237,399.0,0.005984,0.029035,3,10,Thursday,7.5,10.5,0.0
2025-10-30 04:00:00,14087.0,13996.796,14478.0,90.204,391.0,0.006403,0.027756,4,10,Thursday,7.3,10.7,0.0
2025-10-30 05:00:00,15303.0,15235.702,15557.0,67.298,254.0,0.004398,0.016598,5,10,Thursday,7.2,10.8,0.0
2025-10-30 06:00:00,16524.0,16107.906,16735.0,416.094,211.0,0.025181,0.012769,6,10,Thursday,7.6,10.4,0.0
2025-10-30 07:00:00,16875.0,16150.527,16797.0,724.473,78.0,0.042932,0.004622,7,10,Thursday,8.0,10.0,0.0
2025-10-30 08:00:00,17125.0,15959.639,16195.0,1165.361,930.0,0.06805,0.054307,8,10,Thursday,8.3,9.7,0.0
2025-10-30 09:00:00,17399.0,15779.52,15875.0,1619.479,1524.0,0.093079,0.087591,9,10,Thursday,8.4,9.6,0.0
2025-10-30 10:00:00,17481.0,15552.041,15517.0,1928.959,1964.0,0.110346,0.112351,10,10,Thursday,7.9,10.1,0.0
2025-10-30 11:00:00,17400.0,15566.188,15272.0,1833.812,2128.0,0.105392,0.122299,11,10,Thursday,7.5,10.5,0.0
2025-10-30 12:00:00,17192.0,15608.281,15336.0,1583.719,1856.0,0.09212,0.107957,12,10,Thursday,6.9,11.1,0.0
2025-10-30 13:00:00,16945.0,15530.343,15267.0,1414.657,1678.0,0.083485,0.099026,13,10,Thursday,7.6,10.4,0.0
2025-10-30 14:00:00,17123.0,15344.281,15407.0,1778.719,1716.0,0.103879,0.100216,14,10,Thursday,8.6,9.4,0.0
2025-10-30 15:00:00,17560.0,16014.681,16016.0,1545.319,1544.0,0.088002,0.087927,15,10,Thursday,8.1,9.9,0.0
2025-10-30 16:00:00,17854.0,16505.342,16590.0,1348.658,1264.0,0.075538,0.070796,16,10,Thursday,7.6,10.4,0.0
2025-10-30 17:00:00,17698.0,16818.19,16975.0,879.81,723.0,0.049712,0.040852,17,10,Thursday,7.1,10.9,0.0
2025-10-30 18:00:00,17578.0,17065.02,17264.0,512.98,314.0,0.029183,0.017863,18,10,Thursday,6.4,11.6,0.0
2025-10-30 19:00:00,17395.0,16930.113,17087.0,464.887,308.0,0.026725,0.017706,19,10,Thursday,6.3,11.7,0.0
2025-10-30 20:00:00,16883.0,16478.38,16380.0,404.62,503.0,0.023966,0.029793,20,10,Thursday,6.2,11.8,0.0
2025-10-30 21:00:00,16057.0,15766.421,15640.0,290.579,417.0,0.018097,0.02597,21,10,Thursday,5.9,12.1,0.0
2025-10-30 22:00:00,15278.0,14994.727,15161.0,283.273,117.0,0.018541,0.007658,22,10,Thursday,5.7,12.3,0.0
2025-10-30 23:00:00,14476.0,14300.628,14390.0,175.372,86.0,0.012115,0.005941,23,10,Thursday,5.6,12.4,0.0
2025-10-31 00:00:00,14233.0,13790.764,14020.0,442.236,213.0,0.031071,0.014965,0,10,Friday,5.5,12.5,0.0
2025-10-31 01:00:00,13862.0,13683.131,13960.0,178.869,98.0,0.012904,0.00707,1,10,Friday,5.2,12.8,0.0
2025-10-31 02:00:00,13739.0,13510.924,13778.0,228.076,39.0,0.016601,0.002839,2,10,Friday,5.0,13.0,0.0
2025-10-31 03:00:00,13800.0,13504.692,13742.0,295.308,58.0,0.021399,0.004203,3,10,Friday,5.1,12.9,0.0
2025-10-31 04:00:00,14250.0,13968.203,14087.0,281.797,163.0,0.019775,0.011439,4,10,Friday,5.1,12.9,0.0
2025-10-31 05:00:00,15240.0,15109.04,15303.0,130.96,63.0,0.008593,0.004134,5,10,Friday,5.0,13.0,0.0
2025-10-31 06:00:00,16407.0,16256.842,16524.0,150.158,117.0,0.009152,0.007131,6,10,Friday,5.0,13.0,0.0
2025-10-31 07:00:00,16839.0,16453.393,16875.0,385.607,36.0,0.0229,0.002138,7,10,Friday,5.5,12.5,0.0
2025-10-31 08:00:00,17007.0,16549.135,17125.0,457.865,118.0,0.026922,0.006938,8,10,Friday,6.0,12.0,0.0
2025-10-31 09:00:00,16951.0,16553.402,17399.0,397.598,448.0,0.023456,0.026429,9,10,Friday,6.4,11.6,0.0
2025-10-31 10:00:00,16706.0,16533.328,17481.0,172.672,775.0,0.010336,0.046391,10,10,Friday,6.8,11.2,0.0
2025-10-31 11:00:00,16259.0,16422.604,17400.0,163.604,1141.0,0.010062,0.070177,11,10,Friday,7.2,10.8,0.0
2025-10-31 12:00:00,16405.0,16299.398,17192.0,105.602,787.0,0.006437,0.047973,12,10,Friday,7.5,10.5,0.0
2025-10-31 13:00:00,16560.0,15994.776,16945.0,565.224,385.0,0.034132,0.023249,13,10,Friday,7.9,10.1,0.0
2025-10-31 14:00:00,16698.0,16214.664,17123.0,483.336,425.0,0.028946,0.025452,14,10,Friday,8.1,9.9,0.0
2025-10-31 15:00:00,17338.0,16553.266,17560.0,784.734,222.0,0.045261,0.012804,15,10,Friday,7.8,10.2,0.0
2025-10-31 16:00:00,17455.0,16953.822,17854.0,501.178,399.0,0.028713,0.022859,16,10,Friday,7.6,10.4,0.0
2025-10-31 17:00:00,16962.0,16906.043,17698.0,55.957,736.0,0.003299,0.043391,17,10,Friday,7.6,10.4,0.0
2025-10-31 18:00:00,16733.0,16904.89,17578.0,171.89,845.0,0.010273,0.050499,18,10,Friday,7.2,10.8,0.0
2025-10-31 19:00:00,16533.0,16675.875,17395.0,142.875,862.0,0.008642,0.052138,19,10,Friday,7.0,11.0,0.0
2025-10-31 20:00:00,16079.0,16355.286,16883.0,276.286,804.0,0.017183,0.050003,20,10,Friday,6.8,11.2,0.0
2025-10-31 21:00:00,15446.0,15592.693,16057.0,146.693,611.0,0.009497,0.039557,21,10,Friday,6.6,11.4,0.0
2025-10-31 22:00:00,14914.0,14996.957,15278.0,82.957,364.0,0.005562,0.024407,22,10,Friday,6.4,11.6,0.0
2025-10-31 23:00:00,14386.0,14234.583,14476.0,151.417,90.0,0.010525,0.006256,23,10,Friday,6.0,12.0,0.0
2025-11-01 00:00:00,14058.0,13671.984,14233.0,386.016,175.0,0.027459,0.012448,0,11,Saturday,5.9,12.1,0.0
2025-11-01 01:00:00,13798.0,13399.612,13862.0,398.388,64.0,0.028873,0.004638,1,11,Saturday,5.6,12.4,0.0
2025-11-01 02:00:00,13710.0,13116.438,13739.0,593.562,29.0,0.043294,0.002115,2,11,Saturday,5.5,12.5,0.0
2025-11-01 03:00:00,13693.0,13040.096,13800.0,652.904,107.0,0.047682,0.007814,3,11,Saturday,5.4,12.6,0.0
2025-11-01 04:00:00,13848.0,13277.964,14250.0,570.036,402.0,0.041164,0.029029,4,11,Saturday,5.2,12.8,0.0
2025-11-01 05:00:00,14573.0,13872.485,15240.0,700.515,667.0,0.048069,0.04577,5,11,Saturday,5.1,12.9,0.0
2025-11-01 06:00:00,15028.0,14770.573,16407.0,257.427,1379.0,0.01713,0.091762,6,11,Saturday,5.1,12.9,0.0
2025-11-01 07:00:00,15561.0,15028.871,16839.0,532.129,1278.0,0.034196,0.082128,7,11,Saturday,5.0,13.0,0.0
2025-11-01 08:00:00,16004.0,15283.955,17007.0,720.045,1003.0,0.044992,0.062672,8,11,Saturday,5.4,12.6,0.0
2025-11-01 09:00:00,16069.0,15186.666,16951.0,882.334,882.0,0.054909,0.054888,9,11,Saturday,6.2,11.8,0.0
2025-11-01 10:00:00,16233.0,15066.126,16706.0,1166.874,473.0,0.071883,0.029138,10,11,Saturday,6.9,11.1,0.0
2025-11-01 11:00:00,16080.0,14886.227,16259.0,1193.773,179.0,0.07424,0.011132,11,11,Saturday,7.8,10.2,0.0
2025-11-01 12:00:00,15526.0,14835.511,16405.0,690.489,879.0,0.044473,0.056615,12,11,Saturday,8.1,9.9,0.0
2025-11-01 13:00:00,15738.0,14672.089,16560.0,1065.911,822.0,0.067728,0.05223,13,11,Saturday,8.9,9.1,0.0
2025-11-01 14:00:00,15902.0,14790.994,16698.0,1111.006,796.0,0.069866,0.050057,14,11,Saturday,9.1,8.9,0.0
2025-11-01 15:00:00,16645.0,15647.92,17338.0,997.08,693.0,0.059903,0.041634,15,11,Saturday,9.1,8.9,0.0
2025-11-01 16:00:00,16772.0,16281.438,17455.0,490.562,683.0,0.029249,0.040723,16,11,Saturday,8.5,9.5,0.0
2025-11-01 17:00:00,16875.0,15968.095,16962.0,906.905,87.0,0.053743,0.005156,17,11,Saturday,7.4,10.6,0.0
2025-11-01 18:00:00,16892.0,16013.489,16733.0,878.511,159.0,0.052008,0.009413,18,11,Saturday,6.1,11.9,0.0
2025-11-01 19:00:00,16435.0,15971.036,16533.0,463.964,98.0,0.02823,0.005963,19,11,Saturday,5.4,12.6,0.0
2025-11-01 20:00:00,15746.0,15583.361,16079.0,162.639,333.0,0.010329,0.021148,20,11,Saturday,4.6,13.4,0.0
2025-11-01 21:00:00,15236.0,14883.399,15446.0,352.601,210.0,0.023143,0.013783,21,11,Saturday,3.9,14.1,0.0
2025-11-01 22:00:00,14850.0,14331.904,14914.0,518.096,64.0,0.034889,0.00431,22,11,Saturday,3.2,14.8,0.0
2025-11-01 23:00:00,14478.0,13958.866,14386.0,519.134,92.0,0.035857,0.006354,23,11,Saturday,2.4,15.6,0.0
2025-11-02 00:00:00,14161.0,13639.859,14058.0,521.141,103.0,0.036801,0.007273,0,11,Sunday,2.1,15.9,0.0
2025-11-02 01:00:00,13957.0,13350.509,13798.0,606.491,159.0,0.043454,0.011392,1,11,Sunday,1.5,16.5,0.0
2025-11-02 02:00:00,13749.0,13260.528,13710.0,488.472,39.0,0.035528,0.002837,2,11,Sunday,1.1,16.9,0.0
2025-11-02 03:00:00,13634.0,13286.797,13693.0,347.203,59.0,0.025466,0.004327,3,11,Sunday,0.7,17.3,0.0
2025-11-02 04:00:00,13606.0,13324.06,13848.0,281.94,242.0,0.020722,0.017786,4,11,Sunday,0.5,17.5,0.0
2025-11-02 05:00:00,13860.0,13777.522,14573.0,82.478,713.0,0.005951,0.051443,5,11,Sunday,0.4,17.6,0.0
2025-11-02 06:00:00,14366.0,14274.965,15028.0,91.035,662.0,0.006337,0.046081,6,11,Sunday,0.4,17.6,0.0
2025-11-02 07:00:00,14848.0,14750.958,15561.0,97.042,713.0,0.006536,0.04802,7,11,Sunday,0.1,17.9,0.0
2025-11-02 08:00:00,15161.0,15076.621,16004.0,84.379,843.0,0.005566,0.055603,8,11,Sunday,1.5,16.5,0.0
2025-11-02 09:00:00,15035.0,15041.602,16069.0,6.602,1034.0,0.000439,0.068773,9,11,Sunday,4.1,13.9,0.0
2025-11-02 10:00:00,14906.0,15069.434,16233.0,163.434,1327.0,0.010964,0.089025,10,11,Sunday,6.8,11.2,0.0
2025-11-02 11:00:00,14795.0,14959.496,16080.0,164.496,1285.0,0.011118,0.086854,11,11,Sunday,8.1,9.9,0.0
2025-11-02 12:00:00,14520.0,14311.83,15526.0,208.17,1006.0,0.014337,0.069284,12,11,Sunday,8.9,9.1,0.0
2025-11-02 13:00:00,14223.0,14545.708,15738.0,322.708,1515.0,0.022689,0.106518,13,11,Sunday,9.4,8.6,0.0
2025-11-02 14:00:00,14585.0,14761.42,15902.0,176.42,1317.0,0.012096,0.090298,14,11,Sunday,9.6,8.4,0.0
2025-11-02 15:00:00,15475.0,15571.34,16645.0,96.34,1170.0,0.006226,0.075606,15,11,Sunday,9.6,8.4,0.0
2025-11-02 16:00:00,16692.0,16221.669,16772.0,470.331,80.0,0.028177,0.004793,16,11,Sunday,9.2,8.8,0.0
2025-11-02 17:00:00,17169.0,16516.582,16875.0,652.418,294.0,0.038,0.017124,17,11,Sunday,8.1,9.9,0.0
2025-11-02 18:00:00,16724.0,16624.117,16892.0,99.883,168.0,0.005972,0.010045,18,11,Sunday,7.4,10.6,0.0
2025-11-02 19:00:00,16246.0,16274.269,16435.0,28.269,189.0,0.00174,0.011634,19,11,Sunday,8.7,9.3,0.0
2025-11-02 20:00:00,15832.0,15703.686,15746.0,128.314,86.0,0.008105,0.005432,20,11,Sunday,8.8,9.2,0.0
2025-11-02 21:00:00,15349.0,15027.06,15236.0,321.94,113.0,0.020975,0.007362,21,11,Sunday,9.1,8.9,0.0
2025-11-02 22:00:00,14482.0,14566.349,14850.0,84.349,368.0,0.005824,0.025411,22,11,Sunday,8.1,9.9,0.0
2025-11-02 23:00:00,13926.0,14070.377,14478.0,144.377,552.0,0.010367,0.039638,23,11,Sunday,7.6,10.4,0.0
2025-11-03 00:00:00,13753.0,13931.391,14161.0,178.391,408.0,0.012971,0.029666,0,11,Monday,7.4,10.6,0.0
2025-11-03 01:00:00,13475.0,13738.784,13957.0,263.784,482.0,0.019576,0.03577,1,11,Monday,7.0,11.0,0.0
2025-11-03 02:00:00,13222.0,13625.14,13749.0,403.14,527.0,0.03049,0.039858,2,11,Monday,6.9,11.1,0.0
2025-11-03 03:00:00,13202.0,13509.649,13634.0,307.649,432.0,0.023303,0.032722,3,11,Monday,6.7,11.3,0.0
2025-11-03 04:00:00,13309.0,13769.784,13606.0,460.784,297.0,0.034622,0.022316,4,11,Monday,6.9,11.1,0.0
2025-11-03 05:00:00,13877.0,14871.752,13860.0,994.752,17.0,0.071684,0.001225,5,11,Monday,7.1,10.9,0.0
2025-11-03 06:00:00,15211.0,15634.853,14366.0,423.853,845.0,0.027865,0.055552,6,11,Monday,7.4,10.6,0.0
2025-11-03 07:00:00,16393.0,16402.822,14848.0,9.822,1545.0,0.000599,0.094248,7,11,Monday,8.3,9.7,0.0
2025-11-03 08:00:00,16720.0,16244.766,15161.0,475.234,1559.0,0.028423,0.093242,8,11,Monday,8.6,9.4,0.0
2025-11-03 09:00:00,16972.0,16119.337,15035.0,852.663,1937.0,0.050239,0.114129,9,11,Monday,8.7,9.3,0.0
2025-11-03 10:00:00,17291.0,15864.562,14906.0,1426.438,2385.0,0.082496,0.137933,10,11,Monday,9.0,9.0,0.0
2025-11-03 11:00:00,17317.0,15763.454,14795.0,1553.546,2522.0,0.089712,0.145637,11,11,Monday,8.5,9.5,0.0
2025-11-03 12:00:00,17078.0,15795.642,14520.0,1282.358,2558.0,0.075088,0.149783,12,11,Monday,7.5,10.5,0.0
2025-11-03 13:00:00,16778.0,15562.426,14223.0,1215.574,2555.0,0.07245,0.152283,13,11,Monday,7.6,10.4,0.0
2025-11-03 14:00:00,16420.0,15754.382,14585.0,665.618,1835.0,0.040537,0.111754,14,11,Monday,8.5,9.5,0.0
2025-11-03 15:00:00,16515.0,16287.213,15475.0,227.787,1040.0,0.013793,0.062973,15,11,Monday,9.8,8.2,0.0
2025-11-03 16:00:00,17382.0,17169.281,16692.0,212.719,690.0,0.012238,0.039696,16,11,Monday,10.1,7.9,0.0
2025-11-03 17:00:00,17853.0,17453.78,17169.0,399.22,684.0,0.022362,0.038313,17,11,Monday,9.3,8.7,0.0
2025-11-03 18:00:00,17725.0,17347.656,16724.0,377.344,1001.0,0.021289,0.056474,18,11,Monday,8.4,9.6,0.0
2025-11-03 19:00:00,17332.0,17118.89,16246.0,213.11,1086.0,0.012296,0.062659,19,11,Monday,8.9,9.1,0.0
2025-11-03 20:00:00,17011.0,16748.67,15832.0,262.33,1179.0,0.015421,0.069308,20,11,Monday,8.5,9.5,0.0
2025-11-03 21:00:00,16377.0,15954.775,15349.0,422.225,1028.0,0.025782,0.062771,21,11,Monday,8.1,9.9,0.0
2025-11-03 22:00:00,15392.0,14743.361,14482.0,648.639,910.0,0.042141,0.059122,22,11,Monday,7.9,10.1,0.0
2025-11-03 23:00:00,14560.0,14163.219,13926.0,396.781,634.0,0.027251,0.043544,23,11,Monday,7.5,10.5,0.0
2025-11-04 00:00:00,14197.0,13758.461,13753.0,438.539,444.0,0.03089,0.031274,0,11,Tuesday,7.5,10.5,0.0
2025-11-04 01:00:00,14058.0,13528.668,13475.0,529.332,583.0,0.037653,0.041471,1,11,Tuesday,6.9,11.1,0.0
2025-11-04 02:00:00,13805.0,13241.153,13222.0,563.847,583.0,0.040844,0.042231,2,11,Tuesday,6.9,11.1,0.0
2025-11-04 03:00:00,13956.0,13274.693,13202.0,681.307,754.0,0.048818,0.054027,3,11,Tuesday,6.7,11.3,0.0
2025-11-04 04:00:00,13764.0,13597.967,13309.0,166.033,455.0,0.012063,0.033057,4,11,Tuesday,6.2,11.8,0.0
2025-11-04 05:00:00,14342.0,14345.131,13877.0,3.131,465.0,0.000218,0.032422,5,11,Tuesday,5.7,12.3,0.0
2025-11-04 06:00:00,15679.0,15793.253,15211.0,114.253,468.0,0.007287,0.029849,6,11,Tuesday,5.2,12.8,0.0
2025-11-04 07:00:00,16539.0,16618.732,16393.0,79.732,146.0,0.004821,0.008828,7,11,Tuesday,4.9,13.1,0.0
2025-11-04 08:00:00,16078.0,16673.492,16720.0,595.492,642.0,0.037038,0.03993,8,11,Tuesday,5.5,12.5,0.0
2025-11-04 09:00:00,15443.0,16514.152,16972.0,1071.152,1529.0,0.069362,0.099009,9,11,Tuesday,7.0,11.0,0.0
2025-11-04 10:00:00,14953.0,16366.466,17291.0,1413.466,2338.0,0.094527,0.156357,10,11,Tuesday,8.8,9.2,0.0
2025-11-04 11:00:00,14829.0,16174.17,17317.0,1345.17,2488.0,0.090712,0.167779,11,11,Tuesday,10.4,7.6,0.0
2025-11-04 12:00:00,14949.0,16023.574,17078.0,1074.574,2129.0,0.071883,0.142418,12,11,Tuesday,11.8,6.199999999999999,0.0
2025-11-04 13:00:00,15170.0,15781.976,16778.0,611.976,1608.0,0.040341,0.105999,13,11,Tuesday,13.2,4.800000000000001,0.0
2025-11-04 14:00:00,15482.0,15623.821,16420.0,141.821,938.0,0.00916,0.060586,14,11,Tuesday,13.0,5.0,0.0
2025-11-04 15:00:00,15883.0,15845.523,16515.0,37.477,632.0,0.00236,0.039791,15,11,Tuesday,12.7,5.300000000000001,0.0
2025-11-04 16:00:00,16822.0,16646.818,17382.0,175.182,560.0,0.010414,0.03329,16,11,Tuesday,11.7,6.300000000000001,0.0
2025-11-04 17:00:00,17755.0,17148.672,17853.0,606.328,98.0,0.03415,0.00552,17,11,Tuesday,10.2,7.800000000000001,0.0
2025-11-04 18:00:00,17682.0,17244.625,17725.0,437.375,43.0,0.024736,0.002432,18,11,Tuesday,9.0,9.0,0.0
2025-11-04 19:00:00,17423.0,17099.318,17332.0,323.682,91.0,0.018578,0.005223,19,11,Tuesday,7.9,10.1,0.0
2025-11-04 20:00:00,17124.0,16831.14,17011.0,292.86,113.0,0.017102,0.006599,20,11,Tuesday,7.0,11.0,0.0
2025-11-04 21:00:00,16446.0,16193.401,16377.0,252.599,69.0,0.015359,0.004196,21,11,Tuesday,6.4,11.6,0.0
2025-11-04 22:00:00,15554.0,15128.366,15392.0,425.634,162.0,0.027365,0.010415,22,11,Tuesday,6.7,11.3,0.0
2025-11-04 23:00:00,14769.0,14362.264,14560.0,406.736,209.0,0.02754,0.014151,23,11,Tuesday,6.6,11.4,0.0
2025-11-05 00:00:00,14384.0,13969.362,14197.0,414.638,187.0,0.028826,0.013001,0,11,Wednesday,6.5,11.5,0.0
2025-11-05 01:00:00,13970.0,13735.566,14058.0,234.434,88.0,0.016781,0.006299,1,11,Wednesday,6.2,11.8,0.0
2025-11-05 02:00:00,13789.0,13473.954,13805.0,315.046,16.0,0.022848,0.00116,2,11,Wednesday,6.2,11.8,0.0
2025-11-05 03:00:00,13628.0,13645.929,13956.0,17.929,328.0,0.001316,0.024068,3,11,Wednesday,6.8,11.2,0.0
2025-11-05 04:00:00,13736.0,13580.574,13764.0,155.426,28.0,0.011315,0.002038,4,11,Wednesday,7.3,10.7,0.0
2025-11-05 05:00:00,13949.0,14325.294,14342.0,376.294,393.0,0.026976,0.028174,5,11,Wednesday,7.9,10.1,0.0
2025-11-05 06:00:00,15299.0,15578.726,15679.0,279.726,380.0,0.018284,0.024838,6,11,Wednesday,8.3,9.7,0.0
2025-11-05 07:00:00,16644.0,16009.416,16539.0,634.584,105.0,0.038127,0.006309,7,11,Wednesday,8.9,9.1,0.0
2025-11-05 08:00:00,16687.0,15703.598,16078.0,983.402,609.0,0.058932,0.036495,8,11,Wednesday,9.7,8.3,0.0
2025-11-05 09:00:00,16902.0,15249.873,15443.0,1652.127,1459.0,0.097747,0.086321,9,11,Wednesday,10.1,7.9,0.0
2025-11-05 10:00:00,17227.0,14999.429,14953.0,2227.571,2274.0,0.129307,0.132002,10,11,Wednesday,10.7,7.300000000000001,0.0
2025-11-05 11:00:00,17330.0,14889.842,14829.0,2440.158,2501.0,0.140805,0.144316,11,11,Wednesday,10.6,7.4,0.0
2025-11-05 12:00:00,17319.0,14966.769,14949.0,2352.231,2370.0,0.135818,0.136844,12,11,Wednesday,12.2,5.800000000000001,0.0
2025-11-05 13:00:00,17383.0,15044.215,15170.0,2338.785,2213.0,0.134544,0.127308,13,11,Wednesday,12.8,5.199999999999999,0.0
2025-11-05 14:00:00,17304.0,15182.72,15482.0,2121.28,1822.0,0.122589,0.105294,14,11,Wednesday,11.9,6.1,0.0
2025-11-05 15:00:00,17472.0,15624.368,15883.0,1847.632,1589.0,0.105748,0.090946,15,11,Wednesday,11.8,6.199999999999999,0.0
2025-11-05 16:00:00,17758.0,16327.888,16822.0,1430.112,936.0,0.080533,0.052709,16,11,Wednesday,11.0,7.0,0.0
2025-11-05 17:00:00,17848.0,17215.605,17755.0,632.395,93.0,0.035432,0.005211,17,11,Wednesday,8.9,9.1,0.0
2025-11-05 18:00:00,17638.0,17342.055,17682.0,295.945,44.0,0.016779,0.002495,18,11,Wednesday,7.6,10.4,0.0
2025-11-05 19:00:00,17411.0,17189.66,17423.0,221.34,12.0,0.012713,0.000689,19,11,Wednesday,6.9,11.1,0.0
2025-11-05 20:00:00,17148.0,16993.023,17124.0,154.977,24.0,0.009038,0.0014,20,11,Wednesday,5.9,12.1,0.0
2025-11-05 21:00:00,16868.0,16241.099,16446.0,626.901,422.0,0.037165,0.025018,21,11,Wednesday,6.3,11.7,0.0
2025-11-05 22:00:00,16086.0,15395.007,15554.0,690.993,532.0,0.042956,0.033072,22,11,Wednesday,5.8,12.2,0.0
2025-11-05 23:00:00,15254.0,14589.948,14769.0,664.052,485.0,0.043533,0.031795,23,11,Wednesday,5.5,12.5,0.0
2025-11-06 00:00:00,14695.0,14212.27,14384.0,482.729,311.0,0.03285,0.021164,0,11,Thursday,5.1,12.9,0.0
2025-11-06 01:00:00,14443.0,13854.321,13970.0,588.679,473.0,0.040759,0.032749,1,11,Thursday,4.7,13.3,0.0
2025-11-06 02:00:00,14261.0,13587.511,13789.0,673.489,472.0,0.047226,0.033097,2,11,Thursday,4.3,13.7,0.0
2025-11-06 03:00:00,14154.0,13461.267,13628.0,692.733,526.0,0.048943,0.037163,3,11,Thursday,3.9,14.1,0.0
2025-11-06 04:00:00,14274.0,13712.574,13736.0,561.426,538.0,0.039332,0.037691,4,11,Thursday,3.6,14.4,0.0
2025-11-06 05:00:00,15191.0,14185.839,13949.0,1005.161,1242.0,0.066168,0.081759,5,11,Thursday,3.2,14.8,0.0
2025-11-06 06:00:00,16114.0,15670.914,15299.0,443.086,815.0,0.027497,0.050577,6,11,Thursday,2.8,15.2,0.0
2025-11-06 07:00:00,17003.0,16746.824,16644.0,256.176,359.0,0.015067,0.021114,7,11,Thursday,2.7,15.3,0.0
2025-11-06 08:00:00,16907.0,16793.725,16687.0,113.275,220.0,0.0067,0.013012,8,11,Thursday,2.9,15.1,0.0
2025-11-06 09:00:00,16540.0,16760.383,16902.0,220.383,362.0,0.013324,0.021886,9,11,Thursday,3.9,14.1,0.0
2025-11-06 10:00:00,16130.0,16974.807,17227.0,844.807,1097.0,0.052375,0.06801,10,11,Thursday,5.0,13.0,0.0
2025-11-06 11:00:00,15967.0,16874.496,17330.0,907.496,1363.0,0.056836,0.085364,11,11,Thursday,5.8,12.2,0.0
2025-11-06 12:00:00,16139.0,16881.572,17319.0,742.572,1180.0,0.046011,0.073115,12,11,Thursday,6.0,12.0,0.0
2025-11-06 13:00:00,16260.0,16793.293,17383.0,533.293,1123.0,0.032798,0.069065,13,11,Thursday,6.8,11.2,0.0
2025-11-06 14:00:00,16521.0,16838.617,17304.0,317.617,783.0,0.019225,0.047394,14,11,Thursday,6.9,11.1,0.0
2025-11-06 15:00:00,17176.0,17115.344,17472.0,60.656,296.0,0.003531,0.017233,15,11,Thursday,6.9,11.1,0.0
2025-11-06 16:00:00,18065.0,17298.8,17758.0,766.2,307.0,0.042414,0.016994,16,11,Thursday,6.9,11.1,0.0
2025-11-06 17:00:00,18171.0,17688.303,17848.0,482.697,323.0,0.026564,0.017776,17,11,Thursday,6.5,11.5,0.0
2025-11-06 18:00:00,18256.0,17410.648,17638.0,845.352,618.0,0.046305,0.033852,18,11,Thursday,6.1,11.9,0.0
2025-11-06 19:00:00,18180.0,17369.504,17411.0,810.496,769.0,0.044582,0.042299,19,11,Thursday,4.8,13.2,0.0
2025-11-06 20:00:00,17832.0,17191.756,17148.0,640.244,684.0,0.035904,0.038358,20,11,Thursday,4.2,13.8,0.0
2025-11-06 21:00:00,17296.0,16756.998,16868.0,539.002,428.0,0.031163,0.024746,21,11,Thursday,3.3,14.7,0.0
2025-11-06 22:00:00,16476.0,15832.526,16086.0,643.474,390.0,0.039055,0.023671,22,11,Thursday,2.3,15.7,0.0
2025-11-06 23:00:00,15459.0,15073.653,15254.0,385.347,205.0,0.024927,0.013261,23,11,Thursday,2.3,15.7,0.0
2025-11-07 00:00:00,15079.0,14453.725,14695.0,625.275,384.0,0.041467,0.025466,0,11,Friday,2.6,15.4,0.0
2025-11-07 01:00:00,14740.0,14176.446,14443.0,563.554,297.0,0.038233,0.020149,1,11,Friday,2.9,15.1,0.0
2025-11-07 02:00:00,14350.0,13920.866,14261.0,429.134,89.0,0.029905,0.006202,2,11,Friday,4.7,13.3,0.0
2025-11-07 03:00:00,14249.0,13831.946,14154.0,417.054,95.0,0.029269,0.006667,3,11,Friday,5.4,12.6,0.0
2025-11-07 04:00:00,14313.0,14080.095,14274.0,232.905,39.0,0.016272,0.002725,4,11,Friday,5.6,12.4,0.0
2025-11-07 05:00:00,14694.0,14894.569,15191.0,200.569,497.0,0.01365,0.033823,5,11,Friday,5.7,12.3,0.0
2025-11-07 06:00:00,15936.0,15916.246,16114.0,19.754,178.0,0.00124,0.01117,6,11,Friday,6.3,11.7,0.0
2025-11-07 07:00:00,16820.0,16448.297,17003.0,371.703,183.0,0.022099,0.01088,7,11,Friday,6.8,11.2,0.0
2025-11-07 08:00:00,17123.0,16426.926,16907.0,696.074,216.0,0.040651,0.012615,8,11,Friday,7.1,10.9,0.0
2025-11-07 09:00:00,17399.0,16160.846,16540.0,1238.154,859.0,0.071162,0.049371,9,11,Friday,8.0,10.0,0.0
2025-11-07 10:00:00,17843.0,15838.78,16130.0,2004.22,1713.0,0.112325,0.096004,10,11,Friday,8.6,9.4,0.0
2025-11-07 11:00:00,17932.0,15689.963,15967.0,2242.037,1965.0,0.12503,0.109581,11,11,Friday,9.5,8.5,0.0
2025-11-07 12:00:00,17787.0,15908.215,16139.0,1878.785,1648.0,0.105627,0.092652,12,11,Friday,8.3,9.7,0.0
2025-11-07 13:00:00,17896.0,15833.942,16260.0,2062.058,1636.0,0.115225,0.091417,13,11,Friday,8.7,9.3,0.0
2025-11-07 14:00:00,18016.0,15932.925,16521.0,2083.075,1495.0,0.115624,0.082982,14,11,Friday,10.3,7.699999999999999,0.0
2025-11-07 15:00:00,18171.0,16266.611,17176.0,1904.389,995.0,0.104804,0.054758,15,11,Friday,11.2,6.800000000000001,0.0
2025-11-07 16:00:00,18464.0,16868.57,18065.0,1595.43,399.0,0.086408,0.02161,16,11,Friday,11.1,6.9,0.0
2025-11-07 17:00:00,18331.0,16978.078,18171.0,1352.922,160.0,0.073805,0.008728,17,11,Friday,10.9,7.1,0.0
2025-11-07 18:00:00,17738.0,16977.725,18256.0,760.275,518.0,0.042861,0.029203,18,11,Friday,10.6,7.4,0.0
2025-11-07 19:00:00,17056.0,16916.953,18180.0,139.047,1124.0,0.008152,0.065901,19,11,Friday,10.6,7.4,0.0
2025-11-07 20:00:00,16635.0,16757.176,17832.0,122.176,1197.0,0.007345,0.071957,20,11,Friday,10.6,7.4,0.0
2025-11-07 21:00:00,16407.0,16091.683,17296.0,315.317,889.0,0.019218,0.054184,21,11,Friday,10.4,7.6,0.0
2025-11-07 22:00:00,15617.0,15367.752,16476.0,249.248,859.0,0.01596,0.055004,22,11,Friday,9.6,8.4,0.0
2025-11-07 23:00:00,15089.0,14744.399,15459.0,344.601,370.0,0.022838,0.024521,23,11,Friday,9.1,8.9,0.0
2025-11-08 00:00:00,14419.0,14061.34,15079.0,357.66,660.0,0.024805,0.045773,0,11,Saturday,8.4,9.6,0.0
2025-11-08 01:00:00,14125.0,13683.148,14740.0,441.852,615.0,0.031282,0.04354,1,11,Saturday,8.3,9.7,0.0
2025-11-08 02:00:00,13820.0,13465.599,14350.0,354.401,530.0,0.025644,0.03835,2,11,Saturday,7.1,10.9,0.0
2025-11-08 03:00:00,13743.0,13319.741,14249.0,423.259,506.0,0.030798,0.036819,3,11,Saturday,6.2,11.8,0.0
2025-11-08 04:00:00,13627.0,13365.507,14313.0,261.493,686.0,0.019189,0.050341,4,11,Saturday,5.7,12.3,0.0
2025-11-08 05:00:00,14107.0,13776.111,14694.0,330.889,587.0,0.023456,0.041611,5,11,Saturday,4.8,13.2,0.0
2025-11-08 06:00:00,14737.0,14603.181,15936.0,133.819,1199.0,0.00908,0.08136,6,11,Saturday,3.5,14.5,0.0
2025-11-08 07:00:00,15336.0,15179.827,16820.0,156.173,1484.0,0.010183,0.096766,7,11,Saturday,3.3,14.7,0.0
2025-11-08 08:00:00,15633.0,15644.727,17123.0,11.727,1490.0,0.00075,0.095311,8,11,Saturday,3.4,14.6,0.0
2025-11-08 09:00:00,15666.0,15931.056,17399.0,265.056,1733.0,0.016919,0.110622,9,11,Saturday,4.1,13.9,0.0
2025-11-08 10:00:00,16067.0,16250.323,17843.0,183.323,1776.0,0.01141,0.110537,10,11,Saturday,5.0,13.0,0.0
2025-11-08 11:00:00,16271.0,16159.341,17932.0,111.659,1661.0,0.006862,0.102083,11,11,Saturday,5.5,12.5,0.0
2025-11-08 12:00:00,16180.0,16020.43,17787.0,159.57,1607.0,0.009862,0.09932,12,11,Saturday,5.7,12.3,0.0
2025-11-08 13:00:00,16078.0,16098.095,17896.0,20.095,1818.0,0.00125,0.113074,13,11,Saturday,5.7,12.3,0.0
2025-11-08 14:00:00,16200.0,16309.884,18016.0,109.884,1816.0,0.006783,0.112099,14,11,Saturday,5.1,12.9,0.0
2025-11-08 15:00:00,16551.0,16690.918,18171.0,139.918,1620.0,0.008454,0.097879,15,11,Saturday,4.9,13.1,0.0
2025-11-08 16:00:00,17199.0,17228.248,18464.0,29.248,1265.0,0.001701,0.073551,16,11,Saturday,4.5,13.5,0.0
2025-11-08 17:00:00,17722.0,17348.355,18331.0,373.645,609.0,0.021084,0.034364,17,11,Saturday,3.9,14.1,0.0
2025-11-08 18:00:00,17577.0,16946.104,17738.0,630.896,161.0,0.035893,0.00916,18,11,Saturday,2.9,15.1,0.0
2025-11-08 19:00:00,16897.0,16430.465,17056.0,466.535,159.0,0.027611,0.00941,19,11,Saturday,2.3,15.7,0.0
2025-11-08 20:00:00,16605.0,16038.014,16635.0,566.986,30.0,0.034145,0.001807,20,11,Saturday,1.8,16.2,0.0
2025-11-08 21:00:00,16170.0,15579.373,16407.0,590.627,237.0,0.036526,0.014657,21,11,Saturday,1.5,16.5,0.0
2025-11-08 22:00:00,15544.0,14829.81,15617.0,714.19,73.0,0.045946,0.004696,22,11,Saturday,1.3,16.7,0.0
2025-11-08 23:00:00,15075.0,14558.149,15089.0,516.851,14.0,0.034285,0.000929,23,11,Saturday,1.3,16.7,0.0
2025-11-09 00:00:00,14808.0,14183.083,14419.0,624.917,389.0,0.042201,0.02627,0,11,Sunday,1.2,16.8,0.0
2025-11-09 01:00:00,14503.0,13874.114,14125.0,628.886,378.0,0.043362,0.026064,1,11,Sunday,1.3,16.7,0.0
2025-11-09 02:00:00,14251.0,13419.029,13820.0,831.971,431.0,0.05838,0.030243,2,11,Sunday,1.2,16.8,0.0
2025-11-09 03:00:00,14162.0,13358.765,13743.0,803.235,419.0,0.056718,0.029586,3,11,Sunday,1.2,16.8,0.0
2025-11-09 04:00:00,14091.0,13235.396,13627.0,855.604,464.0,0.06072,0.032929,4,11,Sunday,1.1,16.9,0.0
2025-11-09 05:00:00,14286.0,13630.206,14107.0,655.794,179.0,0.045905,0.01253,5,11,Sunday,0.6,17.4,0.0
2025-11-09 06:00:00,14872.0,14122.149,14737.0,749.851,135.0,0.05042,0.009077,6,11,Sunday,0.1,17.9,0.0
2025-11-09 07:00:00,15593.0,14616.445,15336.0,976.555,257.0,0.062628,0.016482,7,11,Sunday,-0.2,18.2,0.0
2025-11-09 08:00:00,16333.0,15051.451,15633.0,1281.549,700.0,0.078464,0.042858,8,11,Sunday,-0.3,18.3,0.0
2025-11-09 09:00:00,16876.0,15042.23,15666.0,1833.771,1210.0,0.108661,0.071699,9,11,Sunday,-0.5,18.5,0.0
2025-11-09 10:00:00,17338.0,15395.463,16067.0,1942.537,1271.0,0.112039,0.073307,10,11,Sunday,-0.6,18.6,0.0
2025-11-09 11:00:00,17722.0,15632.828,16271.0,2089.172,1451.0,0.117886,0.081876,11,11,Sunday,-0.8,18.8,0.0
2025-11-09 12:00:00,17915.0,15560.048,16180.0,2354.952,1735.0,0.131451,0.096846,12,11,Sunday,-0.9,18.9,0.0
2025-11-09 13:00:00,18014.0,15514.603,16078.0,2499.397,1936.0,0.138747,0.107472,13,11,Sunday,-1.0,19.0,0.0
2025-11-09 14:00:00,18101.0,15672.83,16200.0,2428.17,1901.0,0.134146,0.105022,14,11,Sunday,-1.1,19.1,0.0
2025-11-09 15:00:00,18362.0,16474.754,16551.0,1887.246,1811.0,0.10278,0.098628,15,11,Sunday,-1.3,19.3,0.0
2025-11-09 16:00:00,18751.0,17441.404,17199.0,1309.596,1552.0,0.069841,0.082769,16,11,Sunday,-1.4,19.4,0.0
2025-11-09 17:00:00,19056.0,17945.984,17722.0,1110.016,1334.0,0.05825,0.070004,17,11,Sunday,-1.6,19.6,0.0
2025-11-09 18:00:00,18692.0,17742.994,17577.0,949.006,1115.0,0.050771,0.059651,18,11,Sunday,-1.5,19.5,0.0
2025-11-09 19:00:00,17995.0,17287.922,16897.0,707.078,1098.0,0.039293,0.061017,19,11,Sunday,-1.8,19.8,0.0
2025-11-09 20:00:00,17851.0,16851.219,16605.0,999.781,1246.0,0.056007,0.0698,20,11,Sunday,-1.8,19.8,0.0
2025-11-09 21:00:00,17428.0,16196.684,16170.0,1231.316,1258.0,0.070652,0.072183,21,11,Sunday,-1.9,19.9,0.0
2025-11-09 22:00:00,16607.0,15399.82,15544.0,1207.18,1063.0,0.072691,0.064009,22,11,Sunday,-2.0,20.0,0.0
2025-11-09 23:00:00,16084.0,14971.997,15075.0,1112.003,1009.0,0.069137,0.062733,23,11,Sunday,-2.1,20.1,0.0
2025-11-10 00:00:00,15488.0,15015.295,14808.0,472.705,680.0,0.030521,0.043905,0,11,Monday,-2.4,20.4,0.0
2025-11-10 01:00:00,15220.0,14749.435,14503.0,470.565,717.0,0.030918,0.047109,1,11,Monday,-2.6,20.6,0.0
2025-11-10 02:00:00,15072.0,14499.253,14251.0,572.747,821.0,0.038001,0.054472,2,11,Monday,-2.9,20.9,0.0
2025-11-10 03:00:00,15033.0,14432.556,14162.0,600.444,871.0,0.039942,0.057939,3,11,Monday,-3.7,21.7,0.0
2025-11-10 04:00:00,15039.0,14664.017,14091.0,374.983,948.0,0.024934,0.063036,4,11,Monday,-3.9,21.9,0.0
2025-11-10 05:00:00,15430.0,15311.692,14286.0,118.308,1144.0,0.007667,0.074141,5,11,Monday,-3.9,21.9,0.0
2025-11-10 06:00:00,16801.0,16369.865,14872.0,431.135,1929.0,0.025661,0.114815,6,11,Monday,-4.3,22.3,0.0
2025-11-10 07:00:00,18129.0,17398.916,15593.0,730.084,2536.0,0.040272,0.139886,7,11,Monday,-4.7,22.7,0.0
2025-11-10 08:00:00,18643.0,17789.572,16333.0,853.428,2310.0,0.045777,0.123907,8,11,Monday,-4.3,22.3,0.0
2025-11-10 09:00:00,18594.0,18035.56,16876.0,558.44,1718.0,0.030033,0.092395,9,11,Monday,-4.1,22.1,0.0
2025-11-10 10:00:00,18648.0,18311.367,17338.0,336.633,1310.0,0.018052,0.070249,10,11,Monday,-3.8,21.8,0.0
2025-11-10 11:00:00,18631.0,18312.041,17722.0,318.959,909.0,0.01712,0.04879,11,11,Monday,-3.2,21.2,0.0
2025-11-10 12:00:00,18737.0,18429.104,17915.0,307.896,822.0,0.016433,0.04387,12,11,Monday,-3.1,21.1,0.0
2025-11-10 13:00:00,18563.0,18290.54,18014.0,272.46,549.0,0.014678,0.029575,13,11,Monday,-3.0,21.0,0.0
2025-11-10 14:00:00,18625.0,18259.607,18101.0,365.393,524.0,0.019618,0.028134,14,11,Monday,-2.9,20.9,0.0
2025-11-10 15:00:00,18918.0,18433.441,18362.0,484.559,556.0,0.025614,0.02939,15,11,Monday,-2.6,20.6,0.0
2025-11-10 16:00:00,19199.0,18990.873,18751.0,208.127,448.0,0.010841,0.023335,16,11,Monday,-2.6,20.6,0.0
2025-11-10 17:00:00,19731.0,19495.018,19056.0,235.982,675.0,0.01196,0.03421,17,11,Monday,-2.9,20.9,0.0
2025-11-10 18:00:00,19641.0,19336.596,18692.0,304.404,949.0,0.015498,0.048317,18,11,Monday,-3.0,21.0,0.0
2025-11-10 19:00:00,19337.0,18797.035,17995.0,539.965,1342.0,0.027924,0.069401,19,11,Monday,-3.3,21.3,0.0
2025-11-10 20:00:00,18898.0,18544.406,17851.0,353.594,1047.0,0.018711,0.055403,20,11,Monday,-3.2,21.2,0.0
2025-11-10 21:00:00,18186.0,17913.916,17428.0,272.084,758.0,0.014961,0.04168,21,11,Monday,-3.3,21.3,0.0
2025-11-10 22:00:00,17265.0,16928.02,16607.0,336.98,658.0,0.019518,0.038112,22,11,Monday,-3.6,21.6,0.0
2025-11-10 23:00:00,16295.0,16499.877,16084.0,204.877,211.0,0.012573,0.012949,23,11,Monday,-3.8,21.8,0.0
2025-11-11 00:00:00,16102.0,15471.817,15488.0,630.183,614.0,0.039137,0.038132,0,11,Tuesday,-3.8,21.8,0.0
2025-11-11 01:00:00,15670.0,15290.733,15220.0,379.267,450.0,0.024203,0.028717,1,11,Tuesday,-4.2,22.2,0.0
2025-11-11 02:00:00,15392.0,15086.396,15072.0,305.604,320.0,0.019855,0.02079,2,11,Tuesday,-3.9,21.9,0.0
2025-11-11 03:00:00,15230.0,15066.848,15033.0,163.152,197.0,0.010713,0.012935,3,11,Tuesday,-3.5,21.5,0.0
2025-11-11 04:00:00,15319.0,15121.085,15039.0,197.915,280.0,0.01292,0.018278,4,11,Tuesday,-3.2,21.2,0.0
2025-11-11 05:00:00,15867.0,15583.825,15430.0,283.175,437.0,0.017847,0.027541,5,11,Tuesday,-2.9,20.9,0.0
2025-11-11 06:00:00,16958.0,16749.611,16801.0,208.389,157.0,0.012289,0.009258,6,11,Tuesday,-2.0,20.0,0.0
2025-11-11 07:00:00,18007.0,17832.115,18129.0,174.885,122.0,0.009712,0.006775,7,11,Tuesday,-2.7,20.7,0.0
2025-11-11 08:00:00,18277.0,18015.246,18643.0,261.754,366.0,0.014321,0.020025,8,11,Tuesday,-1.7,19.7,0.0
2025-11-11 09:00:00,18271.0,17808.783,18594.0,462.217,323.0,0.025298,0.017678,9,11,Tuesday,-0.9,18.9,0.0
2025-11-11 10:00:00,18333.0,17587.328,18648.0,745.672,315.0,0.040674,0.017182,10,11,Tuesday,0.2,17.8,0.0
2025-11-11 11:00:00,18009.0,17583.014,18631.0,425.986,622.0,0.023654,0.034538,11,11,Tuesday,1.0,17.0,0.0
2025-11-11 12:00:00,17881.0,17571.959,18737.0,309.041,856.0,0.017283,0.047872,12,11,Tuesday,1.4,16.6,0.0
2025-11-11 13:00:00,17968.0,17427.5,18563.0,540.5,595.0,0.030081,0.033114,13,11,Tuesday,2.3,15.7,0.0
2025-11-11 14:00:00,18115.0,17684.396,18625.0,430.604,510.0,0.023771,0.028153,14,11,Tuesday,2.4,15.6,0.0
2025-11-11 15:00:00,18412.0,18093.104,18918.0,318.896,506.0,0.01732,0.027482,15,11,Tuesday,2.3,15.7,0.0
2025-11-11 16:00:00,18945.0,18538.504,19199.0,406.496,254.0,0.021457,0.013407,16,11,Tuesday,2.2,15.8,0.0
2025-11-11 17:00:00,19581.0,18895.59,19731.0,685.41,150.0,0.035004,0.00766,17,11,Tuesday,1.8,16.2,0.0
2025-11-11 18:00:00,19124.0,18998.34,19641.0,125.66,517.0,0.006571,0.027034,18,11,Tuesday,1.4,16.6,0.0
2025-11-11 19:00:00,18786.0,18645.047,19337.0,140.953,551.0,0.007503,0.02933,19,11,Tuesday,1.4,16.6,0.0
2025-11-11 20:00:00,18377.0,18410.062,18898.0,33.062,521.0,0.001799,0.028351,20,11,Tuesday,1.1,16.9,0.0
2025-11-11 21:00:00,17654.0,17678.79,18186.0,24.79,532.0,0.001404,0.030135,21,11,Tuesday,0.7,17.3,0.0
2025-11-11 22:00:00,16773.0,16794.855,17265.0,21.855,492.0,0.001303,0.029333,22,11,Tuesday,0.9,17.1,0.0
2025-11-11 23:00:00,16007.0,15768.053,16295.0,238.947,288.0,0.014928,0.017992,23,11,Tuesday,1.5,16.5,0.0
2025-11-12 00:00:00,15496.0,15430.184,16102.0,65.816,606.0,0.004247,0.039107,0,11,Wednesday,1.8,16.2,0.0
2025-11-12 01:00:00,15150.0,14940.955,15670.0,209.045,520.0,0.013798,0.034323,1,11,Wednesday,1.9,16.1,0.0
2025-11-12 02:00:00,14987.0,14679.563,15392.0,307.437,405.0,0.020514,0.027023,2,11,Wednesday,1.6,16.4,0.0
2025-11-12 03:00:00,14939.0,14611.721,15230.0,327.279,291.0,0.021908,0.019479,3,11,Wednesday,1.3,16.7,0.0
2025-11-12 04:00:00,14955.0,14723.319,15319.0,231.681,364.0,0.015492,0.02434,4,11,Wednesday,1.3,16.7,0.0
2025-11-12 05:00:00,15447.0,15192.446,15867.0,254.554,420.0,0.016479,0.02719,5,11,Wednesday,1.5,16.5,0.0
2025-11-12 06:00:00,16409.0,16222.772,16958.0,186.228,549.0,0.011349,0.033457,6,11,Wednesday,1.6,16.4,0.0
2025-11-12 07:00:00,17801.0,17503.797,18007.0,297.203,206.0,0.016696,0.011572,7,11,Wednesday,1.6,16.4,0.0
2025-11-12 08:00:00,18018.0,17577.443,18277.0,440.557,259.0,0.024451,0.014375,8,11,Wednesday,2.2,15.8,0.0
2025-11-12 09:00:00,17975.0,17573.023,18271.0,401.977,296.0,0.022363,0.016467,9,11,Wednesday,2.7,15.3,0.0
2025-11-12 10:00:00,17905.0,17513.42,18333.0,391.58,428.0,0.02187,0.023904,10,11,Wednesday,3.4,14.6,0.0
2025-11-12 11:00:00,17909.0,17382.658,18009.0,526.342,100.0,0.02939,0.005584,11,11,Wednesday,4.0,14.0,0.0
2025-11-12 12:00:00,17701.0,17329.08,17881.0,371.92,180.0,0.021011,0.010169,12,11,Wednesday,5.2,12.8,0.0
2025-11-12 13:00:00,17704.0,17108.201,17968.0,595.799,264.0,0.033653,0.014912,13,11,Wednesday,7.0,11.0,0.0
2025-11-12 14:00:00,17565.0,17220.467,18115.0,344.533,550.0,0.019615,0.031312,14,11,Wednesday,7.4,10.6,0.0
2025-11-12 15:00:00,17804.0,17451.578,18412.0,352.422,608.0,0.019795,0.03415,15,11,Wednesday,7.0,11.0,0.0
2025-11-12 16:00:00,18355.0,18196.8,18945.0,158.2,590.0,0.008619,0.032144,16,11,Wednesday,6.5,11.5,0.0
2025-11-12 17:00:00,18833.0,18461.385,19581.0,371.615,748.0,0.019732,0.039718,17,11,Wednesday,5.8,12.2,0.0
2025-11-12 18:00:00,18475.0,18430.742,19124.0,44.258,649.0,0.002396,0.035129,18,11,Wednesday,5.3,12.7,0.0
2025-11-12 19:00:00,18199.0,18143.082,18786.0,55.918,587.0,0.003073,0.032255,19,11,Wednesday,5.3,12.7,0.0
2025-11-12 20:00:00,17821.0,17889.232,18377.0,68.232,556.0,0.003829,0.031199,20,11,Wednesday,4.6,13.4,0.0
2025-11-12 21:00:00,17481.0,17237.457,17654.0,243.543,173.0,0.013932,0.009896,21,11,Wednesday,4.1,13.9,0.0
2025-11-12 22:00:00,16516.0,16352.407,16773.0,163.593,257.0,0.009905,0.015561,22,11,Wednesday,3.9,14.1,0.0
2025-11-12 23:00:00,15531.0,15427.088,16007.0,103.912,476.0,0.006691,0.030648,23,11,Wednesday,3.7,14.3,0.0
2025-11-13 00:00:00,15000.0,14969.361,15496.0,30.639,496.0,0.002043,0.033067,0,11,Thursday,3.8,14.2,0.0
2025-11-13 01:00:00,14640.0,14671.974,15150.0,31.974,510.0,0.002184,0.034836,1,11,Thursday,4.5,13.5,0.0
2025-11-13 02:00:00,14544.0,14514.466,14987.0,29.534,443.0,0.002031,0.030459,2,11,Thursday,3.5,14.5,0.0
2025-11-13 03:00:00,14565.0,14504.377,14939.0,60.623,374.0,0.004162,0.025678,3,11,Thursday,3.2,14.8,0.0
2025-11-13 04:00:00,14445.0,14617.48,14955.0,172.48,510.0,0.01194,0.035306,4,11,Thursday,3.2,14.8,0.0
2025-11-13 05:00:00,15132.0,15184.307,15447.0,52.307,315.0,0.003457,0.020817,5,11,Thursday,2.9,15.1,0.0
2025-11-13 06:00:00,16431.0,16324.805,16409.0,106.195,22.0,0.006463,0.001339,6,11,Thursday,2.9,15.1,0.0
2025-11-13 07:00:00,17501.0,17437.129,17801.0,63.871,300.0,0.00365,0.017142,7,11,Thursday,3.8,14.2,0.0
2025-11-13 08:00:00,17686.0,17524.838,18018.0,161.162,332.0,0.009112,0.018772,8,11,Thursday,3.7,14.3,0.0
2025-11-13 09:00:00,17160.0,17467.4,17975.0,307.4,815.0,0.017914,0.047494,9,11,Thursday,4.5,13.5,0.0
2025-11-13 10:00:00,16737.0,17286.969,17905.0,549.969,1168.0,0.032859,0.069786,10,11,Thursday,5.6,12.4,0.0
2025-11-13 11:00:00,16507.0,17215.982,17909.0,708.982,1402.0,0.04295,0.084934,11,11,Thursday,6.3,11.7,0.0
2025-11-13 12:00:00,16653.0,17002.947,17701.0,349.947,1048.0,0.021014,0.062932,12,11,Thursday,7.0,11.0,0.0
2025-11-13 13:00:00,16634.0,16988.559,17704.0,354.559,1070.0,0.021315,0.064326,13,11,Thursday,7.2,10.8,0.0
2025-11-13 14:00:00,16886.0,16969.22,17565.0,83.22,679.0,0.004928,0.040211,14,11,Thursday,6.9,11.1,0.0
2025-11-13 15:00:00,17709.0,17470.766,17804.0,238.234,95.0,0.013453,0.005365,15,11,Thursday,6.2,11.8,0.0
2025-11-13 16:00:00,18774.0,18124.977,18355.0,649.023,419.0,0.03457,0.022318,16,11,Thursday,5.5,12.5,0.0
2025-11-13 17:00:00,18969.0,18475.215,18833.0,493.785,136.0,0.026031,0.00717,17,11,Thursday,4.9,13.1,0.0
2025-11-13 18:00:00,18509.0,18295.773,18475.0,213.227,34.0,0.01152,0.001837,18,11,Thursday,4.1,13.9,0.0
2025-11-13 19:00:00,18287.0,18022.094,18199.0,264.906,88.0,0.014486,0.004812,19,11,Thursday,5.1,12.9,0.0
2025-11-13 20:00:00,18050.0,17786.488,17821.0,263.512,229.0,0.014599,0.012687,20,11,Thursday,4.3,13.7,0.0
2025-11-13 21:00:00,17508.0,17273.504,17481.0,234.496,27.0,0.013394,0.001542,21,11,Thursday,3.4,14.6,0.0
2025-11-13 22:00:00,16475.0,16373.381,16516.0,101.619,41.0,0.006168,0.002489,22,11,Thursday,2.9,15.1,0.0
2025-11-13 23:00:00,15614.0,15557.489,15531.0,56.511,83.0,0.003619,0.005316,23,11,Thursday,2.6,15.4,0.0
2025-11-14 00:00:00,15294.0,14781.929,15000.0,512.071,294.0,0.033482,0.019223,0,11,Friday,2.3,15.7,0.0
2025-11-14 01:00:00,14909.0,14524.13,14640.0,384.87,269.0,0.025815,0.018043,1,11,Friday,2.2,15.8,0.0
2025-11-14 02:00:00,14707.0,14396.699,14544.0,310.301,163.0,0.021099,0.011083,2,11,Friday,2.3,15.7,0.0
2025-11-14 03:00:00,14830.0,14360.128,14565.0,469.872,265.0,0.031684,0.017869,3,11,Friday,2.2,15.8,0.0
2025-11-14 04:00:00,14860.0,14382.013,14445.0,477.987,415.0,0.032166,0.027927,4,11,Friday,2.3,15.7,0.0
2025-11-14 05:00:00,15360.0,14879.73,15132.0,480.271,228.0,0.031268,0.014844,5,11,Friday,1.9,16.1,0.0
2025-11-14 06:00:00,16438.0,16285.12,16431.0,152.88,7.0,0.0093,0.000426,6,11,Friday,1.8,16.2,0.0
2025-11-14 07:00:00,17350.0,17299.51,17501.0,50.49,151.0,0.00291,0.008703,7,11,Friday,1.9,16.1,0.0
2025-11-14 08:00:00,17429.0,17441.033,17686.0,12.033,257.0,0.00069,0.014746,8,11,Friday,1.9,16.1,0.0
2025-11-14 09:00:00,17302.0,17011.102,17160.0,290.898,142.0,0.016813,0.008207,9,11,Friday,3.1,14.9,0.0
2025-11-14 10:00:00,17342.0,16686.63,16737.0,655.37,605.0,0.037791,0.034886,10,11,Friday,4.4,13.6,0.0
2025-11-14 11:00:00,17165.0,16561.389,16507.0,603.611,658.0,0.035165,0.038334,11,11,Friday,5.7,12.3,0.0
2025-11-14 12:00:00,17072.0,16467.318,16653.0,604.682,419.0,0.03542,0.024543,12,11,Friday,6.8,11.2,0.0
2025-11-14 13:00:00,16905.0,16397.648,16634.0,507.352,271.0,0.030012,0.016031,13,11,Friday,7.7,10.3,0.0
2025-11-14 14:00:00,17024.0,16440.174,16886.0,583.826,138.0,0.034294,0.008106,14,11,Friday,8.3,9.7,0.0
2025-11-14 15:00:00,17434.0,17090.521,17709.0,343.479,275.0,0.019702,0.015774,15,11,Friday,8.6,9.4,0.0
2025-11-14 16:00:00,17980.0,17898.057,18774.0,81.943,794.0,0.004557,0.04416,16,11,Friday,8.0,10.0,0.0
2025-11-14 17:00:00,18429.0,18151.816,18969.0,277.184,540.0,0.015041,0.029302,17,11,Friday,6.1,11.9,0.0
2025-11-14 18:00:00,18112.0,17978.285,18509.0,133.715,397.0,0.007383,0.021919,18,11,Friday,5.2,12.8,0.0
2025-11-14 19:00:00,17966.0,17735.594,18287.0,230.406,321.0,0.012825,0.017867,19,11,Friday,5.1,12.9,0.0
2025-11-14 20:00:00,17818.0,17543.283,18050.0,274.717,232.0,0.015418,0.013021,20,11,Friday,4.0,14.0,0.0
2025-11-14 21:00:00,17341.0,17113.033,17508.0,227.967,167.0,0.013146,0.00963,21,11,Friday,3.2,14.8,0.0
2025-11-14 22:00:00,16538.0,16113.308,16475.0,424.692,63.0,0.02568,0.003809,22,11,Friday,2.9,15.1,0.0
2025-11-14 23:00:00,15668.0,15190.603,15614.0,477.397,54.0,0.03047,0.003447,23,11,Friday,2.8,15.2,0.0
2025-11-15 00:00:00,14978.0,14500.361,15294.0,477.639,316.0,0.031889,0.021098,0,11,Saturday,2.5,15.5,0.0
2025-11-15 01:00:00,14385.0,14164.285,14909.0,220.715,524.0,0.015343,0.036427,1,11,Saturday,2.7,15.3,0.0
2025-11-15 02:00:00,14160.0,13920.736,14707.0,239.264,547.0,0.016897,0.03863,2,11,Saturday,2.8,15.2,0.0
2025-11-15 03:00:00,13999.0,13739.322,14830.0,259.678,831.0,0.01855,0.059361,3,11,Saturday,3.2,14.8,0.0
2025-11-15 04:00:00,14041.0,13637.696,14860.0,403.304,819.0,0.028723,0.058329,4,11,Saturday,3.7,14.3,0.0
2025-11-15 05:00:00,14400.0,13861.107,15360.0,538.893,960.0,0.037423,0.066667,5,11,Saturday,3.9,14.1,0.0
2025-11-15 06:00:00,14908.0,14729.195,16438.0,178.805,1530.0,0.011994,0.102629,6,11,Saturday,4.0,14.0,0.0
2025-11-15 07:00:00,15546.0,15435.694,17350.0,110.306,1804.0,0.007095,0.116043,7,11,Saturday,4.0,14.0,0.0
2025-11-15 08:00:00,16016.0,15829.546,17429.0,186.454,1413.0,0.011642,0.088224,8,11,Saturday,4.3,13.7,0.0
2025-11-15 09:00:00,16600.0,15971.277,17302.0,628.723,702.0,0.037875,0.042289,9,11,Saturday,4.9,13.1,0.0
2025-11-15 10:00:00,16914.0,15879.741,17342.0,1034.259,428.0,0.061148,0.025304,10,11,Saturday,5.6,12.4,0.0
2025-11-15 11:00:00,17088.0,15734.271,17165.0,1353.729,77.0,0.079221,0.004506,11,11,Saturday,5.8,12.2,0.0
2025-11-15 12:00:00,17277.0,15728.927,17072.0,1548.073,205.0,0.089603,0.011865,12,11,Saturday,5.8,12.2,0.0
2025-11-15 13:00:00,17270.0,15617.831,16905.0,1652.169,365.0,0.095667,0.021135,13,11,Saturday,6.0,12.0,0.0
2025-11-15 14:00:00,17347.0,15671.495,17024.0,1675.505,323.0,0.096588,0.01862,14,11,Saturday,6.1,11.9,0.0
2025-11-15 15:00:00,17550.0,16296.157,17434.0,1253.843,116.0,0.071444,0.00661,15,11,Saturday,6.4,11.6,0.0
2025-11-15 16:00:00,17776.0,16975.338,17980.0,800.662,204.0,0.045042,0.011476,16,11,Saturday,6.6,11.4,0.0
2025-11-15 17:00:00,17978.0,17324.291,18429.0,653.709,451.0,0.036362,0.025086,17,11,Saturday,7.0,11.0,0.0
2025-11-15 18:00:00,17334.0,17095.89,18112.0,238.11,778.0,0.013737,0.044883,18,11,Saturday,7.2,10.8,0.0
2025-11-15 19:00:00,16793.0,16763.129,17966.0,29.871,1173.0,0.001779,0.069851,19,11,Saturday,7.2,10.8,0.0
2025-11-15 20:00:00,16420.0,16473.797,17818.0,53.797,1398.0,0.003276,0.08514,20,11,Saturday,9.5,8.5,0.0
2025-11-15 21:00:00,15951.0,15629.831,17341.0,321.169,1390.0,0.020135,0.087142,21,11,Saturday,10.8,7.199999999999999,0.0
2025-11-15 22:00:00,15253.0,14833.331,16538.0,419.669,1285.0,0.027514,0.084246,22,11,Saturday,9.1,8.9,0.0
2025-11-15 23:00:00,14713.0,14489.714,15668.0,223.286,955.0,0.015176,0.064909,23,11,Saturday,8.1,9.9,0.0
2025-11-16 00:00:00,14335.0,14319.02,14978.0,15.98,643.0,0.001115,0.044855,0,11,Sunday,8.1,9.9,0.0
2025-11-16 01:00:00,13920.0,13868.265,14385.0,51.735,465.0,0.003717,0.033405,1,11,Sunday,8.0,10.0,0.0
2025-11-16 02:00:00,13737.0,13637.393,14160.0,99.607,423.0,0.007251,0.030793,2,11,Sunday,7.2,10.8,0.0
2025-11-16 03:00:00,13643.0,13473.866,13999.0,169.134,356.0,0.012397,0.026094,3,11,Sunday,6.2,11.8,0.0
2025-11-16 04:00:00,13667.0,13446.664,14041.0,220.336,374.0,0.016122,0.027365,4,11,Sunday,5.2,12.8,0.0
2025-11-16 05:00:00,13969.0,13794.086,14400.0,174.914,431.0,0.012522,0.030854,5,11,Sunday,4.4,13.6,0.0
2025-11-16 06:00:00,14526.0,14121.042,14908.0,404.958,382.0,0.027878,0.026298,6,11,Sunday,3.9,14.1,0.0
2025-11-16 07:00:00,14982.0,15089.301,15546.0,107.301,564.0,0.007162,0.037645,7,11,Sunday,3.7,14.3,0.0
2025-11-16 08:00:00,15608.0,15501.376,16016.0,106.624,408.0,0.006831,0.02614,8,11,Sunday,3.2,14.8,0.0
2025-11-16 09:00:00,15918.0,15891.964,16600.0,26.036,682.0,0.001636,0.042845,9,11,Sunday,3.5,14.5,0.0
2025-11-16 10:00:00,16167.0,16105.761,16914.0,61.239,747.0,0.003788,0.046205,10,11,Sunday,3.7,14.3,0.0
2025-11-16 11:00:00,16470.0,16353.86,17088.0,116.14,618.0,0.007052,0.037523,11,11,Sunday,3.2,14.8,0.0
2025-11-16 12:00:00,16682.0,16521.83,17277.0,160.17,595.0,0.009601,0.035667,12,11,Sunday,3.8,14.2,0.0
2025-11-16 13:00:00,16589.0,16503.143,17270.0,85.857,681.0,0.005176,0.041051,13,11,Sunday,4.5,13.5,0.0
2025-11-16 14:00:00,16820.0,16567.121,17347.0,252.879,527.0,0.015034,0.031332,14,11,Sunday,4.4,13.6,0.0
2025-11-16 15:00:00,17272.0,17132.213,17550.0,139.787,278.0,0.008093,0.016095,15,11,Sunday,4.2,13.8,0.0
2025-11-16 16:00:00,17849.0,17716.586,17776.0,132.414,73.0,0.007419,0.00409,16,11,Sunday,2.7,15.3,0.0
2025-11-16 17:00:00,18511.0,17952.164,17978.0,558.836,533.0,0.030189,0.028794,17,11,Sunday,1.7,16.3,0.0
2025-11-16 18:00:00,18200.0,17711.56,17334.0,488.44,866.0,0.026837,0.047582,18,11,Sunday,1.3,16.7,0.0
2025-11-16 19:00:00,17858.0,17347.79,16793.0,510.21,1065.0,0.02857,0.059637,19,11,Sunday,0.5,17.5,0.0
2025-11-16 20:00:00,17438.0,17092.914,16420.0,345.086,1018.0,0.019789,0.058378,20,11,Sunday,0.1,17.9,0.0
2025-11-16 21:00:00,16810.0,16475.275,15951.0,334.725,859.0,0.019912,0.051101,21,11,Sunday,-0.1,18.1,0.0
2025-11-16 22:00:00,16031.0,15524.176,15253.0,506.824,778.0,0.031615,0.048531,22,11,Sunday,-0.1,18.1,0.0
2025-11-16 23:00:00,15429.0,14976.278,14713.0,452.722,716.0,0.029342,0.046406,23,11,Sunday,-0.1,18.1,0.0
2025-11-17 00:00:00,15038.0,14847.591,14335.0,190.409,703.0,0.012662,0.046748,0,11,Monday,-0.1,18.1,0.0
2025-11-17 01:00:00,14714.0,14345.109,13920.0,368.891,794.0,0.025071,0.053962,1,11,Monday,-0.3,18.3,0.0
2025-11-17 02:00:00,14571.0,14138.787,13737.0,432.213,834.0,0.029663,0.057237,2,11,Monday,-0.1,18.1,0.0
2025-11-17 03:00:00,14598.0,13997.977,13643.0,600.023,955.0,0.041103,0.06542,3,11,Monday,0.1,17.9,0.0
2025-11-17 04:00:00,14884.0,14201.396,13667.0,682.604,1217.0,0.045862,0.081766,4,11,Monday,-0.1,18.1,0.0
2025-11-17 05:00:00,15309.0,15312.514,13969.0,3.514,1340.0,0.00023,0.08753,5,11,Monday,-0.1,18.1,0.0
2025-11-17 06:00:00,16536.0,16189.939,14526.0,346.061,2010.0,0.020928,0.121553,6,11,Monday,0.0,18.0,0.0
2025-11-17 07:00:00,17935.0,16986.836,14982.0,948.164,2953.0,0.052867,0.16465,7,11,Monday,0.2,17.8,0.0
2025-11-17 08:00:00,18057.0,17505.26,15608.0,551.74,2449.0,0.030555,0.135626,8,11,Monday,0.7,17.3,0.0
2025-11-17 09:00:00,17838.0,17626.783,15918.0,211.217,1920.0,0.011841,0.107635,9,11,Monday,1.5,16.5,0.0
2025-11-17 10:00:00,17665.0,17572.445,16167.0,92.555,1498.0,0.005239,0.0848,10,11,Monday,2.4,15.6,0.0
2025-11-17 11:00:00,17438.0,17446.879,16470.0,8.879,968.0,0.000509,0.055511,11,11,Monday,3.3,14.7,0.0
2025-11-17 12:00:00,17500.0,17509.756,16682.0,9.756,818.0,0.000557,0.046743,12,11,Monday,3.6,14.4,0.0
2025-11-17 13:00:00,17678.0,17451.066,16589.0,226.934,1089.0,0.012837,0.061602,13,11,Monday,3.8,14.2,0.0
2025-11-17 14:00:00,17865.0,17490.926,16820.0,374.074,1045.0,0.020939,0.058494,14,11,Monday,3.9,14.1,0.0
2025-11-17 15:00:00,18280.0,18049.715,17272.0,230.285,1008.0,0.012598,0.055142,15,11,Monday,3.7,14.3,0.0
2025-11-17 16:00:00,18974.0,18508.934,17849.0,465.066,1125.0,0.024511,0.059292,16,11,Monday,3.3,14.7,0.0
2025-11-17 17:00:00,19530.0,18964.26,18511.0,565.74,1019.0,0.028968,0.052176,17,11,Monday,2.4,15.6,0.0
2025-11-17 18:00:00,19239.0,18861.295,18200.0,377.705,1039.0,0.019632,0.054005,18,11,Monday,2.1,15.9,0.0
2025-11-17 19:00:00,19029.0,18581.97,17858.0,447.03,1171.0,0.023492,0.061538,19,11,Monday,1.6,16.4,0.0
2025-11-17 20:00:00,18582.0,18336.24,17438.0,245.76,1144.0,0.013226,0.061565,20,11,Monday,1.2,16.8,0.0
2025-11-17 21:00:00,17919.0,17622.959,16810.0,296.041,1109.0,0.016521,0.06189,21,11,Monday,0.7,17.3,0.0
2025-11-17 22:00:00,16981.0,16783.928,16031.0,197.072,950.0,0.011605,0.055945,22,11,Monday,0.3,17.7,0.0
2025-11-17 23:00:00,16137.0,15966.584,15429.0,170.416,708.0,0.010561,0.043874,23,11,Monday,0.2,17.8,0.0
2025-11-18 00:00:00,15632.0,15336.847,15038.0,295.153,594.0,0.018881,0.037999,0,11,Tuesday,0.3,17.7,0.0
2025-11-18 01:00:00,15298.0,14893.896,14714.0,404.104,584.0,0.026415,0.038175,1,11,Tuesday,0.5,17.5,0.0
2025-11-18 02:00:00,15222.0,14725.886,14571.0,496.114,651.0,0.032592,0.042767,2,11,Tuesday,0.7,17.3,0.0
2025-11-18 03:00:00,15096.0,14598.301,14598.0,497.699,498.0,0.032969,0.032989,3,11,Tuesday,1.1,16.9,0.0
2025-11-18 04:00:00,15271.0,14904.409,14884.0,366.591,387.0,0.024006,0.025342,4,11,Tuesday,1.3,16.7,0.0
2025-11-18 05:00:00,15824.0,15625.164,15309.0,198.836,515.0,0.012565,0.032546,5,11,Tuesday,0.9,17.1,0.0
2025-11-18 06:00:00,17133.0,16676.096,16536.0,456.904,597.0,0.026668,0.034845,6,11,Tuesday,0.7,17.3,0.0
2025-11-18 07:00:00,18375.0,17726.982,17935.0,648.018,440.0,0.035266,0.023946,7,11,Tuesday,1.2,16.8,0.0
2025-11-18 08:00:00,18344.0,17826.908,18057.0,517.092,287.0,0.028189,0.015645,8,11,Tuesday,1.4,16.6,0.0
2025-11-18 09:00:00,17863.0,17836.2,17838.0,26.8,25.0,0.0015,0.0014,9,11,Tuesday,2.0,16.0,0.0
2025-11-18 10:00:00,17974.0,17517.506,17665.0,456.494,309.0,0.025397,0.017191,10,11,Tuesday,2.9,15.1,0.0
2025-11-18 11:00:00,17521.0,17258.23,17438.0,262.77,83.0,0.014997,0.004737,11,11,Tuesday,3.6,14.4,0.0
2025-11-18 12:00:00,17365.0,17351.88,17500.0,13.12,135.0,0.000756,0.007774,12,11,Tuesday,4.6,13.4,0.0
2025-11-18 13:00:00,17389.0,17383.615,17678.0,5.385,289.0,0.00031,0.01662,13,11,Tuesday,5.1,12.9,0.0
2025-11-18 14:00:00,17574.0,17576.645,17865.0,2.645,291.0,0.000151,0.016559,14,11,Tuesday,5.3,12.7,0.0
2025-11-18 15:00:00,18014.0,17876.13,18280.0,137.87,266.0,0.007653,0.014766,15,11,Tuesday,5.5,12.5,0.0
2025-11-18 16:00:00,18638.0,18628.06,18974.0,9.94,336.0,0.000533,0.018028,16,11,Tuesday,4.9,13.1,0.0
2025-11-18 17:00:00,19192.0,18983.627,19530.0,208.373,338.0,0.010857,0.017612,17,11,Tuesday,2.8,15.2,0.0
2025-11-18 18:00:00,19101.0,18982.508,19239.0,118.492,138.0,0.006203,0.007225,18,11,Tuesday,2.3,15.7,0.0
2025-11-18 19:00:00,18907.0,18993.764,19029.0,86.764,122.0,0.004589,0.006453,19,11,Tuesday,1.0,17.0,0.0
2025-11-18 20:00:00,18602.0,18505.223,18582.0,96.777,20.0,0.005203,0.001075,20,11,Tuesday,0.1,17.9,0.0
2025-11-18 21:00:00,17905.0,17830.729,17919.0,74.271,14.0,0.004148,0.000782,21,11,Tuesday,0.4,17.6,0.0
2025-11-18 22:00:00,17041.0,16881.137,16981.0,159.863,60.0,0.009381,0.003521,22,11,Tuesday,0.6,17.4,0.0
2025-11-18 23:00:00,16217.0,16180.228,16137.0,36.772,80.0,0.002267,0.004933,23,11,Tuesday,0.3,17.7,0.0
2025-11-19 00:00:00,15744.0,15611.805,15632.0,132.195,112.0,0.008397,0.007114,0,11,Wednesday,0.3,17.7,0.0
2025-11-19 01:00:00,15440.0,15164.902,15298.0,275.098,142.0,0.017817,0.009197,1,11,Wednesday,-0.2,18.2,0.0
2025-11-19 02:00:00,15222.0,14924.845,15222.0,297.155,0.0,0.019521,0.0,2,11,Wednesday,-0.5,18.5,0.0
2025-11-19 03:00:00,15221.0,14872.321,15096.0,348.679,125.0,0.022908,0.008212,3,11,Wednesday,-0.9,18.9,0.0
2025-11-19 04:00:00,15393.0,15026.283,15271.0,366.717,122.0,0.023824,0.007926,4,11,Wednesday,-1.0,19.0,0.0
2025-11-19 05:00:00,16031.0,15686.819,15824.0,344.181,207.0,0.02147,0.012912,5,11,Wednesday,-1.3,19.3,0.0
2025-11-19 06:00:00,17222.0,16957.375,17133.0,264.625,89.0,0.015366,0.005168,6,11,Wednesday,-1.3,19.3,0.0
2025-11-19 07:00:00,18198.0,18096.146,18375.0,101.854,177.0,0.005597,0.009726,7,11,Wednesday,-1.3,19.3,0.0
2025-11-19 08:00:00,18120.0,18128.818,18344.0,8.818,224.0,0.000487,0.012362,8,11,Wednesday,-1.2,19.2,0.0
2025-11-19 09:00:00,17748.0,17844.205,17863.0,96.205,115.0,0.005421,0.00648,9,11,Wednesday,0.3,17.7,0.0
2025-11-19 10:00:00,17237.0,17737.662,17974.0,500.662,737.0,0.029046,0.042757,10,11,Wednesday,2.4,15.6,0.0
2025-11-19 11:00:00,16907.0,17313.834,17521.0,406.834,614.0,0.024063,0.036316,11,11,Wednesday,4.0,14.0,0.0
2025-11-19 12:00:00,16595.0,17211.074,17365.0,616.074,770.0,0.037124,0.0464,12,11,Wednesday,4.6,13.4,0.0
2025-11-19 13:00:00,16495.0,17184.602,17389.0,689.602,894.0,0.041807,0.054198,13,11,Wednesday,5.2,12.8,0.0
2025-11-19 14:00:00,16729.0,17266.469,17574.0,537.469,845.0,0.032128,0.050511,14,11,Wednesday,5.3,12.7,0.0
2025-11-19 15:00:00,17448.0,17749.664,18014.0,301.664,566.0,0.017289,0.032439,15,11,Wednesday,5.1,12.9,0.0
2025-11-19 16:00:00,18401.0,18353.512,18638.0,47.488,237.0,0.002581,0.01288,16,11,Wednesday,3.8,14.2,0.0
2025-11-19 17:00:00,19199.0,19064.723,19192.0,134.277,7.0,0.006994,0.000365,17,11,Wednesday,1.5,16.5,0.0
2025-11-19 18:00:00,19003.0,19018.79,19101.0,15.79,98.0,0.000831,0.005157,18,11,Wednesday,1.6,16.4,0.0
2025-11-19 19:00:00,18873.0,18833.719,18907.0,39.281,34.0,0.002081,0.001802,19,11,Wednesday,0.8,17.2,0.0
2025-11-19 20:00:00,18593.0,18463.025,18602.0,129.975,9.0,0.006991,0.000484,20,11,Wednesday,0.7,17.3,0.0
2025-11-19 21:00:00,17948.0,17800.934,17905.0,147.066,43.0,0.008194,0.002396,21,11,Wednesday,0.4,17.6,0.0
2025-11-19 22:00:00,17101.0,16889.025,17041.0,211.975,60.0,0.012395,0.003509,22,11,Wednesday,0.3,17.7,0.0
2025-11-19 23:00:00,16150.0,16002.738,16217.0,147.262,67.0,0.009118,0.004149,23,11,Wednesday,0.4,17.6,0.0
2025-11-20 00:00:00,15790.0,15264.457,15744.0,525.543,46.0,0.033283,0.002913,0,11,Thursday,0.7,17.3,0.0
2025-11-20 01:00:00,15429.0,15021.695,15440.0,407.305,11.0,0.026399,0.000713,1,11,Thursday,0.3,17.7,0.0
2025-11-20 02:00:00,15201.0,14931.432,15222.0,269.568,21.0,0.017734,0.001381,2,11,Thursday,0.7,17.3,0.0
2025-11-20 03:00:00,15217.0,14933.103,15221.0,283.897,4.0,0.018657,0.000263,3,11,Thursday,0.7,17.3,0.0
2025-11-20 04:00:00,15446.0,15030.982,15393.0,415.018,53.0,0.026869,0.003431,4,11,Thursday,0.5,17.5,0.0
2025-11-20 05:00:00,16074.0,15597.044,16031.0,476.956,43.0,0.029673,0.002675,5,11,Thursday,-0.2,18.2,0.0
2025-11-20 06:00:00,17021.0,17028.455,17222.0,7.455,201.0,0.000438,0.011809,6,11,Thursday,-0.4,18.4,0.0
2025-11-20 07:00:00,18078.0,17960.52,18198.0,117.48,120.0,0.006499,0.006638,7,11,Thursday,-0.7,18.7,0.0
2025-11-20 08:00:00,18224.0,17986.12,18120.0,237.88,104.0,0.013053,0.005707,8,11,Thursday,-0.2,18.2,0.0
2025-11-20 09:00:00,17777.0,17555.176,17748.0,221.824,29.0,0.012478,0.001631,9,11,Thursday,2.0,16.0,0.0
2025-11-20 10:00:00,17561.0,17052.861,17237.0,508.139,324.0,0.028936,0.01845,10,11,Thursday,4.0,14.0,0.0
2025-11-20 11:00:00,17362.0,16743.979,16907.0,618.021,455.0,0.035596,0.026207,11,11,Thursday,5.4,12.6,0.0
2025-11-20 12:00:00,17297.0,16567.986,16595.0,729.014,702.0,0.042147,0.040585,12,11,Thursday,5.5,12.5,0.0
2025-11-20 13:00:00,17321.0,16605.408,16495.0,715.592,826.0,0.041314,0.047688,13,11,Thursday,5.4,12.6,0.0
2025-11-20 14:00:00,17467.0,16693.338,16729.0,773.662,738.0,0.044293,0.042251,14,11,Thursday,5.4,12.6,0.0
2025-11-20 15:00:00,17762.0,17488.855,17448.0,273.145,314.0,0.015378,0.017678,15,11,Thursday,5.0,13.0,0.0
2025-11-20 16:00:00,18444.0,18253.992,18401.0,190.008,43.0,0.010302,0.002331,16,11,Thursday,4.1,13.9,0.0
2025-11-20 17:00:00,19150.0,18990.5,19199.0,159.5,49.0,0.008329,0.002559,17,11,Thursday,1.9,16.1,0.0
2025-11-20 18:00:00,18796.0,18902.33,19003.0,106.33,207.0,0.005657,0.011013,18,11,Thursday,1.9,16.1,0.0
2025-11-20 19:00:00,18453.0,18618.791,18873.0,165.791,420.0,0.008985,0.022761,19,11,Thursday,2.2,15.8,0.0
2025-11-20 20:00:00,18140.0,18185.123,18593.0,45.123,453.0,0.002487,0.024972,20,11,Thursday,2.8,15.2,0.0
2025-11-20 21:00:00,17725.0,17467.17,17948.0,257.83,223.0,0.014546,0.012581,21,11,Thursday,4.6,13.4,0.0
2025-11-20 22:00:00,16918.0,16619.586,17101.0,298.414,183.0,0.017639,0.010817,22,11,Thursday,4.9,13.1,0.0
2025-11-20 23:00:00,16176.0,15830.861,16150.0,345.139,26.0,0.021336,0.001607,23,11,Thursday,4.8,13.2,0.0
2025-11-21 00:00:00,15582.0,15273.731,15790.0,308.269,208.0,0.019784,0.013349,0,11,Friday,4.6,13.4,0.0
2025-11-21 01:00:00,15266.0,14909.142,15429.0,356.858,163.0,0.023376,0.010677,1,11,Friday,4.7,13.3,0.0
2025-11-21 02:00:00,14962.0,14759.182,15201.0,202.818,239.0,0.013556,0.015974,2,11,Friday,4.9,13.1,0.0
2025-11-21 03:00:00,14923.0,14768.616,15217.0,154.384,294.0,0.010345,0.019701,3,11,Friday,5.5,12.5,0.0
2025-11-21 04:00:00,14660.0,14937.414,15446.0,277.414,786.0,0.018923,0.053615,4,11,Friday,5.8,12.2,0.0
2025-11-21 05:00:00,15229.0,15476.832,16074.0,247.832,845.0,0.016274,0.055486,5,11,Friday,5.9,12.1,0.0
2025-11-21 06:00:00,16346.0,16378.474,17021.0,32.474,675.0,0.001987,0.041295,6,11,Friday,5.8,12.2,0.0
2025-11-21 07:00:00,17197.0,17310.746,18078.0,113.746,881.0,0.006614,0.05123,7,11,Friday,6.0,12.0,0.0
2025-11-21 08:00:00,17647.0,17447.684,18224.0,199.316,577.0,0.011295,0.032697,8,11,Friday,6.1,11.9,0.0
2025-11-21 09:00:00,17549.0,17215.271,17777.0,333.729,228.0,0.019017,0.012992,9,11,Friday,6.7,11.3,0.0
2025-11-21 10:00:00,17423.0,16878.758,17561.0,544.242,138.0,0.031237,0.007921,10,11,Friday,7.9,10.1,0.0
2025-11-21 11:00:00,17484.0,16705.559,17362.0,778.441,122.0,0.044523,0.006978,11,11,Friday,8.3,9.7,0.0
2025-11-21 12:00:00,17340.0,16686.871,17297.0,653.129,43.0,0.037666,0.00248,12,11,Friday,8.1,9.9,0.0
2025-11-21 13:00:00,17277.0,16459.756,17321.0,817.244,44.0,0.047302,0.002547,13,11,Friday,9.4,8.6,0.0
2025-11-21 14:00:00,17063.0,16677.295,17467.0,385.705,404.0,0.022605,0.023677,14,11,Friday,9.1,8.9,0.0
2025-11-21 15:00:00,17305.0,16999.273,17762.0,305.727,457.0,0.017667,0.026409,15,11,Friday,8.7,9.3,0.0
2025-11-21 16:00:00,17856.0,17735.717,18444.0,120.283,588.0,0.006736,0.03293,16,11,Friday,7.9,10.1,0.0
2025-11-21 17:00:00,18466.0,18221.43,19150.0,244.57,684.0,0.013244,0.037041,17,11,Friday,6.6,11.4,0.0
2025-11-21 18:00:00,18122.0,18009.043,18796.0,112.957,674.0,0.006233,0.037192,18,11,Friday,6.0,12.0,0.0
2025-11-21 19:00:00,18037.0,17801.611,18453.0,235.389,416.0,0.01305,0.023064,19,11,Friday,5.4,12.6,0.0
2025-11-21 20:00:00,17853.0,17679.896,18140.0,173.104,287.0,0.009696,0.016076,20,11,Friday,4.6,13.4,0.0
2025-11-21 21:00:00,17300.0,17165.676,17725.0,134.324,425.0,0.007764,0.024566,21,11,Friday,3.7,14.3,0.0
2025-11-21 22:00:00,16491.0,16465.805,16918.0,25.195,427.0,0.001528,0.025893,22,11,Friday,2.9,15.1,0.0
2025-11-21 23:00:00,15561.0,15895.317,16176.0,334.317,615.0,0.021484,0.039522,23,11,Friday,2.3,15.7,0.0
2025-11-22 00:00:00,15055.0,14798.977,15582.0,256.023,527.0,0.017006,0.035005,0,11,Saturday,1.7,16.3,0.0
2025-11-22 01:00:00,14544.0,14458.047,15266.0,85.953,722.0,0.00591,0.049642,1,11,Saturday,2.0,16.0,0.0
2025-11-22 02:00:00,14367.0,14084.353,14962.0,282.647,595.0,0.019673,0.041414,2,11,Saturday,3.0,15.0,0.0
2025-11-22 03:00:00,14391.0,13889.829,14923.0,501.171,532.0,0.034825,0.036968,3,11,Saturday,3.0,15.0,0.0
2025-11-22 04:00:00,14451.0,13787.284,14660.0,663.716,209.0,0.045929,0.014463,4,11,Saturday,2.2,15.8,0.0
2025-11-22 05:00:00,14659.0,14155.691,15229.0,503.309,570.0,0.034334,0.038884,5,11,Saturday,1.6,16.4,0.0
2025-11-22 06:00:00,15198.0,14935.235,16346.0,262.765,1148.0,0.017289,0.075536,6,11,Saturday,1.1,16.9,0.0
2025-11-22 07:00:00,15886.0,15501.02,17197.0,384.979,1311.0,0.024234,0.082525,7,11,Saturday,0.9,17.1,0.0
2025-11-22 08:00:00,16270.0,16073.797,17647.0,196.203,1377.0,0.012059,0.084634,8,11,Saturday,1.3,16.7,0.0
2025-11-22 09:00:00,16287.0,16237.019,17549.0,49.981,1262.0,0.003069,0.077485,9,11,Saturday,2.3,15.7,0.0
2025-11-22 10:00:00,16049.0,16225.729,17423.0,176.729,1374.0,0.011012,0.085613,10,11,Saturday,3.6,14.4,0.0
2025-11-22 11:00:00,15907.0,16387.688,17484.0,480.688,1577.0,0.030219,0.099139,11,11,Saturday,4.9,13.1,0.0
2025-11-22 12:00:00,15875.0,16359.18,17340.0,484.18,1465.0,0.0305,0.092283,12,11,Saturday,5.3,12.7,0.0
2025-11-22 13:00:00,16159.0,16348.253,17277.0,189.253,1118.0,0.011712,0.069187,13,11,Saturday,4.9,13.1,0.0
2025-11-22 14:00:00,16524.0,16169.356,17063.0,354.644,539.0,0.021462,0.032619,14,11,Saturday,4.9,13.1,0.0
2025-11-22 15:00:00,16805.0,16637.51,17305.0,167.49,500.0,0.009967,0.029753,15,11,Saturday,5.0,13.0,0.0
2025-11-22 16:00:00,17489.0,17219.332,17856.0,269.668,367.0,0.015419,0.020985,16,11,Saturday,4.7,13.3,0.0
2025-11-22 17:00:00,18278.0,17617.424,18466.0,660.576,188.0,0.03614,0.010286,17,11,Saturday,3.5,14.5,0.0
2025-11-22 18:00:00,17997.0,17424.143,18122.0,572.857,125.0,0.031831,0.006946,18,11,Saturday,3.0,15.0,0.0
2025-11-22 19:00:00,17486.0,17144.076,18037.0,341.924,551.0,0.019554,0.031511,19,11,Saturday,2.2,15.8,0.0
2025-11-22 20:00:00,17207.0,17081.027,17853.0,125.973,646.0,0.007321,0.037543,20,11,Saturday,1.4,16.6,0.0
2025-11-22 21:00:00,16601.0,16472.434,17300.0,128.566,699.0,0.007744,0.042106,21,11,Saturday,1.6,16.4,0.0
2025-11-22 22:00:00,15935.0,15367.373,16491.0,567.627,556.0,0.035621,0.034892,22,11,Saturday,2.0,16.0,0.0
2025-11-22 23:00:00,15469.0,14795.319,15561.0,673.681,92.0,0.04355,0.005947,23,11,Saturday,2.0,16.0,0.0
2025-11-23 00:00:00,15091.0,14546.108,15055.0,544.892,36.0,0.036107,0.002386,0,11,Sunday,3.0,15.0,0.0
2025-11-23 01:00:00,14548.0,14078.106,14544.0,469.894,4.0,0.0323,0.000275,1,11,Sunday,3.0,15.0,0.0
2025-11-23 02:00:00,14104.0,13843.796,14367.0,260.204,263.0,0.018449,0.018647,2,11,Sunday,2.5,15.5,0.0
2025-11-23 03:00:00,13764.0,13713.816,14391.0,50.184,627.0,0.003646,0.045554,3,11,Sunday,2.5,15.5,0.0
2025-11-23 04:00:00,13890.0,13640.157,14451.0,249.843,561.0,0.017987,0.040389,4,11,Sunday,3.0,15.0,0.0
2025-11-23 05:00:00,14100.0,13832.564,14659.0,267.436,559.0,0.018967,0.039645,5,11,Sunday,3.4,14.6,0.0
2025-11-23 06:00:00,14576.0,14273.988,15198.0,302.012,622.0,0.02072,0.042673,6,11,Sunday,3.9,14.1,0.0
2025-11-23 07:00:00,15118.0,14881.382,15886.0,236.618,768.0,0.015651,0.0508,7,11,Sunday,3.9,14.1,0.0
2025-11-23 08:00:00,15780.0,15494.48,16270.0,285.52,490.0,0.018094,0.031052,8,11,Sunday,3.9,14.1,0.0
2025-11-23 09:00:00,16084.0,15744.873,16287.0,339.127,203.0,0.021085,0.012621,9,11,Sunday,4.6,13.4,0.0
2025-11-23 10:00:00,16281.0,15534.379,16049.0,746.621,232.0,0.045858,0.01425,10,11,Sunday,5.9,12.1,0.0
2025-11-23 11:00:00,15927.0,15501.712,15907.0,425.288,20.0,0.026702,0.001256,11,11,Sunday,7.3,10.7,0.0
2025-11-23 12:00:00,15964.0,15534.195,15875.0,429.805,89.0,0.026923,0.005575,12,11,Sunday,7.7,10.3,0.0
2025-11-23 13:00:00,16303.0,15464.667,16159.0,838.333,144.0,0.051422,0.008833,13,11,Sunday,8.2,9.8,0.0
2025-11-23 14:00:00,16300.0,15717.915,16524.0,582.085,224.0,0.035711,0.013742,14,11,Sunday,8.1,9.9,0.0
2025-11-23 15:00:00,16766.0,16388.064,16805.0,377.936,39.0,0.022542,0.002326,15,11,Sunday,7.5,10.5,0.0
2025-11-23 16:00:00,17761.0,17144.842,17489.0,616.158,272.0,0.034692,0.015314,16,11,Sunday,6.9,11.1,0.0
2025-11-23 17:00:00,18430.0,17691.355,18278.0,738.645,152.0,0.040078,0.008247,17,11,Sunday,6.1,11.9,0.0
2025-11-23 18:00:00,17860.0,17621.36,17997.0,238.64,137.0,0.013362,0.007671,18,11,Sunday,5.6,12.4,0.0
2025-11-23 19:00:00,17540.0,17250.9,17486.0,289.1,54.0,0.016482,0.003079,19,11,Sunday,5.8,12.2,0.0
2025-11-23 20:00:00,16854.0,17074.16,17207.0,220.16,353.0,0.013063,0.020945,20,11,Sunday,5.2,12.8,0.0
2025-11-23 21:00:00,16348.0,16403.816,16601.0,55.816,253.0,0.003414,0.015476,21,11,Sunday,5.0,13.0,0.0
2025-11-23 22:00:00,15815.0,15617.408,15935.0,197.592,120.0,0.012494,0.007588,22,11,Sunday,4.6,13.4,0.0
2025-11-23 23:00:00,15259.0,15128.945,15469.0,130.055,210.0,0.008523,0.013762,23,11,Sunday,4.4,13.6,0.0
2025-11-24 00:00:00,14793.0,14840.768,15091.0,47.768,298.0,0.003229,0.020145,0,11,Monday,3.7,14.3,0.0
2025-11-24 01:00:00,14514.0,14354.708,14548.0,159.292,34.0,0.010975,0.002343,1,11,Monday,3.5,14.5,0.0
2025-11-24 02:00:00,14506.0,14099.995,14104.0,406.005,402.0,0.027989,0.027713,2,11,Monday,2.9,15.1,0.0
2025-11-24 03:00:00,14277.0,13903.752,13764.0,373.248,513.0,0.026143,0.035932,3,11,Monday,2.1,15.9,0.0
2025-11-24 04:00:00,14397.0,14262.599,13890.0,134.401,507.0,0.009335,0.035216,4,11,Monday,1.4,16.6,0.0
2025-11-24 05:00:00,15146.0,15231.313,14100.0,85.313,1046.0,0.005633,0.069061,5,11,Monday,0.9,17.1,0.0
2025-11-24 06:00:00,16478.0,16174.031,14576.0,303.969,1902.0,0.018447,0.115427,6,11,Monday,0.4,17.6,0.0
2025-11-24 07:00:00,17688.0,17121.43,15118.0,566.57,2570.0,0.032031,0.145296,7,11,Monday,0.3,17.7,0.0
2025-11-24 08:00:00,17753.0,17619.602,15780.0,133.398,1973.0,0.007514,0.111136,8,11,Monday,0.3,17.7,0.0
2025-11-24 09:00:00,17011.0,17695.732,16084.0,684.732,927.0,0.040252,0.054494,9,11,Monday,1.3,16.7,0.0
2025-11-24 10:00:00,16763.0,17506.066,16281.0,743.066,482.0,0.044328,0.028754,10,11,Monday,2.7,15.3,0.0
2025-11-24 11:00:00,16523.0,17208.248,15927.0,685.248,596.0,0.041472,0.036071,11,11,Monday,4.0,14.0,0.0
2025-11-24 12:00:00,16428.0,17207.076,15964.0,779.076,464.0,0.047424,0.028244,12,11,Monday,5.1,12.9,0.0
2025-11-24 13:00:00,17100.0,17101.379,16303.0,1.379,797.0,8.1e-05,0.046608,13,11,Monday,6.3,11.7,0.0
2025-11-24 14:00:00,17148.0,17105.113,16300.0,42.887,848.0,0.002501,0.049452,14,11,Monday,6.6,11.4,0.0
2025-11-24 15:00:00,17786.0,17336.703,16766.0,449.297,1020.0,0.025261,0.057348,15,11,Monday,6.7,11.3,0.0
2025-11-24 16:00:00,18533.0,18085.115,17761.0,447.885,772.0,0.024167,0.041655,16,11,Monday,6.5,11.5,0.0
2025-11-24 17:00:00,19053.0,18572.02,18430.0,480.98,623.0,0.025244,0.032698,17,11,Monday,6.2,11.8,0.0
2025-11-24 18:00:00,18615.0,18286.719,17860.0,328.281,755.0,0.017635,0.040559,18,11,Monday,5.8,12.2,0.0
2025-11-24 19:00:00,18339.0,17954.867,17540.0,384.133,799.0,0.020946,0.043568,19,11,Monday,6.1,11.9,0.0
2025-11-24 20:00:00,17928.0,17527.445,16854.0,400.555,1074.0,0.022342,0.059906,20,11,Monday,5.7,12.3,0.0
2025-11-24 21:00:00,17128.0,16933.576,16348.0,194.424,780.0,0.011351,0.045539,21,11,Monday,5.4,12.6,0.0
2025-11-24 22:00:00,16321.0,16245.479,15815.0,75.521,506.0,0.004627,0.031003,22,11,Monday,5.1,12.9,0.0
2025-11-24 23:00:00,15614.0,15650.414,15259.0,36.414,355.0,0.002332,0.022736,23,11,Monday,4.7,13.3,0.0
2025-11-25 00:00:00,15024.0,14794.144,14793.0,229.856,231.0,0.015299,0.015375,0,11,Tuesday,5.4,12.6,0.0
2025-11-25 01:00:00,14680.0,14407.583,14514.0,272.417,166.0,0.018557,0.011308,1,11,Tuesday,5.0,13.0,0.0
2025-11-25 02:00:00,14414.0,14385.021,14506.0,28.979,92.0,0.00201,0.006383,2,11,Tuesday,5.4,12.6,0.0
2025-11-25 03:00:00,14434.0,14135.53,14277.0,298.47,157.0,0.020678,0.010877,3,11,Tuesday,4.9,13.1,0.0
2025-11-25 04:00:00,14526.0,14422.909,14397.0,103.091,129.0,0.007097,0.008881,4,11,Tuesday,5.1,12.9,0.0
2025-11-25 05:00:00,15100.0,15317.801,15146.0,217.801,46.0,0.014424,0.003046,5,11,Tuesday,5.1,12.9,0.0
2025-11-25 06:00:00,16380.0,16370.922,16478.0,9.078,98.0,0.000554,0.005983,6,11,Tuesday,5.4,12.6,0.0
2025-11-25 07:00:00,17513.0,17238.594,17688.0,274.406,175.0,0.015669,0.009993,7,11,Tuesday,5.7,12.3,0.0
2025-11-25 08:00:00,17736.0,17244.922,17753.0,491.078,17.0,0.027688,0.000959,8,11,Tuesday,6.3,11.7,0.0
2025-11-25 09:00:00,17473.0,16751.396,17011.0,721.604,462.0,0.041298,0.026441,9,11,Tuesday,6.7,11.3,0.0
2025-11-25 10:00:00,17557.0,16572.865,16763.0,984.135,794.0,0.056054,0.045224,10,11,Tuesday,7.4,10.6,0.0
2025-11-25 11:00:00,17740.0,16370.608,16523.0,1369.392,1217.0,0.077192,0.068602,11,11,Tuesday,8.1,9.9,0.0
2025-11-25 12:00:00,17724.0,16309.164,16428.0,1414.836,1296.0,0.079826,0.073121,12,11,Tuesday,8.4,9.6,0.0
2025-11-25 13:00:00,17888.0,16626.133,17100.0,1261.867,788.0,0.070543,0.044052,13,11,Tuesday,8.3,9.7,0.0
2025-11-25 14:00:00,17976.0,16658.842,17148.0,1317.158,828.0,0.073273,0.046061,14,11,Tuesday,7.9,10.1,0.0
2025-11-25 15:00:00,18183.0,17409.588,17786.0,773.412,397.0,0.042535,0.021834,15,11,Tuesday,7.5,10.5,0.0
2025-11-25 16:00:00,18615.0,18155.516,18533.0,459.484,82.0,0.024684,0.004405,16,11,Tuesday,6.6,11.4,0.0
2025-11-25 17:00:00,18879.0,18573.912,19053.0,305.088,174.0,0.01616,0.009217,17,11,Tuesday,6.4,11.6,0.0
2025-11-25 18:00:00,18495.0,18223.695,18615.0,271.305,120.0,0.014669,0.006488,18,11,Tuesday,6.4,11.6,0.0
2025-11-25 19:00:00,18271.0,18002.367,18339.0,268.633,68.0,0.014703,0.003722,19,11,Tuesday,6.7,11.3,0.0
2025-11-25 20:00:00,17907.0,17558.17,17928.0,348.83,21.0,0.01948,0.001173,20,11,Tuesday,6.9,11.1,0.0
2025-11-25 21:00:00,17340.0,16772.99,17128.0,567.01,212.0,0.0327,0.012226,21,11,Tuesday,7.0,11.0,0.0
2025-11-25 22:00:00,16570.0,16119.346,16321.0,450.654,249.0,0.027197,0.015027,22,11,Tuesday,6.9,11.1,0.0
2025-11-25 23:00:00,15939.0,15420.442,15614.0,518.558,325.0,0.032534,0.02039,23,11,Tuesday,6.9,11.1,0.0
2025-11-26 00:00:00,15010.0,14834.912,15024.0,175.088,14.0,0.011665,0.000933,0,11,Wednesday,7.1,10.9,0.0
2025-11-26 01:00:00,14659.0,14292.63,14680.0,366.37,21.0,0.024993,0.001433,1,11,Wednesday,7.5,10.5,0.0
2025-11-26 02:00:00,14292.0,14108.421,14414.0,183.579,122.0,0.012845,0.008536,2,11,Wednesday,7.7,10.3,0.0
2025-11-26 03:00:00,14183.0,14117.688,14434.0,65.312,251.0,0.004605,0.017697,3,11,Wednesday,7.6,10.4,0.0
2025-11-26 04:00:00,14373.0,14280.161,14526.0,92.839,153.0,0.006459,0.010645,4,11,Wednesday,7.7,10.3,0.0
2025-11-26 05:00:00,14729.0,14997.934,15100.0,268.934,371.0,0.018259,0.025188,5,11,Wednesday,8.1,9.9,0.0
2025-11-26 06:00:00,15825.0,15953.123,16380.0,128.123,555.0,0.008096,0.035071,6,11,Wednesday,8.4,9.6,0.0
2025-11-26 07:00:00,16994.0,16936.375,17513.0,57.625,519.0,0.003391,0.03054,7,11,Wednesday,8.6,9.4,0.0
2025-11-26 08:00:00,17351.0,17038.316,17736.0,312.684,385.0,0.018021,0.022189,8,11,Wednesday,8.7,9.3,0.0
2025-11-26 09:00:00,17288.0,16830.604,17473.0,457.396,185.0,0.026457,0.010701,9,11,Wednesday,8.8,9.2,0.0
2025-11-26 10:00:00,17549.0,16701.04,17557.0,847.96,8.0,0.04832,0.000456,10,11,Wednesday,9.6,8.4,0.0
2025-11-26 11:00:00,17728.0,16663.244,17740.0,1064.756,12.0,0.060061,0.000677,11,11,Wednesday,10.2,7.800000000000001,0.0
2025-11-26 12:00:00,17677.0,16599.613,17724.0,1077.387,47.0,0.060949,0.002659,12,11,Wednesday,10.7,7.300000000000001,0.0
2025-11-26 13:00:00,17716.0,16814.639,17888.0,901.361,172.0,0.050878,0.009709,13,11,Wednesday,9.8,8.2,0.0
2025-11-26 14:00:00,17810.0,17063.496,17976.0,746.504,166.0,0.041915,0.009321,14,11,Wednesday,8.3,9.7,0.0
2025-11-26 15:00:00,18028.0,17597.793,18183.0,430.207,155.0,0.023863,0.008598,15,11,Wednesday,6.9,11.1,0.0
2025-11-26 16:00:00,18487.0,18322.363,18615.0,164.637,128.0,0.008906,0.006924,16,11,Wednesday,4.9,13.1,0.0
2025-11-26 17:00:00,18870.0,18590.37,18879.0,279.63,9.0,0.014819,0.000477,17,11,Wednesday,4.6,13.4,0.0
2025-11-26 18:00:00,18429.0,18331.285,18495.0,97.715,66.0,0.005302,0.003581,18,11,Wednesday,3.7,14.3,0.0
2025-11-26 19:00:00,18128.0,18123.902,18271.0,4.098,143.0,0.000226,0.007888,19,11,Wednesday,3.6,14.4,0.0
2025-11-26 20:00:00,17908.0,17909.418,17907.0,1.418,1.0,7.9e-05,5.6e-05,20,11,Wednesday,2.8,15.2,0.0
2025-11-26 21:00:00,17180.0,17373.49,17340.0,193.49,160.0,0.011263,0.009313,21,11,Wednesday,2.1,15.9,0.0
2025-11-26 22:00:00,16648.0,16549.514,16570.0,98.486,78.0,0.005916,0.004685,22,11,Wednesday,1.8,16.2,0.0
2025-11-26 23:00:00,16114.0,15951.279,15939.0,162.721,175.0,0.010098,0.01086,23,11,Wednesday,1.6,16.4,0.0
2025-11-27 00:00:00,15455.0,15092.387,15010.0,362.613,445.0,0.023463,0.028793,0,11,Thursday,1.3,16.7,0.0
2025-11-27 01:00:00,15418.0,14725.513,14659.0,692.487,759.0,0.044914,0.049228,1,11,Thursday,1.4,16.6,0.0
2025-11-27 02:00:00,15012.0,14234.336,14292.0,777.664,720.0,0.051803,0.047962,2,11,Thursday,1.6,16.4,0.0
2025-11-27 03:00:00,14843.0,14191.113,14183.0,651.887,660.0,0.043919,0.044465,3,11,Thursday,1.5,16.5,0.0
2025-11-27 04:00:00,14915.0,14598.834,14373.0,316.166,542.0,0.021198,0.036339,4,11,Thursday,1.2,16.8,0.0
2025-11-27 05:00:00,15451.0,15054.089,14729.0,396.911,722.0,0.025688,0.046728,5,11,Thursday,1.2,16.8,0.0
2025-11-27 06:00:00,16593.0,16128.306,15825.0,464.694,768.0,0.028005,0.046285,6,11,Thursday,1.0,17.0,0.0
2025-11-27 07:00:00,17824.0,17154.621,16994.0,669.379,830.0,0.037555,0.046566,7,11,Thursday,1.2,16.8,0.0
2025-11-27 08:00:00,18224.0,17599.662,17351.0,624.338,873.0,0.034259,0.047904,8,11,Thursday,0.8,17.2,0.0
2025-11-27 09:00:00,18237.0,17431.592,17288.0,805.408,949.0,0.044163,0.052037,9,11,Thursday,1.3,16.7,0.0
2025-11-27 10:00:00,18303.0,17541.75,17549.0,761.25,754.0,0.041592,0.041195,10,11,Thursday,1.9,16.1,0.0
2025-11-27 11:00:00,18151.0,17576.115,17728.0,574.885,423.0,0.031672,0.023305,11,11,Thursday,2.2,15.8,0.0
2025-11-27 12:00:00,17988.0,17443.104,17677.0,544.896,311.0,0.030292,0.017289,12,11,Thursday,2.8,15.2,0.0
2025-11-27 13:00:00,18188.0,17547.016,17716.0,640.984,472.0,0.035242,0.025951,13,11,Thursday,2.5,15.5,0.0
2025-11-27 14:00:00,18366.0,17688.184,17810.0,677.816,556.0,0.036906,0.030273,14,11,Thursday,2.4,15.6,0.0
2025-11-27 15:00:00,18646.0,17942.66,18028.0,703.34,618.0,0.037721,0.033144,15,11,Thursday,2.2,15.8,0.0
2025-11-27 16:00:00,19117.0,18458.92,18487.0,658.08,630.0,0.034424,0.032955,16,11,Thursday,1.7,16.3,0.0
2025-11-27 17:00:00,19641.0,18936.395,18870.0,704.605,771.0,0.035874,0.039255,17,11,Thursday,1.0,17.0,0.0
2025-11-27 18:00:00,19060.0,18645.229,18429.0,414.771,631.0,0.021761,0.033106,18,11,Thursday,0.5,17.5,0.0
2025-11-27 19:00:00,18757.0,18377.69,18128.0,379.31,629.0,0.020222,0.033534,19,11,Thursday,0.6,17.4,0.0
2025-11-27 20:00:00,18449.0,18067.836,17908.0,381.164,541.0,0.02066,0.029324,20,11,Thursday,0.4,17.6,0.0
2025-11-27 21:00:00,17923.0,17383.156,17180.0,539.844,743.0,0.03012,0.041455,21,11,Thursday,0.2,17.8,0.0
2025-11-27 22:00:00,17500.0,16681.996,16648.0,818.004,852.0,0.046743,0.048686,22,11,Thursday,0.1,17.9,0.0
2025-11-27 23:00:00,16829.0,16264.118,16114.0,564.882,715.0,0.033566,0.042486,23,11,Thursday,0.0,18.0,0.0
2025-11-28 00:00:00,15966.0,15433.631,15455.0,532.369,511.0,0.033344,0.032006,0,11,Friday,-0.5,18.5,0.0
2025-11-28 01:00:00,15613.0,15228.105,15418.0,384.895,195.0,0.024652,0.01249,1,11,Friday,-0.2,18.2,0.0
2025-11-28 02:00:00,15408.0,14738.064,15012.0,669.936,396.0,0.04348,0.025701,2,11,Friday,-0.4,18.4,0.0
2025-11-28 03:00:00,15010.0,14657.472,14843.0,352.528,167.0,0.023486,0.011126,3,11,Friday,-0.8,18.8,0.0
2025-11-28 04:00:00,15032.0,14740.376,14915.0,291.624,117.0,0.0194,0.007783,4,11,Friday,-1.1,19.1,0.0
2025-11-28 05:00:00,15672.0,15278.744,15451.0,393.256,221.0,0.025093,0.014102,5,11,Friday,-1.2,19.2,0.0
2025-11-28 06:00:00,16824.0,16572.508,16593.0,251.492,231.0,0.014948,0.01373,6,11,Friday,-1.3,19.3,0.0
2025-11-28 07:00:00,17981.0,17711.791,17824.0,269.209,157.0,0.014972,0.008731,7,11,Friday,-0.7,18.7,0.0
2025-11-28 08:00:00,18422.0,17990.676,18224.0,431.324,198.0,0.023414,0.010748,8,11,Friday,-1.3,19.3,0.0
2025-11-28 09:00:00,18235.0,17980.854,18237.0,254.146,2.0,0.013937,0.00011,9,11,Friday,-0.8,18.8,0.0
2025-11-28 10:00:00,18014.0,17978.803,18303.0,35.197,289.0,0.001954,0.016043,10,11,Friday,-0.3,18.3,0.0
2025-11-28 11:00:00,17801.0,17877.459,18151.0,76.459,350.0,0.004295,0.019662,11,11,Friday,0.2,17.8,0.0
2025-11-28 12:00:00,18071.0,17786.383,17988.0,284.617,83.0,0.01575,0.004593,12,11,Friday,0.7,17.3,0.0
2025-11-28 13:00:00,18412.0,17770.455,18188.0,641.545,224.0,0.034844,0.012166,13,11,Friday,1.5,16.5,0.0
2025-11-28 14:00:00,18447.0,17861.03,18366.0,585.97,81.0,0.031765,0.004391,14,11,Friday,1.2,16.8,0.0
2025-11-28 15:00:00,18600.0,18076.537,18646.0,523.463,46.0,0.028143,0.002473,15,11,Friday,0.7,17.3,0.0
2025-11-28 16:00:00,18984.0,18587.35,19117.0,396.65,133.0,0.020894,0.007006,16,11,Friday,0.0,18.0,0.0
2025-11-28 17:00:00,19474.0,19141.78,19641.0,332.22,167.0,0.01706,0.008576,17,11,Friday,-0.8,18.8,0.0
2025-11-28 18:00:00,19108.0,18793.033,19060.0,314.967,48.0,0.016484,0.002512,18,11,Friday,-1.2,19.2,0.0
2025-11-28 19:00:00,18862.0,18425.87,18757.0,436.13,105.0,0.023122,0.005567,19,11,Friday,-1.0,19.0,0.0
2025-11-28 20:00:00,18488.0,18191.16,18449.0,296.84,39.0,0.016056,0.002109,20,11,Friday,-1.4,19.4,0.0
2025-11-28 21:00:00,17840.0,17701.125,17923.0,138.875,83.0,0.007784,0.004652,21,11,Friday,-1.8,19.8,0.0
2025-11-28 22:00:00,17144.0,17244.252,17500.0,100.252,356.0,0.005848,0.020765,22,11,Friday,-1.9,19.9,0.0
2025-11-28 23:00:00,16718.0,16508.951,16829.0,209.049,111.0,0.012504,0.00664,23,11,Friday,-1.9,19.9,0.0
2025-11-29 00:00:00,16369.0,15188.422,15966.0,1180.578,403.0,0.072123,0.02462,0,11,Saturday,-1.8,19.8,0.0
2025-11-29 01:00:00,16140.0,14700.859,15613.0,1439.141,527.0,0.089166,0.032652,1,11,Saturday,-1.3,19.3,0.0
2025-11-29 02:00:00,15810.0,14494.506,15408.0,1315.494,402.0,0.083206,0.025427,2,11,Saturday,-1.4,19.4,0.0
2025-11-29 03:00:00,15593.0,14270.561,15010.0,1322.439,583.0,0.08481,0.037389,3,11,Saturday,-1.6,19.6,0.0
2025-11-29 04:00:00,15477.0,14385.428,15032.0,1091.572,445.0,0.070529,0.028752,4,11,Saturday,-1.9,19.9,0.0
2025-11-29 05:00:00,15605.0,14623.095,15672.0,981.905,67.0,0.062922,0.004293,5,11,Saturday,-2.1,20.1,0.0
2025-11-29 06:00:00,16174.0,15237.399,16824.0,936.601,650.0,0.057908,0.040188,6,11,Saturday,-2.6,20.6,0.0
2025-11-29 07:00:00,16851.0,16213.485,17981.0,637.515,1130.0,0.037832,0.067058,7,11,Saturday,-3.6,21.6,0.0
2025-11-29 08:00:00,17286.0,16689.705,18422.0,596.295,1136.0,0.034496,0.065718,8,11,Saturday,-3.7,21.7,0.0
2025-11-29 09:00:00,17330.0,16774.453,18235.0,555.547,905.0,0.032057,0.052222,9,11,Saturday,-2.8,20.8,0.0
2025-11-29 10:00:00,17429.0,16708.295,18014.0,720.705,585.0,0.041351,0.033565,10,11,Saturday,-1.5,19.5,0.0
2025-11-29 11:00:00,17511.0,16665.932,17801.0,845.068,290.0,0.048259,0.016561,11,11,Saturday,-0.4,18.4,0.0
2025-11-29 12:00:00,17482.0,16665.691,18071.0,816.309,589.0,0.046694,0.033692,12,11,Saturday,0.1,17.9,0.0
2025-11-29 13:00:00,17497.0,16928.795,18412.0,568.205,915.0,0.032474,0.052295,13,11,Saturday,1.0,17.0,0.0
2025-11-29 14:00:00,17792.0,16947.887,18447.0,844.113,655.0,0.047443,0.036814,14,11,Saturday,0.5,17.5,0.0
2025-11-29 15:00:00,18219.0,17158.355,18600.0,1060.645,381.0,0.058216,0.020912,15,11,Saturday,0.4,17.6,0.0
2025-11-29 16:00:00,18720.0,17972.457,18984.0,747.543,264.0,0.039933,0.014103,16,11,Saturday,0.2,17.8,0.0
2025-11-29 17:00:00,19077.0,18494.848,19474.0,582.152,397.0,0.030516,0.02081,17,11,Saturday,-0.8,18.8,0.0
2025-11-29 18:00:00,18531.0,18366.639,19108.0,164.361,577.0,0.00887,0.031137,18,11,Saturday,-0.9,18.9,0.0
2025-11-29 19:00:00,17910.0,17958.066,18862.0,48.066,952.0,0.002684,0.053155,19,11,Saturday,-1.0,19.0,0.0
2025-11-29 20:00:00,17613.0,17520.584,18488.0,92.416,875.0,0.005247,0.049679,20,11,Saturday,0.4,17.6,0.0
2025-11-29 21:00:00,17201.0,16752.006,17840.0,448.994,639.0,0.026103,0.037149,21,11,Saturday,0.7,17.3,0.0
2025-11-29 22:00:00,16918.0,16108.155,17144.0,809.845,226.0,0.047869,0.013359,22,11,Saturday,1.0,17.0,0.0
2025-11-29 23:00:00,16102.0,15650.12,16718.0,451.88,616.0,0.028064,0.038256,23,11,Saturday,1.2,16.8,0.0
2025-11-30 00:00:00,15657.0,15435.174,16369.0,221.826,712.0,0.014168,0.045475,0,11,Sunday,1.2,16.8,0.0
2025-11-30 01:00:00,15384.0,15197.913,16140.0,186.087,756.0,0.012096,0.049142,1,11,Sunday,0.8,17.2,0.0
2025-11-30 02:00:00,14905.0,14806.634,15810.0,98.366,905.0,0.0066,0.060718,2,11,Sunday,0.3,17.7,0.0
2025-11-30 03:00:00,14911.0,14442.639,15593.0,468.361,682.0,0.03141,0.045738,3,11,Sunday,0.4,17.6,0.0
2025-11-30 04:00:00,15023.0,14172.018,15477.0,850.982,454.0,0.056645,0.03022,4,11,Sunday,1.0,17.0,0.0
2025-11-30 05:00:00,15215.0,14334.791,15605.0,880.209,390.0,0.057851,0.025633,5,11,Sunday,1.3,16.7,0.0
2025-11-30 06:00:00,15575.0,14940.809,16174.0,634.191,599.0,0.040719,0.038459,6,11,Sunday,1.3,16.7,0.0
2025-11-30 07:00:00,16222.0,15436.067,16851.0,785.933,629.0,0.048449,0.038775,7,11,Sunday,1.0,17.0,0.0
2025-11-30 08:00:00,16929.0,16103.477,17286.0,825.523,357.0,0.048764,0.021088,8,11,Sunday,1.5,16.5,0.0
2025-11-30 09:00:00,17524.0,16340.738,17330.0,1183.262,194.0,0.067522,0.011071,9,11,Sunday,2.2,15.8,0.0
2025-11-30 10:00:00,17951.0,16431.1,17429.0,1519.9,522.0,0.084669,0.029079,10,11,Sunday,2.5,15.5,0.0
2025-11-30 11:00:00,18037.0,16508.002,17511.0,1528.998,526.0,0.08477,0.029162,11,11,Sunday,3.3,14.7,0.0
2025-11-30 12:00:00,18442.0,16542.783,17482.0,1899.217,960.0,0.102983,0.052055,12,11,Sunday,3.5,14.5,0.0
2025-11-30 13:00:00,18412.0,16599.879,17497.0,1812.121,915.0,0.098421,0.049696,13,11,Sunday,2.8,15.2,0.0
2025-11-30 14:00:00,18296.0,16726.066,17792.0,1569.934,504.0,0.085807,0.027547,14,11,Sunday,2.8,15.2,0.0
2025-11-30 15:00:00,18573.0,17135.096,18219.0,1437.904,354.0,0.077419,0.01906,15,11,Sunday,2.7,15.3,0.0
2025-11-30 16:00:00,18989.0,17963.277,18720.0,1025.723,269.0,0.054017,0.014166,16,11,Sunday,1.9,16.1,0.0
2025-11-30 17:00:00,19277.0,18473.51,19077.0,803.49,200.0,0.041681,0.010375,17,11,Sunday,1.4,16.6,0.0
2025-11-30 18:00:00,18777.0,18142.115,18531.0,634.885,246.0,0.033812,0.013101,18,11,Sunday,1.1,16.9,0.0
2025-11-30 19:00:00,18553.0,17730.072,17910.0,822.928,643.0,0.044356,0.034657,19,11,Sunday,1.7,16.3,0.0
2025-11-30 20:00:00,18113.0,17375.686,17613.0,737.314,500.0,0.040706,0.027604,20,11,Sunday,1.7,16.3,0.0
2025-11-30 21:00:00,17377.0,16882.34,17201.0,494.66,176.0,0.028466,0.010128,21,11,Sunday,1.2,16.8,0.0
2025-11-30 22:00:00,16600.0,16252.107,16918.0,347.893,318.0,0.020957,0.019157,22,11,Sunday,0.6,17.4,0.0
2025-11-30 23:00:00,16339.0,15530.152,16102.0,808.848,237.0,0.049504,0.014505,23,11,Sunday,-0.3,18.3,0.0
2025-12-01 00:00:00,15962.0,15578.176,15657.0,383.824,305.0,0.024046,0.019108,0,12,Monday,-1.1,19.1,0.0
2025-12-01 01:00:00,15455.0,15362.851,15384.0,92.149,71.0,0.005962,0.004594,1,12,Monday,-1.3,19.3,0.0
2025-12-01 02:00:00,15348.0,15083.628,14905.0,264.372,443.0,0.017225,0.028864,2,12,Monday,-2.3,20.3,0.0
2025-12-01 03:00:00,15366.0,15073.573,14911.0,292.427,455.0,0.019031,0.029611,3,12,Monday,-3.0,21.0,0.0
2025-12-01 04:00:00,15620.0,15405.684,15023.0,214.316,597.0,0.013721,0.03822,4,12,Monday,-3.4,21.4,0.0
2025-12-01 05:00:00,16343.0,16054.484,15215.0,288.516,1128.0,0.017654,0.06902,5,12,Monday,-3.6,21.6,0.0
2025-12-01 06:00:00,17637.0,16995.781,15575.0,641.219,2062.0,0.036356,0.116913,6,12,Monday,-4.0,22.0,0.0
2025-12-01 07:00:00,18926.0,18008.023,16222.0,917.977,2704.0,0.048503,0.142872,7,12,Monday,-4.8,22.8,0.0
2025-12-01 08:00:00,19020.0,18294.701,16929.0,725.299,2091.0,0.038133,0.109937,8,12,Monday,-5.5,23.5,0.0
2025-12-01 09:00:00,18844.0,18448.832,17524.0,395.168,1320.0,0.02097,0.070049,9,12,Monday,-5.1,23.1,0.0
2025-12-01 10:00:00,18742.0,18356.764,17951.0,385.236,791.0,0.020555,0.042205,10,12,Monday,-4.3,22.3,0.0
2025-12-01 11:00:00,18779.0,18366.168,18037.0,412.832,742.0,0.021984,0.039512,11,12,Monday,-3.2,21.2,0.0
2025-12-01 12:00:00,18703.0,18438.191,18442.0,264.809,261.0,0.014159,0.013955,12,12,Monday,-2.6,20.6,0.0
2025-12-01 13:00:00,18790.0,18537.893,18412.0,252.107,378.0,0.013417,0.020117,13,12,Monday,-2.4,20.4,0.0
2025-12-01 14:00:00,19093.0,18503.121,18296.0,589.879,797.0,0.030895,0.041743,14,12,Monday,-2.4,20.4,0.0
2025-12-01 15:00:00,19511.0,18720.11,18573.0,790.89,938.0,0.040536,0.048075,15,12,Monday,-2.4,20.4,0.0
2025-12-01 16:00:00,20126.0,19331.32,18989.0,794.68,1137.0,0.039485,0.056494,16,12,Monday,-2.4,20.4,0.0
2025-12-01 17:00:00,20802.0,19571.598,19277.0,1230.402,1525.0,0.059148,0.07331,17,12,Monday,-2.5,20.5,0.0
2025-12-01 18:00:00,20543.0,19411.738,18777.0,1131.262,1766.0,0.055068,0.085966,18,12,Monday,-2.6,20.6,0.0
2025-12-01 19:00:00,20274.0,19095.451,18553.0,1178.549,1721.0,0.058131,0.084887,19,12,Monday,-1.6,19.6,0.0
2025-12-01 20:00:00,19986.0,18706.123,18113.0,1279.877,1873.0,0.064039,0.093716,20,12,Monday,-1.5,19.5,0.0
2025-12-01 21:00:00,19262.0,18031.34,17377.0,1230.66,1885.0,0.063891,0.097861,21,12,Monday,-1.0,19.0,0.0
2025-12-01 22:00:00,18083.0,16965.129,16600.0,1117.871,1483.0,0.061819,0.082011,22,12,Monday,-1.2,19.2,0.0
2025-12-01 23:00:00,17188.0,16552.373,16339.0,635.627,849.0,0.036981,0.049395,23,12,Monday,-1.6,19.6,0.0
2025-12-02 00:00:00,16789.0,15643.39,15962.0,1145.61,827.0,0.068236,0.049258,0,12,Tuesday,-1.6,19.6,0.0
2025-12-02 01:00:00,16534.0,15205.189,15455.0,1328.811,1079.0,0.080368,0.065259,1,12,Tuesday,-1.4,19.4,0.0
2025-12-02 02:00:00,16325.0,15149.807,15348.0,1175.193,977.0,0.071987,0.059847,2,12,Tuesday,-1.3,19.3,0.0
2025-12-02 03:00:00,16239.0,15174.952,15366.0,1064.048,873.0,0.065524,0.053759,3,12,Tuesday,-1.4,19.4,0.0
2025-12-02 04:00:00,16352.0,15459.558,15620.0,892.442,732.0,0.054577,0.044765,4,12,Tuesday,-1.4,19.4,0.0
2025-12-02 05:00:00,16833.0,15978.92,16343.0,854.08,490.0,0.050738,0.029109,5,12,Tuesday,-1.3,19.3,0.0
2025-12-02 06:00:00,18028.0,17344.172,17637.0,683.828,391.0,0.037931,0.021688,6,12,Tuesday,-1.4,19.4,0.0
2025-12-02 07:00:00,19172.0,18295.12,18926.0,876.88,246.0,0.045738,0.012831,7,12,Tuesday,-2.1,20.1,0.0
2025-12-02 08:00:00,19414.0,18440.023,19020.0,973.977,394.0,0.050169,0.020295,8,12,Tuesday,-2.3,20.3,0.0
2025-12-02 09:00:00,19480.0,18292.275,18844.0,1187.725,636.0,0.060972,0.032649,9,12,Tuesday,-2.1,20.1,0.0
2025-12-02 10:00:00,19232.0,18217.19,18742.0,1014.81,490.0,0.052767,0.025478,10,12,Tuesday,-1.6,19.6,0.0
2025-12-02 11:00:00,18918.0,18333.725,18779.0,584.275,139.0,0.030885,0.007347,11,12,Tuesday,-1.0,19.0,0.0
2025-12-02 12:00:00,18524.0,18250.582,18703.0,273.418,179.0,0.01476,0.009663,12,12,Tuesday,-0.8,18.8,0.0
2025-12-02 13:00:00,18366.0,18256.43,18790.0,109.57,424.0,0.005966,0.023086,13,12,Tuesday,0.3,17.7,0.0
2025-12-02 14:00:00,18534.0,18379.156,19093.0,154.844,559.0,0.008355,0.030161,14,12,Tuesday,0.5,17.5,0.0
2025-12-02 15:00:00,18830.0,18639.264,19511.0,190.736,681.0,0.010129,0.036166,15,12,Tuesday,-0.2,18.2,0.0
2025-12-02 16:00:00,19406.0,19390.84,20126.0,15.16,720.0,0.000781,0.037102,16,12,Tuesday,-1.4,19.4,0.0
2025-12-02 17:00:00,20003.0,19834.951,20802.0,168.049,799.0,0.008401,0.039944,17,12,Tuesday,-2.8,20.8,0.0
2025-12-02 18:00:00,19892.0,19805.273,20543.0,86.727,651.0,0.00436,0.032727,18,12,Tuesday,-3.3,21.3,0.0
2025-12-02 19:00:00,19804.0,19698.518,20274.0,105.482,470.0,0.005326,0.023733,19,12,Tuesday,-4.1,22.1,0.0
2025-12-02 20:00:00,19577.0,19238.637,19986.0,338.363,409.0,0.017284,0.020892,20,12,Tuesday,-3.7,21.7,0.0
2025-12-02 21:00:00,18977.0,18399.953,19262.0,577.047,285.0,0.030408,0.015018,21,12,Tuesday,-3.9,21.9,0.0
2025-12-02 22:00:00,17905.0,17500.488,18083.0,404.512,178.0,0.022592,0.009941,22,12,Tuesday,-4.2,22.2,0.0
2025-12-02 23:00:00,17046.0,16867.328,17188.0,178.672,142.0,0.010482,0.00833,23,12,Tuesday,-4.9,22.9,0.0
2025-12-03 00:00:00,16308.0,16402.594,16789.0,94.594,481.0,0.0058,0.029495,0,12,Wednesday,-5.7,23.7,0.0
2025-12-03 01:00:00,15949.0,16107.125,16534.0,158.125,585.0,0.009914,0.036679,1,12,Wednesday,-6.4,24.4,0.0
2025-12-03 02:00:00,15865.0,15891.25,16325.0,26.25,460.0,0.001655,0.028995,2,12,Wednesday,-6.4,24.4,0.0
2025-12-03 03:00:00,15732.0,15820.033,16239.0,88.033,507.0,0.005596,0.032227,3,12,Wednesday,-6.1,24.1,0.0
2025-12-03 04:00:00,15878.0,15988.18,16352.0,110.18,474.0,0.006939,0.029853,4,12,Wednesday,-5.9,23.9,0.0
2025-12-03 05:00:00,16426.0,16450.281,16833.0,24.281,407.0,0.001478,0.024778,5,12,Wednesday,-5.2,23.2,0.0
2025-12-03 06:00:00,17582.0,17583.273,18028.0,1.273,446.0,7.2e-05,0.025367,6,12,Wednesday,-4.6,22.6,0.0
2025-12-03 07:00:00,18737.0,18346.607,19172.0,390.393,435.0,0.020835,0.023216,7,12,Wednesday,-3.8,21.8,0.0
2025-12-03 08:00:00,18856.0,18433.363,19414.0,422.637,558.0,0.022414,0.029593,8,12,Wednesday,-3.3,21.3,0.0
2025-12-03 09:00:00,18977.0,18482.156,19480.0,494.844,503.0,0.026076,0.026506,9,12,Wednesday,-2.5,20.5,0.0
2025-12-03 10:00:00,19137.0,18380.266,19232.0,756.734,95.0,0.039543,0.004964,10,12,Wednesday,-1.3,19.3,0.0
2025-12-03 11:00:00,19188.0,18304.707,18918.0,883.293,270.0,0.046034,0.014071,11,12,Wednesday,0.1,17.9,0.0
2025-12-03 12:00:00,19115.0,18019.299,18524.0,1095.701,591.0,0.057322,0.030918,12,12,Wednesday,1.2,16.8,0.0
2025-12-03 13:00:00,19263.0,17950.506,18366.0,1312.494,897.0,0.068135,0.046566,13,12,Wednesday,1.7,16.3,0.0
2025-12-03 14:00:00,19325.0,18095.328,18534.0,1229.672,791.0,0.063631,0.040931,14,12,Wednesday,0.7,17.3,0.0
2025-12-03 15:00:00,19500.0,18382.828,18830.0,1117.172,670.0,0.057291,0.034359,15,12,Wednesday,0.4,17.6,0.0
2025-12-03 16:00:00,19845.0,19054.314,19406.0,790.686,439.0,0.039843,0.022121,16,12,Wednesday,-0.1,18.1,0.0
2025-12-03 17:00:00,20415.0,19446.771,20003.0,968.229,412.0,0.047427,0.020181,17,12,Wednesday,-0.4,18.4,0.0
2025-12-03 18:00:00,20237.0,19440.764,19892.0,796.236,345.0,0.039346,0.017048,18,12,Wednesday,-0.7,18.7,0.0
2025-12-03 19:00:00,19997.0,19239.19,19804.0,757.81,193.0,0.037896,0.009651,19,12,Wednesday,-0.6,18.6,0.0
2025-12-03 20:00:00,19568.0,18944.46,19577.0,623.54,9.0,0.031865,0.00046,20,12,Wednesday,-0.9,18.9,0.0
2025-12-03 21:00:00,19024.0,18236.926,18977.0,787.074,47.0,0.041373,0.002471,21,12,Wednesday,-1.3,19.3,0.0
2025-12-03 22:00:00,18067.0,17468.127,17905.0,598.873,162.0,0.033147,0.008967,22,12,Wednesday,-1.5,19.5,0.0
2025-12-03 23:00:00,17524.0,16727.086,17046.0,796.914,478.0,0.045476,0.027277,23,12,Wednesday,-1.5,19.5,0.0
2025-12-04 00:00:00,16942.0,15920.169,16308.0,1021.831,634.0,0.060313,0.037422,0,12,Thursday,-1.5,19.5,0.0
2025-12-04 01:00:00,16599.0,15524.519,15949.0,1074.481,650.0,0.064732,0.039159,1,12,Thursday,-1.3,19.3,0.0
2025-12-04 02:00:00,16357.0,15277.46,15865.0,1079.54,492.0,0.065999,0.030079,2,12,Thursday,-1.4,19.4,0.0
2025-12-04 03:00:00,16115.0,15140.57,15732.0,974.43,383.0,0.060467,0.023767,3,12,Thursday,-1.5,19.5,0.0
2025-12-04 04:00:00,16125.0,15423.995,15878.0,701.005,247.0,0.043473,0.015318,4,12,Thursday,-2.1,20.1,0.0
2025-12-04 05:00:00,16536.0,16112.264,16426.0,423.736,110.0,0.025625,0.006652,5,12,Thursday,-2.4,20.4,0.0
2025-12-04 06:00:00,17972.0,17333.469,17582.0,638.531,390.0,0.035529,0.0217,6,12,Thursday,-3.2,21.2,0.0
2025-12-04 07:00:00,18959.0,18342.543,18737.0,616.457,222.0,0.032515,0.011709,7,12,Thursday,-3.9,21.9,0.0
2025-12-04 08:00:00,19258.0,18585.174,18856.0,672.826,402.0,0.034937,0.020874,8,12,Thursday,-5.2,23.2,0.0
2025-12-04 09:00:00,19358.0,18657.836,18977.0,700.164,381.0,0.036169,0.019682,9,12,Thursday,-5.7,23.7,0.0
2025-12-04 10:00:00,19245.0,18697.428,19137.0,547.572,108.0,0.028453,0.005612,10,12,Thursday,-5.7,23.7,0.0
2025-12-04 11:00:00,19009.0,18611.266,19188.0,397.734,179.0,0.020923,0.009417,11,12,Thursday,-6.2,24.2,0.0
2025-12-04 12:00:00,19076.0,18578.695,19115.0,497.305,39.0,0.02607,0.002044,12,12,Thursday,-6.2,24.2,0.0
2025-12-04 13:00:00,19036.0,18699.53,19263.0,336.47,227.0,0.017675,0.011925,13,12,Thursday,-6.4,24.4,0.0
2025-12-04 14:00:00,19150.0,18886.248,19325.0,263.752,175.0,0.013773,0.009138,14,12,Thursday,-8.1,26.1,0.0
2025-12-04 15:00:00,19839.0,19232.943,19500.0,606.057,339.0,0.030549,0.017088,15,12,Thursday,-8.6,26.6,0.0
2025-12-04 16:00:00,20784.0,19847.068,19845.0,936.932,939.0,0.045079,0.045179,16,12,Thursday,-8.6,26.6,0.0
2025-12-04 17:00:00,21406.0,20284.824,20415.0,1121.176,991.0,0.052377,0.046295,17,12,Thursday,-9.0,27.0,0.0
2025-12-04 18:00:00,21293.0,20286.645,20237.0,1006.355,1056.0,0.047262,0.049594,18,12,Thursday,-9.7,27.7,0.0
2025-12-04 19:00:00,21178.0,20130.057,19997.0,1047.943,1181.0,0.049483,0.055765,19,12,Thursday,-9.9,27.9,0.0
2025-12-04 20:00:00,21084.0,19798.23,19568.0,1285.77,1516.0,0.060983,0.071903,20,12,Thursday,-10.6,28.6,0.0
2025-12-04 21:00:00,20511.0,19030.54,19024.0,1480.46,1487.0,0.072179,0.072498,21,12,Thursday,-11.0,29.0,0.0
2025-12-04 22:00:00,19597.0,18336.746,18067.0,1260.254,1530.0,0.064309,0.078073,22,12,Thursday,-10.9,28.9,0.0
2025-12-04 23:00:00,18789.0,17741.025,17524.0,1047.975,1265.0,0.055776,0.067327,23,12,Thursday,-11.3,29.3,0.0
2025-12-05 00:00:00,18002.0,16997.43,16942.0,1004.57,1060.0,0.055803,0.058882,0,12,Friday,-11.4,29.4,0.0
2025-12-05 01:00:00,17503.0,16633.924,16599.0,869.076,904.0,0.049653,0.051648,1,12,Friday,-12.0,30.0,0.0
2025-12-05 02:00:00,17214.0,16476.207,16357.0,737.793,857.0,0.04286,0.049785,2,12,Friday,-13.2,31.2,0.0
2025-12-05 03:00:00,17071.0,16196.367,16115.0,874.633,956.0,0.051235,0.056001,3,12,Friday,-12.7,30.7,0.0
2025-12-05 04:00:00,17140.0,16216.376,16125.0,923.624,1015.0,0.053887,0.059218,4,12,Friday,-10.3,28.3,0.0
2025-12-05 05:00:00,17639.0,16476.906,16536.0,1162.094,1103.0,0.065882,0.062532,5,12,Friday,-8.9,26.9,0.0
2025-12-05 06:00:00,18654.0,17700.63,17972.0,953.37,682.0,0.051108,0.036561,6,12,Friday,-7.0,25.0,0.0
2025-12-05 07:00:00,19827.0,18381.098,18959.0,1445.902,868.0,0.072926,0.043779,7,12,Friday,-5.9,23.9,0.0
2025-12-05 08:00:00,19684.0,18566.855,19258.0,1117.145,426.0,0.056754,0.021642,8,12,Friday,-5.0,23.0,0.0
2025-12-05 09:00:00,19687.0,18498.867,19358.0,1188.133,329.0,0.060351,0.016712,9,12,Friday,-4.2,22.2,0.0
2025-12-05 10:00:00,19656.0,18349.504,19245.0,1306.496,411.0,0.066468,0.02091,10,12,Friday,-3.1,21.1,0.0
2025-12-05 11:00:00,19192.0,18319.61,19009.0,872.39,183.0,0.045456,0.009535,11,12,Friday,-2.9,20.9,0.0
2025-12-05 12:00:00,18749.0,18296.322,19076.0,452.678,327.0,0.024144,0.017441,12,12,Friday,-2.1,20.1,0.0
2025-12-05 13:00:00,18845.0,18365.271,19036.0,479.729,191.0,0.025457,0.010135,13,12,Friday,-1.4,19.4,0.0
2025-12-05 14:00:00,19045.0,18368.465,19150.0,676.535,105.0,0.035523,0.005513,14,12,Friday,-0.9,18.9,0.0
2025-12-05 15:00:00,19441.0,18590.936,19839.0,850.064,398.0,0.043725,0.020472,15,12,Friday,-0.6,18.6,0.0
2025-12-05 16:00:00,20175.0,19153.742,20784.0,1021.258,609.0,0.05062,0.030186,16,12,Friday,-0.9,18.9,0.0
2025-12-05 17:00:00,20729.0,19485.982,21406.0,1243.018,677.0,0.059965,0.03266,17,12,Friday,-1.5,19.5,0.0
2025-12-05 18:00:00,20211.0,19472.443,21293.0,738.557,1082.0,0.036542,0.053535,18,12,Friday,-1.6,19.6,0.0
2025-12-05 19:00:00,19843.0,19233.326,21178.0,609.674,1335.0,0.030725,0.067278,19,12,Friday,-0.9,18.9,0.0
2025-12-05 20:00:00,19415.0,18987.139,21084.0,427.861,1669.0,0.022038,0.085964,20,12,Friday,-0.7,18.7,0.0
2025-12-05 21:00:00,18690.0,18464.969,20511.0,225.031,1821.0,0.01204,0.097432,21,12,Friday,-1.0,19.0,0.0
2025-12-05 22:00:00,17919.0,18102.697,19597.0,183.697,1678.0,0.010252,0.093644,22,12,Friday,-1.0,19.0,0.0
2025-12-05 23:00:00,17195.0,17536.0,18789.0,341.0,1594.0,0.019831,0.092701,23,12,Friday,-0.8,18.8,0.0
2025-12-06 00:00:00,16404.0,16453.812,18002.0,49.812,1598.0,0.003037,0.097415,0,12,Saturday,-0.3,18.3,0.0
2025-12-06 01:00:00,16086.0,16249.822,17503.0,163.822,1417.0,0.010184,0.088089,1,12,Saturday,0.1,17.9,0.0
2025-12-06 02:00:00,15836.0,15897.81,17214.0,61.81,1378.0,0.003903,0.087017,2,12,Saturday,0.2,17.8,0.0
2025-12-06 03:00:00,15643.0,15619.516,17071.0,23.484,1428.0,0.001501,0.091287,3,12,Saturday,0.3,17.7,0.0
2025-12-06 04:00:00,15643.0,15337.73,17140.0,305.27,1497.0,0.019515,0.095698,4,12,Saturday,0.1,17.9,0.0
2025-12-06 05:00:00,15870.0,15575.327,17639.0,294.673,1769.0,0.018568,0.111468,5,12,Saturday,0.1,17.9,0.0
2025-12-06 06:00:00,16262.0,16349.305,18654.0,87.305,2392.0,0.005369,0.147091,6,12,Saturday,0.0,18.0,0.0
2025-12-06 07:00:00,16905.0,16930.752,19827.0,25.752,2922.0,0.001523,0.172848,7,12,Saturday,0.1,17.9,0.0
2025-12-06 08:00:00,17574.0,17091.982,19684.0,482.018,2110.0,0.027428,0.120064,8,12,Saturday,0.3,17.7,0.0
2025-12-06 09:00:00,18247.0,17336.514,19687.0,910.486,1440.0,0.049898,0.078917,9,12,Saturday,-0.1,18.1,0.0
2025-12-06 10:00:00,18639.0,17480.451,19656.0,1158.549,1017.0,0.062157,0.054563,10,12,Saturday,0.2,17.8,0.0
2025-12-06 11:00:00,18749.0,17372.29,19192.0,1376.71,443.0,0.073428,0.023628,11,12,Saturday,1.0,17.0,0.0
2025-12-06 12:00:00,18763.0,17207.934,18749.0,1555.066,14.0,0.082879,0.000746,12,12,Saturday,1.2,16.8,0.0
2025-12-06 13:00:00,18768.0,17328.893,18845.0,1439.107,77.0,0.076679,0.004103,13,12,Saturday,0.6,17.4,0.0
2025-12-06 14:00:00,18736.0,17445.13,19045.0,1290.87,309.0,0.068898,0.016492,14,12,Saturday,1.1,16.9,0.0
2025-12-06 15:00:00,18809.0,17628.578,19441.0,1180.422,632.0,0.062758,0.033601,15,12,Saturday,0.7,17.3,0.0
2025-12-06 16:00:00,19122.0,18419.062,20175.0,702.938,1053.0,0.036761,0.055067,16,12,Saturday,0.5,17.5,0.0
2025-12-06 17:00:00,19481.0,18811.77,20729.0,669.23,1248.0,0.034353,0.064062,17,12,Saturday,0.2,17.8,0.0
2025-12-06 18:00:00,19159.0,18631.818,20211.0,527.182,1052.0,0.027516,0.054909,18,12,Saturday,0.1,17.9,0.0
2025-12-06 19:00:00,18627.0,18243.395,19843.0,383.605,1216.0,0.020594,0.065282,19,12,Saturday,0.4,17.6,0.0
2025-12-06 20:00:00,18306.0,17838.36,19415.0,467.64,1109.0,0.025546,0.060581,20,12,Saturday,-0.1,18.1,0.0
2025-12-06 21:00:00,17869.0,17134.861,18690.0,734.139,821.0,0.041085,0.045945,21,12,Saturday,-0.4,18.4,0.0
2025-12-06 22:00:00,17266.0,16640.338,17919.0,625.662,653.0,0.036237,0.03782,22,12,Saturday,-0.7,18.7,0.0
2025-12-06 23:00:00,16670.0,16121.373,17195.0,548.627,525.0,0.032911,0.031494,23,12,Saturday,-0.7,18.7,0.0
2025-12-07 00:00:00,16083.0,15607.123,16404.0,475.877,321.0,0.029589,0.019959,0,12,Sunday,-0.9,18.9,0.0
2025-12-07 01:00:00,15691.0,15274.556,16086.0,416.444,395.0,0.02654,0.025174,1,12,Sunday,-0.3,18.3,0.0
2025-12-07 02:00:00,15460.0,14823.454,15836.0,636.546,376.0,0.041174,0.024321,2,12,Sunday,-0.5,18.5,0.0
2025-12-07 03:00:00,15335.0,14559.413,15643.0,775.587,308.0,0.050576,0.020085,3,12,Sunday,-0.7,18.7,0.0
2025-12-07 04:00:00,15418.0,14505.8,15643.0,912.2,225.0,0.059165,0.014593,4,12,Sunday,-1.2,19.2,0.0
2025-12-07 05:00:00,15606.0,14754.709,15870.0,851.291,264.0,0.054549,0.016917,5,12,Sunday,-1.5,19.5,0.0
2025-12-07 06:00:00,16041.0,15289.959,16262.0,751.041,221.0,0.04682,0.013777,6,12,Sunday,-1.7,19.7,0.0
2025-12-07 07:00:00,16759.0,15907.645,16905.0,851.355,146.0,0.0508,0.008712,7,12,Sunday,-1.6,19.6,0.0
2025-12-07 08:00:00,17500.0,16378.511,17574.0,1121.489,74.0,0.064085,0.004229,8,12,Sunday,-2.2,20.2,0.0
2025-12-07 09:00:00,18063.0,17037.463,18247.0,1025.537,184.0,0.056776,0.010187,9,12,Sunday,-2.2,20.2,0.0
2025-12-07 10:00:00,18532.0,17390.236,18639.0,1141.764,107.0,0.06161,0.005774,10,12,Sunday,-1.7,19.7,0.0
2025-12-07 11:00:00,18641.0,17465.504,18749.0,1175.496,108.0,0.06306,0.005794,11,12,Sunday,-1.2,19.2,0.0
2025-12-07 12:00:00,18735.0,17503.46,18763.0,1231.54,28.0,0.065735,0.001495,12,12,Sunday,-0.6,18.6,0.0
2025-12-07 13:00:00,18727.0,17459.504,18768.0,1267.496,41.0,0.067683,0.002189,13,12,Sunday,-0.1,18.1,0.0
2025-12-07 14:00:00,18668.0,17548.588,18736.0,1119.412,68.0,0.059964,0.003643,14,12,Sunday,-0.9,18.9,0.0
2025-12-07 15:00:00,18926.0,17756.045,18809.0,1169.955,117.0,0.061817,0.006182,15,12,Sunday,-1.3,19.3,0.0
2025-12-07 16:00:00,19342.0,18410.004,19122.0,931.996,220.0,0.048185,0.011374,16,12,Sunday,-2.0,20.0,0.0
2025-12-07 17:00:00,20147.0,18897.404,19481.0,1249.596,666.0,0.062024,0.033057,17,12,Sunday,-2.9,20.9,0.0
2025-12-07 18:00:00,19929.0,18726.537,19159.0,1202.463,770.0,0.060337,0.038637,18,12,Sunday,-3.2,21.2,0.0
2025-12-07 19:00:00,19497.0,18400.387,18627.0,1096.613,870.0,0.056245,0.044622,19,12,Sunday,-3.6,21.6,0.0
2025-12-07 20:00:00,19259.0,18109.86,18306.0,1149.14,953.0,0.059668,0.049483,20,12,Sunday,-4.5,22.5,0.0
2025-12-07 21:00:00,18648.0,17369.043,17869.0,1278.957,779.0,0.068584,0.041774,21,12,Sunday,-5.4,23.4,0.0
2025-12-07 22:00:00,17859.0,16787.277,17266.0,1071.723,593.0,0.06001,0.033205,22,12,Sunday,-6.2,24.2,0.0
2025-12-07 23:00:00,17152.0,16358.082,16670.0,793.918,482.0,0.046287,0.028102,23,12,Sunday,-7.0,25.0,0.0
2025-12-08 00:00:00,16710.0,16115.211,16083.0,594.789,627.0,0.035595,0.037522,0,12,Monday,-7.4,25.4,0.0
2025-12-08 01:00:00,16470.0,15686.861,15691.0,783.139,779.0,0.047549,0.047298,1,12,Monday,-8.1,26.1,0.0
2025-12-08 02:00:00,16401.0,15705.078,15460.0,695.922,941.0,0.042432,0.057375,2,12,Monday,-10.2,28.2,0.0
2025-12-08 03:00:00,16519.0,15890.63,15335.0,628.37,1184.0,0.038039,0.071675,3,12,Monday,-11.2,29.2,0.0
2025-12-08 04:00:00,16848.0,16293.443,15418.0,554.557,1430.0,0.032915,0.084877,4,12,Monday,-12.3,30.3,0.0
2025-12-08 05:00:00,17497.0,17009.576,15606.0,487.424,1891.0,0.027858,0.108076,5,12,Monday,-13.1,31.1,0.0
2025-12-08 06:00:00,18770.0,17983.049,16041.0,786.951,2729.0,0.041926,0.145392,6,12,Monday,-13.7,31.7,0.0
2025-12-08 07:00:00,20046.0,18836.387,16759.0,1209.613,3287.0,0.060342,0.163973,7,12,Monday,-13.7,31.7,0.0
2025-12-08 08:00:00,20309.0,19200.182,17500.0,1108.818,2809.0,0.054597,0.138313,8,12,Monday,-13.9,31.9,0.0
2025-12-08 09:00:00,20110.0,19361.932,18063.0,748.068,2047.0,0.037199,0.10179,9,12,Monday,-13.4,31.4,0.0
2025-12-08 10:00:00,19768.0,19527.059,18532.0,240.941,1236.0,0.012188,0.062525,10,12,Monday,-11.8,29.8,0.0
2025-12-08 11:00:00,19637.0,19399.033,18641.0,237.967,996.0,0.012118,0.050721,11,12,Monday,-9.6,27.6,0.0
2025-12-08 12:00:00,19239.0,19126.043,18735.0,112.957,504.0,0.005871,0.026197,12,12,Monday,-7.7,25.7,0.0
2025-12-08 13:00:00,19189.0,18905.148,18727.0,283.852,462.0,0.014792,0.024076,13,12,Monday,-4.8,22.8,0.0
2025-12-08 14:00:00,19291.0,18897.148,18668.0,393.852,623.0,0.020416,0.032295,14,12,Monday,-4.8,22.8,0.0
2025-12-08 15:00:00,19758.0,19017.71,18926.0,740.29,832.0,0.037468,0.04211,15,12,Monday,-4.8,22.8,0.0
2025-12-08 16:00:00,20547.0,19481.18,19342.0,1065.82,1205.0,0.051872,0.058646,16,12,Monday,-5.0,23.0,0.0
2025-12-08 17:00:00,21364.0,19985.436,20147.0,1378.564,1217.0,0.064527,0.056965,17,12,Monday,-5.3,23.3,0.0
2025-12-08 18:00:00,21225.0,19998.86,19929.0,1226.14,1296.0,0.057769,0.06106,18,12,Monday,-5.6,23.6,0.0
2025-12-08 19:00:00,20824.0,19758.092,19497.0,1065.908,1327.0,0.051187,0.063725,19,12,Monday,-6.4,24.4,0.0
2025-12-08 20:00:00,20538.0,19589.508,19259.0,948.492,1279.0,0.046182,0.062275,20,12,Monday,-7.1,25.1,0.0
2025-12-08 21:00:00,19921.0,19029.93,18648.0,891.07,1273.0,0.04473,0.063902,21,12,Monday,-7.9,25.9,0.0
2025-12-08 22:00:00,18992.0,18358.24,17859.0,633.76,1133.0,0.03337,0.059657,22,12,Monday,-8.3,26.3,0.0
2025-12-08 23:00:00,18120.0,17517.182,17152.0,602.818,968.0,0.033268,0.053422,23,12,Monday,-8.5,26.5,0.0
2025-12-09 00:00:00,17445.0,16844.828,16710.0,600.172,735.0,0.034404,0.042132,0,12,Tuesday,-8.9,26.9,0.0
2025-12-09 01:00:00,17115.0,16467.943,16470.0,647.057,645.0,0.037806,0.037686,1,12,Tuesday,-8.6,26.6,0.0
2025-12-09 02:00:00,16932.0,16634.678,16401.0,297.322,531.0,0.01756,0.031361,2,12,Tuesday,-10.3,28.3,0.0
2025-12-09 03:00:00,16914.0,16848.559,16519.0,65.441,395.0,0.003869,0.023353,3,12,Tuesday,-10.9,28.9,0.0
2025-12-09 04:00:00,17110.0,17076.324,16848.0,33.676,262.0,0.001968,0.015313,4,12,Tuesday,-10.7,28.7,0.0
2025-12-09 05:00:00,17562.0,17604.377,17497.0,42.377,65.0,0.002413,0.003701,5,12,Tuesday,-10.0,28.0,0.0
2025-12-09 06:00:00,18527.0,18240.318,18770.0,286.682,243.0,0.015474,0.013116,6,12,Tuesday,-6.7,24.7,0.0
2025-12-09 07:00:00,19562.0,18831.264,20046.0,730.736,484.0,0.037355,0.024742,7,12,Tuesday,-4.6,22.6,0.0
2025-12-09 08:00:00,19781.0,18962.055,20309.0,818.945,528.0,0.041401,0.026692,8,12,Tuesday,-4.5,22.5,0.0
2025-12-09 09:00:00,19857.0,18919.959,20110.0,937.041,253.0,0.047189,0.012741,9,12,Tuesday,-3.9,21.9,0.0
2025-12-09 10:00:00,19947.0,18799.99,19768.0,1147.01,179.0,0.057503,0.008974,10,12,Tuesday,-3.3,21.3,0.0
2025-12-09 11:00:00,20216.0,18802.057,19637.0,1413.943,579.0,0.069942,0.028641,11,12,Tuesday,-2.8,20.8,0.0
2025-12-09 12:00:00,20330.0,18615.264,19239.0,1714.736,1091.0,0.084345,0.053665,12,12,Tuesday,-2.6,20.6,0.0
2025-12-09 13:00:00,20461.0,18557.186,19189.0,1903.814,1272.0,0.093046,0.062167,13,12,Tuesday,-2.3,20.3,0.0
2025-12-09 14:00:00,20604.0,18617.424,19291.0,1986.576,1313.0,0.096417,0.063725,14,12,Tuesday,-2.4,20.4,0.0
2025-12-09 15:00:00,20708.0,18925.955,19758.0,1782.045,950.0,0.086056,0.045876,15,12,Tuesday,-1.9,19.9,0.0
2025-12-09 16:00:00,21184.0,19448.287,20547.0,1735.713,637.0,0.081935,0.03007,16,12,Tuesday,-1.3,19.3,0.0
2025-12-09 17:00:00,21394.0,19789.654,21364.0,1604.346,30.0,0.07499,0.001402,17,12,Tuesday,-0.9,18.9,0.0
2025-12-09 18:00:00,20894.0,19625.342,21225.0,1268.658,331.0,0.060719,0.015842,18,12,Tuesday,-0.5,18.5,0.0
2025-12-09 19:00:00,20545.0,19413.633,20824.0,1131.367,279.0,0.055068,0.01358,19,12,Tuesday,-0.1,18.1,0.0
2025-12-09 20:00:00,20311.0,19247.953,20538.0,1063.047,227.0,0.052338,0.011176,20,12,Tuesday,0.3,17.7,0.0
2025-12-09 21:00:00,19323.0,18643.451,19921.0,679.549,598.0,0.035168,0.030948,21,12,Tuesday,0.5,17.5,0.0
2025-12-09 22:00:00,18453.0,18097.176,18992.0,355.824,539.0,0.019283,0.029209,22,12,Tuesday,0.6,17.4,0.0
2025-12-09 23:00:00,17624.0,17273.816,18120.0,350.184,496.0,0.01987,0.028143,23,12,Tuesday,0.6,17.4,0.0
2025-12-10 00:00:00,17016.0,16790.953,17445.0,225.047,429.0,0.013226,0.025212,0,12,Wednesday,0.6,17.4,0.0
2025-12-10 01:00:00,16538.0,16375.952,17115.0,162.048,577.0,0.009799,0.034889,1,12,Wednesday,1.5,16.5,0.0
2025-12-10 02:00:00,16343.0,16241.854,16932.0,101.146,589.0,0.006189,0.03604,2,12,Wednesday,1.5,16.5,0.0
2025-12-10 03:00:00,16247.0,16213.936,16914.0,33.064,667.0,0.002035,0.041054,3,12,Wednesday,1.3,16.7,0.0
2025-12-10 04:00:00,16342.0,16513.338,17110.0,171.338,768.0,0.010485,0.046995,4,12,Wednesday,0.9,17.1,0.0
2025-12-10 05:00:00,16744.0,17118.281,17562.0,374.281,818.0,0.022353,0.048853,5,12,Wednesday,0.6,17.4,0.0
2025-12-10 06:00:00,17829.0,17703.066,18527.0,125.934,698.0,0.007063,0.03915,6,12,Wednesday,0.7,17.3,0.0
2025-12-10 07:00:00,18989.0,18576.268,19562.0,412.732,573.0,0.021735,0.030175,7,12,Wednesday,0.5,17.5,0.0
2025-12-10 08:00:00,19363.0,18664.236,19781.0,698.764,418.0,0.036088,0.021588,8,12,Wednesday,0.5,17.5,0.0
2025-12-10 09:00:00,19567.0,18655.395,19857.0,911.605,290.0,0.046589,0.014821,9,12,Wednesday,0.6,17.4,0.0
2025-12-10 10:00:00,19817.0,18663.617,19947.0,1153.383,130.0,0.058202,0.00656,10,12,Wednesday,0.7,17.3,0.0
2025-12-10 11:00:00,19970.0,18706.79,20216.0,1263.21,246.0,0.063255,0.012318,11,12,Wednesday,0.8,17.2,0.0
2025-12-10 12:00:00,19782.0,18727.7,20330.0,1054.3,548.0,0.053296,0.027702,12,12,Wednesday,0.7,17.3,0.0
2025-12-10 13:00:00,19700.0,18717.234,20461.0,982.766,761.0,0.049887,0.038629,13,12,Wednesday,1.0,17.0,0.0
2025-12-10 14:00:00,19650.0,18730.635,20604.0,919.365,954.0,0.046787,0.04855,14,12,Wednesday,0.8,17.2,0.0
2025-12-10 15:00:00,19718.0,18873.066,20708.0,844.934,990.0,0.042851,0.050208,15,12,Wednesday,0.8,17.2,0.0
2025-12-10 16:00:00,19890.0,19355.932,21184.0,534.068,1294.0,0.026851,0.065058,16,12,Wednesday,0.2,17.8,0.0
2025-12-10 17:00:00,20526.0,19746.79,21394.0,779.21,868.0,0.037962,0.042288,17,12,Wednesday,-0.6,18.6,0.0
2025-12-10 18:00:00,20316.0,19700.742,20894.0,615.258,578.0,0.030284,0.02845,18,12,Wednesday,-1.3,19.3,0.0
2025-12-10 19:00:00,20145.0,19588.535,20545.0,556.465,400.0,0.027623,0.019856,19,12,Wednesday,-1.8,19.8,0.0
2025-12-10 20:00:00,19954.0,19496.11,20311.0,457.89,357.0,0.022947,0.017891,20,12,Wednesday,-2.8,20.8,0.0
2025-12-10 21:00:00,19243.0,18643.57,19323.0,599.43,80.0,0.031151,0.004157,21,12,Wednesday,-3.4,21.4,0.0
2025-12-10 22:00:00,18405.0,17919.846,18453.0,485.154,48.0,0.02636,0.002608,22,12,Wednesday,-4.0,22.0,0.0
2025-12-10 23:00:00,17680.0,17462.854,17624.0,217.146,56.0,0.012282,0.003167,23,12,Wednesday,-4.4,22.4,0.0
2025-12-11 00:00:00,17224.0,17079.92,17016.0,144.08,208.0,0.008365,0.012076,0,12,Thursday,-5.1,23.1,0.0
2025-12-11 01:00:00,16829.0,16547.0,16538.0,282.0,291.0,0.016757,0.017292,1,12,Thursday,-6.0,24.0,0.0
2025-12-11 02:00:00,16768.0,16474.41,16343.0,293.59,425.0,0.017509,0.025346,2,12,Thursday,-7.2,25.2,0.0
2025-12-11 03:00:00,16523.0,16366.538,16247.0,156.462,276.0,0.009469,0.016704,3,12,Thursday,-8.0,26.0,0.0
2025-12-11 04:00:00,16778.0,16569.63,16342.0,208.37,436.0,0.012419,0.025986,4,12,Thursday,-8.8,26.8,0.0
2025-12-11 05:00:00,17109.0,17166.55,16744.0,57.55,365.0,0.003364,0.021334,5,12,Thursday,-9.5,27.5,0.0
2025-12-11 06:00:00,18370.0,18347.916,17829.0,22.084,541.0,0.001202,0.02945,6,12,Thursday,-9.3,27.3,0.0
2025-12-11 07:00:00,19495.0,18998.088,18989.0,496.912,506.0,0.025489,0.025955,7,12,Thursday,-8.7,26.7,0.0
2025-12-11 08:00:00,19925.0,19245.031,19363.0,679.969,562.0,0.034126,0.028206,8,12,Thursday,-9.7,27.7,0.0
2025-12-11 09:00:00,19955.0,19389.895,19567.0,565.105,388.0,0.028319,0.019444,9,12,Thursday,-10.1,28.1,0.0
2025-12-11 10:00:00,19803.0,19408.344,19817.0,394.656,14.0,0.019929,0.000707,10,12,Thursday,-9.2,27.2,0.0
2025-12-11 11:00:00,19692.0,19152.805,19970.0,539.195,278.0,0.027381,0.014117,11,12,Thursday,-8.1,26.1,0.0
2025-12-11 12:00:00,19549.0,19141.88,19782.0,407.12,233.0,0.020826,0.011919,12,12,Thursday,-7.4,25.4,0.0
2025-12-11 13:00:00,19645.0,19041.293,19700.0,603.707,55.0,0.030731,0.0028,13,12,Thursday,-6.6,24.6,0.0
2025-12-11 14:00:00,19619.0,19053.379,19650.0,565.621,31.0,0.02883,0.00158,14,12,Thursday,-6.9,24.9,0.0
2025-12-11 15:00:00,19767.0,19247.457,19718.0,519.543,49.0,0.026283,0.002479,15,12,Thursday,-7.1,25.1,0.0
2025-12-11 16:00:00,20349.0,19828.557,19890.0,520.443,459.0,0.025576,0.022556,16,12,Thursday,-7.6,25.6,0.0
2025-12-11 17:00:00,21115.0,20324.207,20526.0,790.793,589.0,0.037452,0.027895,17,12,Thursday,-8.1,26.1,0.0
2025-12-11 18:00:00,20987.0,20306.041,20316.0,680.959,671.0,0.032447,0.031972,18,12,Thursday,-8.7,26.7,0.0
2025-12-11 19:00:00,20699.0,20204.197,20145.0,494.803,554.0,0.023905,0.026765,19,12,Thursday,-9.1,27.1,0.0
2025-12-11 20:00:00,20554.0,19914.15,19954.0,639.85,600.0,0.03113,0.029191,20,12,Thursday,-9.5,27.5,0.0
2025-12-11 21:00:00,20019.0,19239.783,19243.0,779.217,776.0,0.038924,0.038763,21,12,Thursday,-9.2,27.2,0.0
2025-12-11 22:00:00,19056.0,18546.049,18405.0,509.951,651.0,0.026761,0.034162,22,12,Thursday,-8.7,26.7,0.0
2025-12-11 23:00:00,18262.0,17952.598,17680.0,309.402,582.0,0.016942,0.031869,23,12,Thursday,-8.8,26.8,0.0
2025-12-12 00:00:00,17557.0,17591.352,17224.0,34.352,333.0,0.001957,0.018967,0,12,Friday,-8.9,26.9,0.0
2025-12-12 01:00:00,17287.0,17336.977,16829.0,49.977,458.0,0.002891,0.026494,1,12,Friday,-9.8,27.8,0.0
2025-12-12 02:00:00,17083.0,17261.53,16768.0,178.53,315.0,0.010451,0.018439,2,12,Friday,-10.1,28.1,0.0
2025-12-12 03:00:00,16954.0,17172.027,16523.0,218.027,431.0,0.01286,0.025422,3,12,Friday,-9.9,27.9,0.0
2025-12-12 04:00:00,17203.0,17378.508,16778.0,175.508,425.0,0.010202,0.024705,4,12,Friday,-10.4,28.4,0.0
2025-12-12 05:00:00,17689.0,17759.666,17109.0,70.666,580.0,0.003995,0.032789,5,12,Friday,-10.3,28.3,0.0
2025-12-12 06:00:00,18634.0,18678.518,18370.0,44.518,264.0,0.002389,0.014168,6,12,Friday,-9.4,27.4,0.0
2025-12-12 07:00:00,19769.0,18957.816,19495.0,811.184,274.0,0.041033,0.01386,7,12,Friday,-8.3,26.3,0.0
2025-12-12 08:00:00,19960.0,19028.967,19925.0,931.033,35.0,0.046645,0.001754,8,12,Friday,-7.7,25.7,0.0
2025-12-12 09:00:00,19849.0,18799.951,19955.0,1049.049,106.0,0.052851,0.00534,9,12,Friday,-6.4,24.4,0.0
2025-12-12 10:00:00,19646.0,18719.48,19803.0,926.52,157.0,0.047161,0.007991,10,12,Friday,-4.8,22.8,0.0
2025-12-12 11:00:00,19216.0,18674.035,19692.0,541.965,476.0,0.028204,0.024771,11,12,Friday,-3.9,21.9,0.0
2025-12-12 12:00:00,19020.0,18541.23,19549.0,478.77,529.0,0.025172,0.027813,12,12,Friday,-3.5,21.5,0.0
2025-12-12 13:00:00,19133.0,18554.586,19645.0,578.414,512.0,0.030231,0.02676,13,12,Friday,-1.8,19.8,0.0
2025-12-12 14:00:00,19327.0,18552.56,19619.0,774.44,292.0,0.04007,0.015108,14,12,Friday,-1.5,19.5,0.0
2025-12-12 15:00:00,19372.0,18611.68,19767.0,760.32,395.0,0.039248,0.02039,15,12,Friday,-1.3,19.3,0.0
2025-12-12 16:00:00,19988.0,19035.68,20349.0,952.32,361.0,0.047645,0.018061,16,12,Friday,-1.5,19.5,0.0
2025-12-12 17:00:00,20559.0,19343.018,21115.0,1215.982,556.0,0.059146,0.027044,17,12,Friday,-2.0,20.0,0.0
2025-12-12 18:00:00,20128.0,19482.455,20987.0,645.545,859.0,0.032072,0.042677,18,12,Friday,-2.9,20.9,0.0
2025-12-12 19:00:00,19932.0,19227.338,20699.0,704.662,767.0,0.035353,0.038481,19,12,Friday,-2.4,20.4,0.0
2025-12-12 20:00:00,19665.0,19070.438,20554.0,594.562,889.0,0.030235,0.045207,20,12,Friday,-2.6,20.6,0.0
2025-12-12 21:00:00,18876.0,18535.434,20019.0,340.566,1143.0,0.018042,0.060553,21,12,Friday,-3.1,21.1,0.0
2025-12-12 22:00:00,18169.0,18038.371,19056.0,130.629,887.0,0.00719,0.048819,22,12,Friday,-3.7,21.7,0.0
2025-12-12 23:00:00,17480.0,17694.742,18262.0,214.742,782.0,0.012285,0.044737,23,12,Friday,-4.7,22.7,0.0
2025-12-13 00:00:00,16807.0,16419.844,17557.0,387.156,750.0,0.023035,0.044624,0,12,Saturday,-4.3,22.3,0.0
2025-12-13 01:00:00,16475.0,16159.062,17287.0,315.938,812.0,0.019177,0.049287,1,12,Saturday,-3.9,21.9,0.0
2025-12-13 02:00:00,16342.0,15911.334,17083.0,430.666,741.0,0.026353,0.045343,2,12,Saturday,-3.7,21.7,0.0
2025-12-13 03:00:00,16149.0,15679.961,16954.0,469.039,805.0,0.029044,0.049848,3,12,Saturday,-3.2,21.2,0.0
2025-12-13 04:00:00,16068.0,15462.773,17203.0,605.227,1135.0,0.037667,0.070637,4,12,Saturday,-2.8,20.8,0.0
2025-12-13 05:00:00,16131.0,15753.413,17689.0,377.587,1558.0,0.023408,0.096584,5,12,Saturday,-2.8,20.8,0.0
2025-12-13 06:00:00,16666.0,16464.627,18634.0,201.373,1968.0,0.012083,0.118085,6,12,Saturday,-2.7,20.7,0.0
2025-12-13 07:00:00,17379.0,17008.205,19769.0,370.795,2390.0,0.021336,0.137522,7,12,Saturday,-2.0,20.0,0.0
2025-12-13 08:00:00,18052.0,17179.225,19960.0,872.775,1908.0,0.048348,0.105695,8,12,Saturday,-1.7,19.7,0.0
2025-12-13 09:00:00,18599.0,17633.025,19849.0,965.975,1250.0,0.051937,0.067208,9,12,Saturday,-2.0,20.0,0.0
2025-12-13 10:00:00,18922.0,17906.242,19646.0,1015.758,724.0,0.053681,0.038262,10,12,Saturday,-2.6,20.6,0.0
2025-12-13 11:00:00,19056.0,17764.373,19216.0,1291.627,160.0,0.067781,0.008396,11,12,Saturday,-3.5,21.5,0.0
2025-12-13 12:00:00,19041.0,17787.898,19020.0,1253.102,21.0,0.065811,0.001103,12,12,Saturday,-3.7,21.7,0.0
2025-12-13 13:00:00,18911.0,17752.346,19133.0,1158.654,222.0,0.061269,0.011739,13,12,Saturday,-3.5,21.5,0.0
2025-12-13 14:00:00,18987.0,17788.312,19327.0,1198.688,340.0,0.063132,0.017907,14,12,Saturday,-3.8,21.8,0.0
2025-12-13 15:00:00,19537.0,17795.605,19372.0,1741.395,165.0,0.089133,0.008446,15,12,Saturday,-3.8,21.8,0.0
2025-12-13 16:00:00,19799.0,18781.482,19988.0,1017.518,189.0,0.051392,0.009546,16,12,Saturday,-4.9,22.9,0.0
2025-12-13 17:00:00,20329.0,19325.531,20559.0,1003.469,230.0,0.049361,0.011314,17,12,Saturday,-6.4,24.4,0.0
2025-12-13 18:00:00,20056.0,19386.256,20128.0,669.744,72.0,0.033394,0.00359,18,12,Saturday,-7.3,25.3,0.0
2025-12-13 19:00:00,19610.0,18953.045,19932.0,656.955,322.0,0.033501,0.01642,19,12,Saturday,-6.4,24.4,0.0
2025-12-13 20:00:00,19132.0,18760.908,19665.0,371.092,533.0,0.019396,0.027859,20,12,Saturday,-6.6,24.6,0.0
2025-12-13 21:00:00,18829.0,17801.557,18876.0,1027.443,47.0,0.054567,0.002496,21,12,Saturday,-7.0,25.0,0.0
2025-12-13 22:00:00,18199.0,17388.078,18169.0,810.922,30.0,0.044559,0.001648,22,12,Saturday,-7.7,25.7,0.0
2025-12-13 23:00:00,17601.0,16842.432,17480.0,758.568,121.0,0.043098,0.006875,23,12,Saturday,-7.9,25.9,0.0
2025-12-14 00:00:00,17137.0,16265.483,16807.0,871.517,330.0,0.050856,0.019257,0,12,Sunday,-8.4,26.4,0.0
2025-12-14 01:00:00,16700.0,15991.015,16475.0,708.985,225.0,0.042454,0.013473,1,12,Sunday,-9.0,27.0,0.0
2025-12-14 02:00:00,16555.0,16009.059,16342.0,545.941,213.0,0.032977,0.012866,2,12,Sunday,-9.8,27.8,0.0
2025-12-14 03:00:00,16499.0,15960.676,16149.0,538.324,350.0,0.032628,0.021213,3,12,Sunday,-10.6,28.6,0.0
2025-12-14 04:00:00,16607.0,15854.202,16068.0,752.798,539.0,0.04533,0.032456,4,12,Sunday,-11.0,29.0,0.0
2025-12-14 05:00:00,16860.0,15970.106,16131.0,889.894,729.0,0.052781,0.043238,5,12,Sunday,-11.2,29.2,0.0
2025-12-14 06:00:00,17354.0,16399.43,16666.0,954.57,688.0,0.055006,0.039645,6,12,Sunday,-11.3,29.3,0.0
2025-12-14 07:00:00,18136.0,16872.959,17379.0,1263.041,757.0,0.069643,0.04174,7,12,Sunday,-11.9,29.9,0.0
2025-12-14 08:00:00,18697.0,17502.365,18052.0,1194.635,645.0,0.063894,0.034498,8,12,Sunday,-12.0,30.0,0.0
2025-12-14 09:00:00,19087.0,18111.426,18599.0,975.574,488.0,0.051112,0.025567,9,12,Sunday,-11.6,29.6,0.0
2025-12-14 10:00:00,18870.0,18528.396,18922.0,341.604,52.0,0.018103,0.002756,10,12,Sunday,-11.2,29.2,0.0
2025-12-14 11:00:00,18582.0,18587.5,19056.0,5.5,474.0,0.000296,0.025509,11,12,Sunday,-10.6,28.6,0.0
2025-12-14 12:00:00,18539.0,18501.62,19041.0,37.38,502.0,0.002016,0.027078,12,12,Sunday,-9.8,27.8,0.0
2025-12-14 13:00:00,19006.0,18214.768,18911.0,791.232,95.0,0.041631,0.004998,13,12,Sunday,-8.2,26.2,0.0
2025-12-14 14:00:00,19122.0,18268.979,18987.0,853.021,135.0,0.044609,0.00706,14,12,Sunday,-8.3,26.3,0.0
2025-12-14 15:00:00,19454.0,18667.42,19537.0,786.58,83.0,0.040433,0.004266,15,12,Sunday,-8.8,26.8,0.0
2025-12-14 16:00:00,20066.0,19471.186,19799.0,594.814,267.0,0.029643,0.013306,16,12,Sunday,-9.4,27.4,0.0
2025-12-14 17:00:00,21148.0,19842.686,20329.0,1305.314,819.0,0.061723,0.038727,17,12,Sunday,-9.2,27.2,0.0
2025-12-14 18:00:00,21079.0,19611.127,20056.0,1467.873,1023.0,0.069637,0.048532,18,12,Sunday,-8.9,26.9,0.0
2025-12-14 19:00:00,20734.0,19596.584,19610.0,1137.416,1124.0,0.054858,0.05421,19,12,Sunday,-9.6,27.6,0.0
2025-12-14 20:00:00,20328.0,19097.111,19132.0,1230.889,1196.0,0.060551,0.058835,20,12,Sunday,-10.0,28.0,0.0
2025-12-14 21:00:00,19769.0,18621.604,18829.0,1147.396,940.0,0.05804,0.047549,21,12,Sunday,-10.6,28.6,0.0
2025-12-14 22:00:00,18793.0,18023.69,18199.0,769.31,594.0,0.040936,0.031608,22,12,Sunday,-11.3,29.3,0.0
2025-12-14 23:00:00,18214.0,17553.4,17601.0,660.6,613.0,0.036269,0.033655,23,12,Sunday,-11.4,29.4,0.0
2025-12-15 00:00:00,17801.0,17456.717,17137.0,344.283,664.0,0.019341,0.037301,0,12,Monday,-10.8,28.8,0.0
2025-12-15 01:00:00,17439.0,17058.77,16700.0,380.23,739.0,0.021803,0.042376,1,12,Monday,-11.3,29.3,0.0
2025-12-15 02:00:00,17250.0,16840.744,16555.0,409.256,695.0,0.023725,0.04029,2,12,Monday,-11.0,29.0,0.0
2025-12-15 03:00:00,17144.0,17129.469,16499.0,14.531,645.0,0.000848,0.037622,3,12,Monday,-10.6,28.6,0.0
2025-12-15 04:00:00,17296.0,17546.09,16607.0,250.09,689.0,0.014459,0.039836,4,12,Monday,-9.9,27.9,0.0
2025-12-15 05:00:00,17875.0,17954.666,16860.0,79.666,1015.0,0.004457,0.056783,5,12,Monday,-9.1,27.1,0.0
2025-12-15 06:00:00,18899.0,18315.674,17354.0,583.326,1545.0,0.030865,0.08175,6,12,Monday,-8.7,26.7,0.0
2025-12-15 07:00:00,20130.0,18912.332,18136.0,1217.668,1994.0,0.06049,0.099056,7,12,Monday,-7.1,25.1,0.0
2025-12-15 08:00:00,20542.0,18953.633,18697.0,1588.367,1845.0,0.077323,0.089816,8,12,Monday,-6.3,24.3,0.0
2025-12-15 09:00:00,20541.0,18988.238,19087.0,1552.762,1454.0,0.075593,0.070785,9,12,Monday,-5.7,23.7,0.0
2025-12-15 10:00:00,20584.0,18965.066,18870.0,1618.934,1714.0,0.07865,0.083269,10,12,Monday,-5.6,23.6,0.0
2025-12-15 11:00:00,20706.0,18865.145,18582.0,1840.855,2124.0,0.088904,0.102579,11,12,Monday,-5.3,23.3,0.0
2025-12-15 12:00:00,20667.0,18881.94,18539.0,1785.06,2128.0,0.086372,0.102966,12,12,Monday,-5.5,23.5,0.0
2025-12-15 13:00:00,20654.0,18981.717,19006.0,1672.283,1648.0,0.080967,0.079791,13,12,Monday,-5.6,23.6,0.0
2025-12-15 14:00:00,20579.0,18986.225,19122.0,1592.775,1457.0,0.077398,0.0708,14,12,Monday,-5.8,23.8,0.0
2025-12-15 15:00:00,20733.0,19106.807,19454.0,1626.193,1279.0,0.078435,0.061689,15,12,Monday,-5.8,23.8,0.0
2025-12-15 16:00:00,20908.0,19791.295,20066.0,1116.705,842.0,0.05341,0.040272,16,12,Monday,-5.6,23.6,0.0
2025-12-15 17:00:00,21130.0,20204.127,21148.0,925.873,18.0,0.043818,0.000852,17,12,Monday,-5.8,23.8,0.0
2025-12-15 18:00:00,20894.0,20188.775,21079.0,705.225,185.0,0.033753,0.008854,18,12,Monday,-6.0,24.0,0.0
2025-12-15 19:00:00,20708.0,20043.172,20734.0,664.828,26.0,0.032105,0.001256,19,12,Monday,-6.1,24.1,0.0
2025-12-15 20:00:00,20433.0,19945.148,20328.0,487.852,105.0,0.023876,0.005139,20,12,Monday,-7.1,25.1,0.0
2025-12-15 21:00:00,20013.0,19286.895,19769.0,726.105,244.0,0.036282,0.012192,21,12,Monday,-7.7,25.7,0.0
2025-12-15 22:00:00,18982.0,18707.8,18793.0,274.2,189.0,0.014445,0.009957,22,12,Monday,-8.2,26.2,0.0
2025-12-15 23:00:00,18064.0,18218.75,18214.0,154.75,150.0,0.008567,0.008304,23,12,Monday,-8.4,26.4,0.0
2025-12-16 00:00:00,17418.0,17806.973,17801.0,388.973,383.0,0.022332,0.021989,0,12,Tuesday,-8.4,26.4,0.0
2025-12-16 01:00:00,17085.0,17366.16,17439.0,281.16,354.0,0.016457,0.02072,1,12,Tuesday,-7.4,25.4,0.0
2025-12-16 02:00:00,16840.0,17201.576,17250.0,361.576,410.0,0.021471,0.024347,2,12,Tuesday,-8.0,26.0,0.0
2025-12-16 03:00:00,16741.0,17182.719,17144.0,441.719,403.0,0.026385,0.024073,3,12,Tuesday,-8.4,26.4,0.0
2025-12-16 04:00:00,16902.0,17546.81,17296.0,644.81,394.0,0.03815,0.023311,4,12,Tuesday,-8.8,26.8,0.0
2025-12-16 05:00:00,17330.0,18201.553,17875.0,871.553,545.0,0.050292,0.031448,5,12,Tuesday,-9.2,27.2,0.0
2025-12-16 06:00:00,18241.0,18918.22,18899.0,677.22,658.0,0.037126,0.036073,6,12,Tuesday,-9.2,27.2,0.0
2025-12-16 07:00:00,19580.0,19121.557,20130.0,458.443,550.0,0.023414,0.02809,7,12,Tuesday,-6.8,24.8,0.0
2025-12-16 08:00:00,20106.0,19118.074,20542.0,987.926,436.0,0.049136,0.021685,8,12,Tuesday,-6.9,24.9,0.0
2025-12-16 09:00:00,19948.0,19140.428,20541.0,807.572,593.0,0.040484,0.029727,9,12,Tuesday,-6.7,24.7,0.0
2025-12-16 10:00:00,19881.0,19076.531,20584.0,804.469,703.0,0.040464,0.03536,10,12,Tuesday,-6.3,24.3,0.0
2025-12-16 11:00:00,19911.0,19035.812,20706.0,875.188,795.0,0.043955,0.039928,11,12,Tuesday,-5.2,23.2,0.0
2025-12-16 12:00:00,19625.0,18976.184,20667.0,648.816,1042.0,0.033061,0.053096,12,12,Tuesday,-4.5,22.5,0.0
2025-12-16 13:00:00,19509.0,18906.707,20654.0,602.293,1145.0,0.030873,0.058691,13,12,Tuesday,-3.5,21.5,0.0
2025-12-16 14:00:00,19665.0,18906.596,20579.0,758.404,914.0,0.038566,0.046479,14,12,Tuesday,-2.5,20.5,0.0
2025-12-16 15:00:00,19751.0,19045.896,20733.0,705.104,982.0,0.0357,0.049719,15,12,Tuesday,-2.2,20.2,0.0
2025-12-16 16:00:00,19991.0,19492.336,20908.0,498.664,917.0,0.024944,0.045871,16,12,Tuesday,-2.4,20.4,0.0
2025-12-16 17:00:00,20473.0,19828.121,21130.0,644.879,657.0,0.031499,0.032091,17,12,Tuesday,-2.5,20.5,0.0
2025-12-16 18:00:00,20330.0,19745.824,20894.0,584.176,564.0,0.028735,0.027742,18,12,Tuesday,-1.9,19.9,0.0
2025-12-16 19:00:00,20180.0,19583.729,20708.0,596.271,528.0,0.029548,0.026165,19,12,Tuesday,-1.2,19.2,0.0
2025-12-16 20:00:00,19873.0,19355.688,20433.0,517.312,560.0,0.026031,0.028179,20,12,Tuesday,-0.8,18.8,0.0
2025-12-16 21:00:00,19213.0,18708.762,20013.0,504.238,800.0,0.026245,0.041638,21,12,Tuesday,-0.1,18.1,0.0
2025-12-16 22:00:00,18421.0,18190.73,18982.0,230.27,561.0,0.0125,0.030454,22,12,Tuesday,0.1,17.9,0.0
2025-12-16 23:00:00,17618.0,17365.123,18064.0,252.877,446.0,0.014353,0.025315,23,12,Tuesday,0.7,17.3,0.0
2025-12-17 00:00:00,16672.0,16935.725,17418.0,263.725,746.0,0.015818,0.044746,0,12,Wednesday,1.0,17.0,0.0
2025-12-17 01:00:00,16327.0,16477.523,17085.0,150.523,758.0,0.009219,0.046426,1,12,Wednesday,1.3,16.7,0.0
2025-12-17 02:00:00,16108.0,16255.658,16840.0,147.658,732.0,0.009167,0.045443,2,12,Wednesday,1.7,16.3,0.0
2025-12-17 03:00:00,15801.0,16277.968,16741.0,476.968,940.0,0.030186,0.05949,3,12,Wednesday,1.9,16.1,0.0
2025-12-17 04:00:00,15886.0,16415.357,16902.0,529.357,1016.0,0.033322,0.063956,4,12,Wednesday,2.1,15.9,0.0
2025-12-17 05:00:00,16341.0,16838.723,17330.0,497.723,989.0,0.030459,0.060523,5,12,Wednesday,2.2,15.8,0.0
2025-12-17 06:00:00,17462.0,17574.598,18241.0,112.598,779.0,0.006448,0.044611,6,12,Wednesday,2.2,15.8,0.0
2025-12-17 07:00:00,18784.0,18391.604,19580.0,392.396,796.0,0.02089,0.042376,7,12,Wednesday,2.7,15.3,0.0
2025-12-17 08:00:00,19111.0,18544.455,20106.0,566.545,995.0,0.029645,0.052064,8,12,Wednesday,2.5,15.5,0.0
2025-12-17 09:00:00,19275.0,18495.977,19948.0,779.023,673.0,0.040416,0.034916,9,12,Wednesday,2.5,15.5,0.0
2025-12-17 10:00:00,19182.0,18431.559,19881.0,750.441,699.0,0.039122,0.03644,10,12,Wednesday,2.8,15.2,0.0
2025-12-17 11:00:00,18976.0,18417.455,19911.0,558.545,935.0,0.029434,0.049273,11,12,Wednesday,3.0,15.0,0.0
2025-12-17 12:00:00,18608.0,18345.38,19625.0,262.62,1017.0,0.014113,0.054654,12,12,Wednesday,3.3,14.7,0.0
2025-12-17 13:00:00,18899.0,18254.578,19509.0,644.422,610.0,0.034098,0.032277,13,12,Wednesday,4.4,13.6,0.0
2025-12-17 14:00:00,19307.0,18317.521,19665.0,989.479,358.0,0.05125,0.018542,14,12,Wednesday,4.0,14.0,0.0
2025-12-17 15:00:00,19475.0,18550.705,19751.0,924.295,276.0,0.047461,0.014172,15,12,Wednesday,3.2,14.8,0.0
2025-12-17 16:00:00,19766.0,19114.105,19991.0,651.895,225.0,0.032981,0.011383,16,12,Wednesday,2.2,15.8,0.0
2025-12-17 17:00:00,20112.0,19482.695,20473.0,629.305,361.0,0.03129,0.017949,17,12,Wednesday,1.0,17.0,0.0
2025-12-17 18:00:00,19870.0,19522.3,20330.0,347.7,460.0,0.017499,0.02315,18,12,Wednesday,0.1,17.9,0.0
2025-12-17 19:00:00,19878.0,19312.36,20180.0,565.64,302.0,0.028456,0.015193,19,12,Wednesday,1.0,17.0,0.0
2025-12-17 20:00:00,19422.0,19149.715,19873.0,272.285,451.0,0.014019,0.023221,20,12,Wednesday,-0.2,18.2,0.0
2025-12-17 21:00:00,18932.0,18495.377,19213.0,436.623,281.0,0.023063,0.014843,21,12,Wednesday,-0.4,18.4,0.0
2025-12-17 22:00:00,18062.0,17824.73,18421.0,237.27,359.0,0.013136,0.019876,22,12,Wednesday,-0.6,18.6,0.0
2025-12-17 23:00:00,17085.0,17223.533,17618.0,138.533,533.0,0.008108,0.031197,23,12,Wednesday,-0.4,18.4,0.0
2025-12-18 00:00:00,16453.0,16444.889,16672.0,8.111,219.0,0.000493,0.013311,0,12,Thursday,0.9,17.1,0.0
2025-12-18 01:00:00,16097.0,15958.06,16327.0,138.94,230.0,0.008631,0.014288,1,12,Thursday,1.8,16.2,0.0
2025-12-18 02:00:00,15758.0,15801.733,16108.0,43.733,350.0,0.002775,0.022211,2,12,Thursday,1.5,16.5,0.0
2025-12-18 03:00:00,15621.0,15578.96,15801.0,42.04,180.0,0.002691,0.011523,3,12,Thursday,1.8,16.2,0.0
2025-12-18 04:00:00,15751.0,15657.689,15886.0,93.311,135.0,0.005924,0.008571,4,12,Thursday,1.4,16.6,0.0
2025-12-18 05:00:00,16314.0,16217.2,16341.0,96.8,27.0,0.005934,0.001655,5,12,Thursday,1.3,16.7,0.0
2025-12-18 06:00:00,17450.0,17260.426,17462.0,189.574,12.0,0.010864,0.000688,6,12,Thursday,1.1,16.9,0.0
2025-12-18 07:00:00,18653.0,18288.47,18784.0,364.53,131.0,0.019543,0.007023,7,12,Thursday,1.3,16.7,0.0
2025-12-18 08:00:00,18626.0,18410.965,19111.0,215.035,485.0,0.011545,0.026039,8,12,Thursday,1.6,16.4,0.0
2025-12-18 09:00:00,18488.0,18361.844,19275.0,126.156,787.0,0.006824,0.042568,9,12,Thursday,2.5,15.5,0.0
2025-12-18 10:00:00,18213.0,18155.568,19182.0,57.432,969.0,0.003153,0.053204,10,12,Thursday,3.3,14.7,0.0
2025-12-18 11:00:00,17870.0,18077.496,18976.0,207.496,1106.0,0.011611,0.061891,11,12,Thursday,5.2,12.8,0.0
2025-12-18 12:00:00,17686.0,17759.322,18608.0,73.322,922.0,0.004146,0.052132,12,12,Thursday,6.5,11.5,0.0
2025-12-18 13:00:00,18297.0,17736.674,18899.0,560.326,602.0,0.030624,0.032902,13,12,Thursday,8.0,10.0,0.0
2025-12-18 14:00:00,18414.0,17947.938,19307.0,466.062,893.0,0.02531,0.048496,14,12,Thursday,7.6,10.4,0.0
2025-12-18 15:00:00,18932.0,18008.621,19475.0,923.379,543.0,0.048773,0.028682,15,12,Thursday,8.0,10.0,0.0
2025-12-18 16:00:00,19208.0,18568.832,19766.0,639.168,558.0,0.033276,0.02905,16,12,Thursday,7.5,10.5,0.0
2025-12-18 17:00:00,19171.0,18668.303,20112.0,502.697,941.0,0.026222,0.049085,17,12,Thursday,6.9,11.1,0.0
2025-12-18 18:00:00,18613.0,18606.713,19870.0,6.287,1257.0,0.000338,0.067533,18,12,Thursday,6.7,11.3,0.0
2025-12-18 19:00:00,18780.0,18508.867,19878.0,271.133,1098.0,0.014437,0.058466,19,12,Thursday,7.6,10.4,0.0
2025-12-18 20:00:00,18683.0,18394.424,19422.0,288.576,739.0,0.015446,0.039555,20,12,Thursday,7.3,10.7,0.0
2025-12-18 21:00:00,18164.0,17856.012,18932.0,307.988,768.0,0.016956,0.042281,21,12,Thursday,7.1,10.9,0.0
2025-12-18 22:00:00,17301.0,16965.047,18062.0,335.953,761.0,0.019418,0.043986,22,12,Thursday,7.4,10.6,0.0
2025-12-18 23:00:00,16369.0,16182.75,17085.0,186.25,716.0,0.011378,0.043741,23,12,Thursday,7.6,10.4,0.0
2025-12-19 00:00:00,15754.0,15553.705,16453.0,200.295,699.0,0.012714,0.04437,0,12,Friday,8.0,10.0,0.0
2025-12-19 01:00:00,15253.0,15216.008,16097.0,36.992,844.0,0.002425,0.055333,1,12,Friday,8.9,9.1,0.0
2025-12-19 02:00:00,15198.0,14976.559,15758.0,221.441,560.0,0.01457,0.036847,2,12,Friday,8.7,9.3,0.0
2025-12-19 03:00:00,15181.0,14897.858,15621.0,283.142,440.0,0.018651,0.028984,3,12,Friday,8.5,9.5,0.0
2025-12-19 04:00:00,15348.0,15110.868,15751.0,237.132,403.0,0.01545,0.026257,4,12,Friday,8.2,9.8,0.0
2025-12-19 05:00:00,15936.0,15740.548,16314.0,195.452,378.0,0.012265,0.02372,5,12,Friday,6.6,11.4,0.0
2025-12-19 06:00:00,17008.0,17086.535,17450.0,78.535,442.0,0.004618,0.025988,6,12,Friday,2.4,15.6,0.0
2025-12-19 07:00:00,18050.0,17912.94,18653.0,137.06,603.0,0.007593,0.033407,7,12,Friday,1.8,16.2,0.0
2025-12-19 08:00:00,18634.0,17950.922,18626.0,683.078,8.0,0.036658,0.000429,8,12,Friday,2.1,15.9,0.0
2025-12-19 09:00:00,18782.0,17945.5,18488.0,836.5,294.0,0.044537,0.015653,9,12,Friday,2.2,15.8,0.0
2025-12-19 10:00:00,19104.0,17822.62,18213.0,1281.38,891.0,0.067074,0.046639,10,12,Friday,2.3,15.7,0.0
2025-12-19 11:00:00,19245.0,17793.863,17870.0,1451.137,1375.0,0.075403,0.071447,11,12,Friday,0.4,17.6,0.0
2025-12-19 12:00:00,19429.0,17759.785,17686.0,1669.215,1743.0,0.085914,0.089711,12,12,Friday,-1.0,19.0,0.0
2025-12-19 13:00:00,19324.0,18132.918,18297.0,1191.082,1027.0,0.061637,0.053146,13,12,Friday,-0.9,18.9,0.0
2025-12-19 14:00:00,19442.0,18155.838,18414.0,1286.162,1028.0,0.066154,0.052875,14,12,Friday,-1.6,19.6,0.0
2025-12-19 15:00:00,19626.0,18372.34,18932.0,1253.66,694.0,0.063878,0.035361,15,12,Friday,-2.0,20.0,0.0
2025-12-19 16:00:00,19980.0,18887.844,19208.0,1092.156,772.0,0.054662,0.038639,16,12,Friday,-2.9,20.9,0.0
2025-12-19 17:00:00,20170.0,19050.559,19171.0,1119.441,999.0,0.0555,0.049529,17,12,Friday,-3.8,21.8,0.0
2025-12-19 18:00:00,19973.0,18862.799,18613.0,1110.201,1360.0,0.055585,0.068092,18,12,Friday,-4.0,22.0,0.0
2025-12-19 19:00:00,19746.0,18780.457,18780.0,965.543,966.0,0.048898,0.048921,19,12,Friday,-3.8,21.8,0.0
2025-12-19 20:00:00,19530.0,18522.258,18683.0,1007.742,847.0,0.0516,0.043369,20,12,Friday,-3.8,21.8,0.0
2025-12-19 21:00:00,19040.0,18028.773,18164.0,1011.227,876.0,0.053111,0.046008,21,12,Friday,-3.7,21.7,0.0
2025-12-19 22:00:00,18557.0,17427.52,17301.0,1129.48,1256.0,0.060865,0.067683,22,12,Friday,-4.1,22.1,0.0
2025-12-19 23:00:00,17897.0,16661.283,16369.0,1235.717,1528.0,0.069046,0.085377,23,12,Friday,-4.2,22.2,0.0
2025-12-20 00:00:00,17352.0,15530.691,15754.0,1821.309,1598.0,0.104962,0.092093,0,12,Saturday,-4.0,22.0,0.0
2025-12-20 01:00:00,16923.0,15118.372,15253.0,1804.628,1670.0,0.106638,0.098682,1,12,Saturday,-3.2,21.2,0.0
2025-12-20 02:00:00,16416.0,14973.544,15198.0,1442.456,1218.0,0.087869,0.074196,2,12,Saturday,-2.9,20.9,0.0
2025-12-20 03:00:00,16252.0,14773.38,15181.0,1478.62,1071.0,0.090981,0.0659,3,12,Saturday,-3.0,21.0,0.0
2025-12-20 04:00:00,15991.0,14884.75,15348.0,1106.25,643.0,0.06918,0.04021,4,12,Saturday,-3.2,21.2,0.0
2025-12-20 05:00:00,16182.0,15226.686,15936.0,955.314,246.0,0.059036,0.015202,5,12,Saturday,-3.4,21.4,0.0
2025-12-20 06:00:00,16703.0,15673.181,17008.0,1029.819,305.0,0.061655,0.01826,6,12,Saturday,-3.7,21.7,0.0
2025-12-20 07:00:00,17327.0,16461.367,18050.0,865.633,723.0,0.049959,0.041727,7,12,Saturday,-3.5,21.5,0.0
2025-12-20 08:00:00,18118.0,17050.383,18634.0,1067.617,516.0,0.058926,0.02848,8,12,Saturday,-3.0,21.0,0.0
2025-12-20 09:00:00,18389.0,17468.574,18782.0,920.426,393.0,0.050053,0.021371,9,12,Saturday,-2.6,20.6,0.0
2025-12-20 10:00:00,18977.0,17674.35,19104.0,1302.65,127.0,0.068644,0.006692,10,12,Saturday,-1.7,19.7,0.0
2025-12-20 11:00:00,19237.0,17686.957,19245.0,1550.043,8.0,0.080576,0.000416,11,12,Saturday,-1.4,19.4,0.0
2025-12-20 12:00:00,19362.0,17715.281,19429.0,1646.719,67.0,0.085049,0.00346,12,12,Saturday,-0.8,18.8,0.0
2025-12-20 13:00:00,19189.0,17699.676,19324.0,1489.324,135.0,0.077613,0.007035,13,12,Saturday,-0.9,18.9,0.0
2025-12-20 14:00:00,19244.0,17655.395,19442.0,1588.605,198.0,0.082551,0.010289,14,12,Saturday,0.0,18.0,0.0
2025-12-20 15:00:00,19196.0,17785.73,19626.0,1410.27,430.0,0.073467,0.022401,15,12,Saturday,1.1,16.9,0.0
2025-12-20 16:00:00,19193.0,18289.57,19980.0,903.43,787.0,0.047071,0.041005,16,12,Saturday,1.7,16.3,0.0
2025-12-20 17:00:00,19327.0,18336.688,20170.0,990.312,843.0,0.05124,0.043618,17,12,Saturday,2.4,15.6,0.0
2025-12-20 18:00:00,18730.0,18085.61,19973.0,644.39,1243.0,0.034404,0.066364,18,12,Saturday,3.4,14.6,0.0
2025-12-20 19:00:00,18446.0,18044.338,19746.0,401.662,1300.0,0.021775,0.070476,19,12,Saturday,3.0,15.0,0.0
2025-12-20 20:00:00,17978.0,17841.736,19530.0,136.264,1552.0,0.007579,0.086328,20,12,Saturday,3.0,15.0,0.0
2025-12-20 21:00:00,17421.0,17186.291,19040.0,234.709,1619.0,0.013473,0.092934,21,12,Saturday,3.1,14.9,0.0
2025-12-20 22:00:00,16758.0,16850.195,18557.0,92.195,1799.0,0.005502,0.107352,22,12,Saturday,2.9,15.1,0.0
2025-12-20 23:00:00,16262.0,16435.93,17897.0,173.93,1635.0,0.010695,0.100541,23,12,Saturday,2.6,15.4,0.0
2025-12-21 00:00:00,15644.0,16138.896,17352.0,494.896,1708.0,0.031635,0.109179,0,12,Sunday,2.6,15.4,0.0
2025-12-21 01:00:00,15335.0,15598.713,16923.0,263.713,1588.0,0.017197,0.103554,1,12,Sunday,2.4,15.6,0.0
2025-12-21 02:00:00,15183.0,15473.899,16416.0,290.899,1233.0,0.01916,0.081209,2,12,Sunday,1.5,16.5,0.0
2025-12-21 03:00:00,15324.0,15447.25,16252.0,123.25,928.0,0.008043,0.060559,3,12,Sunday,-2.1,20.1,0.0
2025-12-21 04:00:00,15532.0,15122.684,15991.0,409.316,459.0,0.026353,0.029552,4,12,Sunday,-3.4,21.4,0.0
2025-12-21 05:00:00,15764.0,15520.658,16182.0,243.342,418.0,0.015437,0.026516,5,12,Sunday,-4.8,22.8,0.0
2025-12-21 06:00:00,16392.0,15975.576,16703.0,416.424,311.0,0.025404,0.018973,6,12,Sunday,-4.9,22.9,0.0
2025-12-21 07:00:00,16863.0,16510.154,17327.0,352.846,464.0,0.020924,0.027516,7,12,Sunday,-4.7,22.7,0.0
2025-12-21 08:00:00,17427.0,17002.363,18118.0,424.637,691.0,0.024367,0.039651,8,12,Sunday,-4.7,22.7,0.0
2025-12-21 09:00:00,17793.0,17272.666,18389.0,520.334,596.0,0.029244,0.033496,9,12,Sunday,-4.3,22.3,0.0
2025-12-21 10:00:00,17792.0,17556.973,18977.0,235.027,1185.0,0.01321,0.066603,10,12,Sunday,-3.7,21.7,0.0
2025-12-21 11:00:00,17916.0,17598.535,19237.0,317.465,1321.0,0.01772,0.073733,11,12,Sunday,-3.2,21.2,0.0
2025-12-21 12:00:00,18059.0,17604.041,19362.0,454.959,1303.0,0.025193,0.072152,12,12,Sunday,-3.1,21.1,0.0
2025-12-21 13:00:00,18059.0,17592.693,19189.0,466.307,1130.0,0.025821,0.062573,13,12,Sunday,-3.3,21.3,0.0
2025-12-21 14:00:00,18245.0,17606.5,19244.0,638.5,999.0,0.034996,0.054755,14,12,Sunday,-3.1,21.1,0.0
2025-12-21 15:00:00,18754.0,17668.08,19196.0,1085.92,442.0,0.057903,0.023568,15,12,Sunday,-2.8,20.8,0.0
2025-12-21 16:00:00,19455.0,18212.516,19193.0,1242.484,262.0,0.063865,0.013467,16,12,Sunday,-3.1,21.1,0.0
2025-12-21 17:00:00,20108.0,18495.62,19327.0,1612.38,781.0,0.080186,0.03884,17,12,Sunday,-3.2,21.2,0.0
2025-12-21 18:00:00,19929.0,18228.23,18730.0,1700.77,1199.0,0.085341,0.060164,18,12,Sunday,-3.1,21.1,0.0
2025-12-21 19:00:00,19587.0,18111.92,18446.0,1475.08,1141.0,0.075309,0.058253,19,12,Sunday,-3.3,21.3,0.0
2025-12-21 20:00:00,19307.0,17720.234,17978.0,1586.766,1329.0,0.082186,0.068835,20,12,Sunday,-3.4,21.4,0.0
2025-12-21 21:00:00,18839.0,17155.25,17421.0,1683.75,1418.0,0.089376,0.075269,21,12,Sunday,-3.4,21.4,0.0
2025-12-21 22:00:00,18202.0,16500.857,16758.0,1701.143,1444.0,0.093459,0.079332,22,12,Sunday,-3.6,21.6,0.0
2025-12-21 23:00:00,17431.0,16307.509,16262.0,1123.491,1169.0,0.064454,0.067064,23,12,Sunday,-4.2,22.2,0.0
2025-12-22 00:00:00,16563.0,16000.505,15644.0,562.495,919.0,0.033961,0.055485,0,12,Monday,-4.5,22.5,0.0
2025-12-22 01:00:00,16493.0,15665.267,15335.0,827.733,1158.0,0.050187,0.070212,1,12,Monday,-4.8,22.8,0.0
2025-12-22 02:00:00,16422.0,15512.746,15183.0,909.254,1239.0,0.055368,0.075448,2,12,Monday,-5.5,23.5,0.0
2025-12-22 03:00:00,16356.0,15869.48,15324.0,486.52,1032.0,0.029746,0.063096,3,12,Monday,-6.2,24.2,0.0
2025-12-22 04:00:00,16268.0,16437.225,15532.0,169.225,736.0,0.010402,0.045242,4,12,Monday,-6.7,24.7,0.0
2025-12-22 05:00:00,16812.0,16929.842,15764.0,117.842,1048.0,0.007009,0.062336,5,12,Monday,-6.9,24.9,0.0
2025-12-22 06:00:00,17590.0,17705.236,16392.0,115.236,1198.0,0.006551,0.068107,6,12,Monday,-7.2,25.2,0.0
2025-12-22 07:00:00,18397.0,18227.258,16863.0,169.742,1534.0,0.009227,0.083383,7,12,Monday,-6.9,24.9,0.0
2025-12-22 08:00:00,18950.0,18548.725,17427.0,401.275,1523.0,0.021175,0.080369,8,12,Monday,-6.9,24.9,0.0
2025-12-22 09:00:00,19169.0,18695.385,17793.0,473.615,1376.0,0.024707,0.071783,9,12,Monday,-5.7,23.7,0.0
2025-12-22 10:00:00,19248.0,18449.658,17792.0,798.342,1456.0,0.041477,0.075644,10,12,Monday,-3.9,21.9,0.0
2025-12-22 11:00:00,19183.0,18345.559,17916.0,837.441,1267.0,0.043655,0.066048,11,12,Monday,-1.9,19.9,0.0
2025-12-22 12:00:00,19009.0,18286.807,18059.0,722.193,950.0,0.037992,0.049976,12,12,Monday,-0.3,18.3,0.0
2025-12-22 13:00:00,18883.0,18264.057,18059.0,618.943,824.0,0.032778,0.043637,13,12,Monday,1.0,17.0,0.0
2025-12-22 14:00:00,19188.0,18256.676,18245.0,931.324,943.0,0.048537,0.049145,14,12,Monday,1.3,16.7,0.0
2025-12-22 15:00:00,19437.0,18403.047,18754.0,1033.953,683.0,0.053195,0.035139,15,12,Monday,1.5,16.5,0.0
2025-12-22 16:00:00,19716.0,18940.297,19455.0,775.703,261.0,0.039344,0.013238,16,12,Monday,1.7,16.3,0.0
2025-12-22 17:00:00,19992.0,19179.36,20108.0,812.64,116.0,0.040648,0.005802,17,12,Monday,1.6,16.4,0.0
2025-12-22 18:00:00,19529.0,19146.775,19929.0,382.225,400.0,0.019572,0.020482,18,12,Monday,1.5,16.5,0.0
2025-12-22 19:00:00,19272.0,18892.148,19587.0,379.852,315.0,0.01971,0.016345,19,12,Monday,2.2,15.8,0.0
2025-12-22 20:00:00,19005.0,18728.018,19307.0,276.982,302.0,0.014574,0.015891,20,12,Monday,1.9,16.1,0.0
2025-12-22 21:00:00,18640.0,18162.64,18839.0,477.36,199.0,0.025609,0.010676,21,12,Monday,1.6,16.4,0.0
2025-12-22 22:00:00,17823.0,17648.268,18202.0,174.732,379.0,0.009804,0.021265,22,12,Monday,1.1,16.9,0.0
2025-12-22 23:00:00,17147.0,17256.457,17431.0,109.457,284.0,0.006383,0.016563,23,12,Monday,0.9,17.1,0.0
2025-12-23 00:00:00,16612.0,16210.923,16563.0,401.077,49.0,0.024144,0.00295,0,12,Tuesday,0.6,17.4,0.0
2025-12-23 01:00:00,16246.0,16068.491,16493.0,177.509,247.0,0.010926,0.015204,1,12,Tuesday,0.9,17.1,0.0
2025-12-23 02:00:00,15915.0,15900.311,16422.0,14.689,507.0,0.000923,0.031857,2,12,Tuesday,0.5,17.5,0.0
2025-12-23 03:00:00,15728.0,15946.99,16356.0,218.99,628.0,0.013924,0.039929,3,12,Tuesday,0.5,17.5,0.0
2025-12-23 04:00:00,15808.0,15994.444,16268.0,186.444,460.0,0.011794,0.029099,4,12,Tuesday,0.5,17.5,0.0
2025-12-23 05:00:00,16161.0,16414.062,16812.0,253.062,651.0,0.015659,0.040282,5,12,Tuesday,0.9,17.1,0.0
2025-12-23 06:00:00,16992.0,17132.502,17590.0,140.502,598.0,0.008269,0.035193,6,12,Tuesday,0.9,17.1,0.0
2025-12-23 07:00:00,17951.0,17780.979,18397.0,170.021,446.0,0.009471,0.024845,7,12,Tuesday,1.3,16.7,0.0
2025-12-23 08:00:00,18487.0,18138.492,18950.0,348.508,463.0,0.018852,0.025045,8,12,Tuesday,1.3,16.7,0.0
2025-12-23 09:00:00,18902.0,18168.479,19169.0,733.521,267.0,0.038807,0.014125,9,12,Tuesday,1.6,16.4,0.0
2025-12-23 10:00:00,19245.0,18214.654,19248.0,1030.346,3.0,0.053538,0.000156,10,12,Tuesday,1.7,16.3,0.0
2025-12-23 11:00:00,19288.0,18169.467,19183.0,1118.533,105.0,0.057991,0.005444,11,12,Tuesday,1.7,16.3,0.0
2025-12-23 12:00:00,18819.0,18118.95,19009.0,700.05,190.0,0.037199,0.010096,12,12,Tuesday,1.8,16.2,0.0
2025-12-23 13:00:00,18663.0,18001.945,18883.0,661.055,220.0,0.035421,0.011788,13,12,Tuesday,1.8,16.2,0.0
2025-12-23 14:00:00,18587.0,18183.328,19188.0,403.672,601.0,0.021718,0.032334,14,12,Tuesday,1.7,16.3,0.0
2025-12-23 15:00:00,18700.0,18265.377,19437.0,434.623,737.0,0.023242,0.039412,15,12,Tuesday,2.2,15.8,0.0
2025-12-23 16:00:00,19057.0,18775.934,19716.0,281.066,659.0,0.014749,0.03458,16,12,Tuesday,2.6,15.4,0.0
2025-12-23 17:00:00,19312.0,18853.477,19992.0,458.523,680.0,0.023743,0.035211,17,12,Tuesday,2.8,15.2,0.0
2025-12-23 18:00:00,18798.0,18765.11,19529.0,32.89,731.0,0.00175,0.038887,18,12,Tuesday,2.9,15.1,0.0
2025-12-23 19:00:00,18540.0,18670.004,19272.0,130.004,732.0,0.007012,0.039482,19,12,Tuesday,2.2,15.8,0.0
2025-12-23 20:00:00,18292.0,18548.49,19005.0,256.49,713.0,0.014022,0.038979,20,12,Tuesday,2.1,15.9,0.0
2025-12-23 21:00:00,17819.0,17752.67,18640.0,66.33,821.0,0.003722,0.046074,21,12,Tuesday,2.3,15.7,0.0
2025-12-23 22:00:00,17031.0,16973.225,17823.0,57.775,792.0,0.003392,0.046503,22,12,Tuesday,2.6,15.4,0.0
2025-12-23 23:00:00,16314.0,16377.567,17147.0,63.567,833.0,0.003896,0.05106,23,12,Tuesday,2.3,15.7,0.0
2025-12-24 00:00:00,15766.0,15895.682,16612.0,129.682,846.0,0.008225,0.05366,0,12,Wednesday,1.8,16.2,0.0
2025-12-24 01:00:00,15406.0,15612.388,16246.0,206.388,840.0,0.013397,0.054524,1,12,Wednesday,2.3,15.7,0.0
2025-12-24 02:00:00,15221.0,15299.198,15915.0,78.198,694.0,0.005138,0.045595,2,12,Wednesday,2.1,15.9,0.0
2025-12-24 03:00:00,14840.0,15112.63,15728.0,272.63,888.0,0.018371,0.059838,3,12,Wednesday,1.7,16.3,0.0
2025-12-24 04:00:00,14848.0,15295.926,15808.0,447.926,960.0,0.030167,0.064655,4,12,Wednesday,1.3,16.7,0.0
2025-12-24 05:00:00,15308.0,15741.902,16161.0,433.902,853.0,0.028345,0.055722,5,12,Wednesday,0.6,17.4,0.0
2025-12-24 06:00:00,16273.0,16642.355,16992.0,369.355,719.0,0.022697,0.044184,6,12,Wednesday,-1.0,19.0,0.0
2025-12-24 07:00:00,17027.0,17601.639,17951.0,574.639,924.0,0.033749,0.054267,7,12,Wednesday,-0.5,18.5,0.0
2025-12-24 08:00:00,17685.0,17975.684,18487.0,290.684,802.0,0.016437,0.045349,8,12,Wednesday,-1.4,19.4,0.0
2025-12-24 09:00:00,18026.0,18184.785,18902.0,158.785,876.0,0.008809,0.048596,9,12,Wednesday,-1.8,19.8,0.0
2025-12-24 10:00:00,17809.0,18325.89,19245.0,516.89,1436.0,0.029024,0.080633,10,12,Wednesday,-1.9,19.9,0.0
2025-12-24 11:00:00,17449.0,18330.295,19288.0,881.295,1839.0,0.050507,0.105393,11,12,Wednesday,-1.7,19.7,0.0
2025-12-24 12:00:00,17042.0,18189.387,18819.0,1147.387,1777.0,0.067327,0.104272,12,12,Wednesday,-1.4,19.4,0.0
2025-12-24 13:00:00,16865.0,17962.004,18663.0,1097.004,1798.0,0.065046,0.106611,13,12,Wednesday,0.5,17.5,0.0
2025-12-24 14:00:00,17135.0,17912.838,18587.0,777.838,1452.0,0.045395,0.084739,14,12,Wednesday,0.8,17.2,0.0
2025-12-24 15:00:00,17559.0,18019.68,18700.0,460.68,1141.0,0.026236,0.064981,15,12,Wednesday,0.7,17.3,0.0
2025-12-24 16:00:00,18043.0,18686.37,19057.0,643.37,1014.0,0.035658,0.056199,16,12,Wednesday,-0.1,18.1,0.0
2025-12-24 17:00:00,18576.0,19017.45,19312.0,441.45,736.0,0.023765,0.039621,17,12,Wednesday,-1.5,19.5,0.0
2025-12-24 18:00:00,17859.0,18708.502,18798.0,849.502,939.0,0.047567,0.052579,18,12,Wednesday,-0.6,18.6,0.0
2025-12-24 19:00:00,17418.0,18314.822,18540.0,896.822,1122.0,0.051488,0.064416,19,12,Wednesday,-0.3,18.3,0.0
2025-12-24 20:00:00,16864.0,18133.838,18292.0,1269.838,1428.0,0.075299,0.084677,20,12,Wednesday,-0.7,18.7,0.0
2025-12-24 21:00:00,16507.0,17536.51,17819.0,1029.51,1312.0,0.062368,0.079481,21,12,Wednesday,-0.8,18.8,0.0
2025-12-24 22:00:00,16027.0,16763.654,17031.0,736.654,1004.0,0.045963,0.062644,22,12,Wednesday,-0.8,18.8,0.0
2025-12-24 23:00:00,15510.0,16108.951,16314.0,598.951,804.0,0.038617,0.051838,23,12,Wednesday,-0.6,18.6,0.0
2025-12-25 00:00:00,15089.0,14606.719,15766.0,482.281,677.0,0.031962,0.044867,0,12,Thursday,0.1,17.9,0.0
2025-12-25 01:00:00,14549.0,14270.483,15406.0,278.517,857.0,0.019143,0.058904,1,12,Thursday,0.3,17.7,0.0
2025-12-25 02:00:00,14430.0,14202.262,15221.0,227.738,791.0,0.015782,0.054816,2,12,Thursday,0.3,17.7,0.0
2025-12-25 03:00:00,14372.0,13921.957,14840.0,450.043,468.0,0.031314,0.032563,3,12,Thursday,0.5,17.5,0.0
2025-12-25 04:00:00,14323.0,13959.456,14848.0,363.544,525.0,0.025382,0.036654,4,12,Thursday,0.1,17.9,0.0
2025-12-25 05:00:00,14264.0,14226.461,15308.0,37.539,1044.0,0.002632,0.073191,5,12,Thursday,-0.2,18.2,0.0
2025-12-25 06:00:00,14678.0,15194.675,16273.0,516.675,1595.0,0.035201,0.108666,6,12,Thursday,-0.2,18.2,0.0
2025-12-25 07:00:00,15125.0,15875.28,17027.0,750.28,1902.0,0.049605,0.125752,7,12,Thursday,0.8,17.2,0.0
2025-12-25 08:00:00,15681.0,16440.748,17685.0,759.748,2004.0,0.04845,0.127798,8,12,Thursday,1.0,17.0,0.0
2025-12-25 09:00:00,16369.0,16695.922,18026.0,326.922,1657.0,0.019972,0.101228,9,12,Thursday,2.0,16.0,0.0
2025-12-25 10:00:00,16331.0,16713.887,17809.0,382.887,1478.0,0.023445,0.090503,10,12,Thursday,0.8,17.2,0.0
2025-12-25 11:00:00,16075.0,16629.533,17449.0,554.533,1374.0,0.034497,0.085474,11,12,Thursday,-0.2,18.2,0.0
2025-12-25 12:00:00,16198.0,16186.036,17042.0,11.964,844.0,0.000739,0.052105,12,12,Thursday,-1.0,19.0,0.0
2025-12-25 13:00:00,16393.0,16077.651,16865.0,315.349,472.0,0.019237,0.028793,13,12,Thursday,-1.3,19.3,0.0
2025-12-25 14:00:00,16684.0,16302.197,17135.0,381.803,451.0,0.022884,0.027032,14,12,Thursday,-2.1,20.1,0.0
2025-12-25 15:00:00,17162.0,16905.96,17559.0,256.04,397.0,0.014919,0.023133,15,12,Thursday,-2.8,20.8,0.0
2025-12-25 16:00:00,17677.0,17509.434,18043.0,167.566,366.0,0.009479,0.020705,16,12,Thursday,-3.7,21.7,0.0
2025-12-25 17:00:00,18020.0,18095.947,18576.0,75.947,556.0,0.004215,0.030855,17,12,Thursday,-4.7,22.7,0.0
2025-12-25 18:00:00,17424.0,17797.504,17859.0,373.504,435.0,0.021436,0.024966,18,12,Thursday,-5.5,23.5,0.0
2025-12-25 19:00:00,17239.0,17374.521,17418.0,135.521,179.0,0.007861,0.010383,19,12,Thursday,-4.8,22.8,0.0
2025-12-25 20:00:00,17104.0,16922.049,16864.0,181.951,240.0,0.010638,0.014032,20,12,Thursday,-5.4,23.4,0.0
2025-12-25 21:00:00,17031.0,16637.096,16507.0,393.904,524.0,0.023129,0.030767,21,12,Thursday,-5.9,23.9,0.0
2025-12-25 22:00:00,16640.0,15817.005,16027.0,822.995,613.0,0.049459,0.036839,22,12,Thursday,-6.6,24.6,0.0
2025-12-25 23:00:00,16196.0,15346.447,15510.0,849.553,686.0,0.052454,0.042356,23,12,Thursday,-7.3,25.3,0.0
2025-12-26 00:00:00,15862.0,15142.337,15089.0,719.663,773.0,0.04537,0.048733,0,12,Friday,-7.6,25.6,0.0
2025-12-26 01:00:00,15640.0,14575.253,14549.0,1064.747,1091.0,0.068078,0.069757,1,12,Friday,-7.3,25.3,0.0
2025-12-26 02:00:00,15357.0,14508.0,14430.0,849.0,927.0,0.055284,0.060363,2,12,Friday,-7.2,25.2,0.0
2025-12-26 03:00:00,15235.0,14370.968,14372.0,864.032,863.0,0.056714,0.056646,3,12,Friday,-7.1,25.1,0.0
2025-12-26 04:00:00,15288.0,14267.712,14323.0,1020.288,965.0,0.066738,0.063121,4,12,Friday,-6.8,24.8,0.0
2025-12-26 05:00:00,15598.0,14302.834,14264.0,1295.166,1334.0,0.083034,0.085524,5,12,Friday,-6.2,24.2,0.0
2025-12-26 06:00:00,16078.0,14416.987,14678.0,1661.013,1400.0,0.10331,0.087076,6,12,Friday,-5.5,23.5,0.0
2025-12-26 07:00:00,16669.0,14673.696,15125.0,1995.304,1544.0,0.119701,0.092627,7,12,Friday,-5.3,23.3,0.0
2025-12-26 08:00:00,17180.0,15171.209,15681.0,2008.791,1499.0,0.116926,0.087253,8,12,Friday,-4.8,22.8,0.0
2025-12-26 09:00:00,17831.0,16000.224,16369.0,1830.776,1462.0,0.102674,0.081992,9,12,Friday,-4.2,22.2,0.0
2025-12-26 10:00:00,18520.0,15968.416,16331.0,2551.584,2189.0,0.137775,0.118197,10,12,Friday,-3.8,21.8,0.0
2025-12-26 11:00:00,19000.0,15690.523,16075.0,3309.477,2925.0,0.174183,0.153947,11,12,Friday,-3.4,21.4,0.0
2025-12-26 12:00:00,19214.0,15876.595,16198.0,3337.405,3016.0,0.173697,0.156969,12,12,Friday,-4.1,22.1,0.0
2025-12-26 13:00:00,19307.0,16071.148,16393.0,3235.852,2914.0,0.1676,0.15093,13,12,Friday,-3.5,21.5,0.0
2025-12-26 14:00:00,19386.0,16311.768,16684.0,3074.232,2702.0,0.15858,0.139379,14,12,Friday,-3.5,21.5,0.0
2025-12-26 15:00:00,19331.0,16808.219,17162.0,2522.781,2169.0,0.130504,0.112203,15,12,Friday,-3.3,21.3,0.0
2025-12-26 16:00:00,19533.0,17294.604,17677.0,2238.396,1856.0,0.114596,0.095019,16,12,Friday,-2.8,20.8,0.0
2025-12-26 17:00:00,19569.0,17591.896,18020.0,1977.104,1549.0,0.101032,0.079156,17,12,Friday,-2.4,20.4,0.0
2025-12-26 18:00:00,19330.0,17204.883,17424.0,2125.117,1906.0,0.109939,0.098603,18,12,Friday,-1.9,19.9,0.0
2025-12-26 19:00:00,18842.0,17072.19,17239.0,1769.81,1603.0,0.093929,0.085076,19,12,Friday,-1.9,19.9,0.0
2025-12-26 20:00:00,18528.0,17050.998,17104.0,1477.002,1424.0,0.079717,0.076857,20,12,Friday,-4.5,22.5,0.0
2025-12-26 21:00:00,18050.0,16983.457,17031.0,1066.543,1019.0,0.059088,0.056454,21,12,Friday,-6.5,24.5,0.0
2025-12-26 22:00:00,17522.0,16561.162,16640.0,960.838,882.0,0.054836,0.050337,22,12,Friday,-6.8,24.8,0.0
2025-12-26 23:00:00,16880.0,16362.684,16196.0,517.316,684.0,0.030647,0.040521,23,12,Friday,-8.3,26.3,0.0
2025-12-27 00:00:00,16482.0,16327.276,15862.0,154.724,620.0,0.009387,0.037617,0,12,Saturday,-8.2,26.2,0.0
2025-12-27 01:00:00,16165.0,16038.308,15640.0,126.692,525.0,0.007837,0.032478,1,12,Saturday,-8.7,26.7,0.0
2025-12-27 02:00:00,16027.0,15725.776,15357.0,301.224,670.0,0.018795,0.041804,2,12,Saturday,-8.7,26.7,0.0
2025-12-27 03:00:00,15996.0,15616.955,15235.0,379.045,761.0,0.023696,0.047574,3,12,Saturday,-8.8,26.8,0.0
2025-12-27 04:00:00,15966.0,15537.03,15288.0,428.97,678.0,0.026868,0.042465,4,12,Saturday,-8.9,26.9,0.0
2025-12-27 05:00:00,16229.0,15649.624,15598.0,579.376,631.0,0.0357,0.038881,5,12,Saturday,-9.0,27.0,0.0
2025-12-27 06:00:00,16694.0,15992.546,16078.0,701.454,616.0,0.042018,0.036899,6,12,Saturday,-9.0,27.0,0.0
2025-12-27 07:00:00,17383.0,16459.111,16669.0,923.889,714.0,0.053149,0.041075,7,12,Saturday,-7.9,25.9,0.0
2025-12-27 08:00:00,17832.0,16569.781,17180.0,1262.219,652.0,0.070784,0.036563,8,12,Saturday,-7.7,25.7,0.0
2025-12-27 09:00:00,18191.0,17202.637,17831.0,988.363,360.0,0.054333,0.01979,9,12,Saturday,-7.3,25.3,0.0
2025-12-27 10:00:00,18532.0,17672.64,18520.0,859.36,12.0,0.046372,0.000648,10,12,Saturday,-7.1,25.1,0.0
2025-12-27 11:00:00,18700.0,17991.918,19000.0,708.082,300.0,0.037865,0.016043,11,12,Saturday,-7.3,25.3,0.0
2025-12-27 12:00:00,18741.0,18108.213,19214.0,632.787,473.0,0.033765,0.025239,12,12,Saturday,-7.4,25.4,0.0
2025-12-27 13:00:00,18866.0,18015.908,19307.0,850.092,441.0,0.045059,0.023375,13,12,Saturday,-7.1,25.1,0.0
2025-12-27 14:00:00,18825.0,18072.78,19386.0,752.22,561.0,0.039959,0.029801,14,12,Saturday,-7.0,25.0,0.0
2025-12-27 15:00:00,18955.0,17867.562,19331.0,1087.438,376.0,0.057369,0.019836,15,12,Saturday,-6.6,24.6,0.0
2025-12-27 16:00:00,19393.0,18615.373,19533.0,777.627,140.0,0.040098,0.007219,16,12,Saturday,-6.3,24.3,0.0
2025-12-27 17:00:00,19865.0,18907.045,19569.0,957.955,296.0,0.048223,0.014901,17,12,Saturday,-6.1,24.1,0.0
2025-12-27 18:00:00,19402.0,18732.54,19330.0,669.46,72.0,0.034505,0.003711,18,12,Saturday,-5.5,23.5,0.0
2025-12-27 19:00:00,19096.0,18299.25,18842.0,796.75,254.0,0.041723,0.013301,19,12,Saturday,-4.6,22.6,0.0
2025-12-27 20:00:00,18767.0,17696.365,18528.0,1070.635,239.0,0.057049,0.012735,20,12,Saturday,-3.8,21.8,0.0
2025-12-27 21:00:00,18426.0,16920.262,18050.0,1505.738,376.0,0.081718,0.020406,21,12,Saturday,-3.5,21.5,0.0
2025-12-27 22:00:00,17672.0,16441.902,17522.0,1230.098,150.0,0.069607,0.008488,22,12,Saturday,-3.5,21.5,0.0
2025-12-27 23:00:00,17053.0,15965.612,16880.0,1087.388,173.0,0.063765,0.010145,23,12,Saturday,-3.6,21.6,0.0
2025-12-28 00:00:00,16588.0,15640.757,16482.0,947.243,106.0,0.057104,0.00639,0,12,Sunday,-2.9,20.9,0.0
2025-12-28 01:00:00,16249.0,15205.81,16165.0,1043.19,84.0,0.0642,0.00517,1,12,Sunday,-2.3,20.3,0.0
2025-12-28 02:00:00,16112.0,15008.629,16027.0,1103.371,85.0,0.068481,0.005276,2,12,Sunday,-1.9,19.9,0.0
2025-12-28 03:00:00,15917.0,14900.386,15996.0,1016.614,79.0,0.06387,0.004963,3,12,Sunday,-1.9,19.9,0.0
2025-12-28 04:00:00,15767.0,14985.345,15966.0,781.655,199.0,0.049575,0.012621,4,12,Sunday,-2.1,20.1,0.0
2025-12-28 05:00:00,16061.0,15093.842,16229.0,967.158,168.0,0.060218,0.01046,5,12,Sunday,-1.9,19.9,0.0
2025-12-28 06:00:00,16435.0,15440.408,16694.0,994.592,259.0,0.060517,0.015759,6,12,Sunday,-1.7,19.7,0.0
2025-12-28 07:00:00,16840.0,16000.358,17383.0,839.642,543.0,0.04986,0.032245,7,12,Sunday,-2.0,20.0,0.0
2025-12-28 08:00:00,17408.0,16438.576,17832.0,969.424,424.0,0.055688,0.024357,8,12,Sunday,-1.7,19.7,0.0
2025-12-28 09:00:00,17653.0,16877.855,18191.0,775.145,538.0,0.04391,0.030476,9,12,Sunday,-1.2,19.2,0.0
2025-12-28 10:00:00,17995.0,17136.363,18532.0,858.637,537.0,0.047715,0.029842,10,12,Sunday,-0.8,18.8,0.0
2025-12-28 11:00:00,18328.0,17188.645,18700.0,1139.355,372.0,0.062165,0.020297,11,12,Sunday,-0.4,18.4,0.0
2025-12-28 12:00:00,18660.0,17208.477,18741.0,1451.523,81.0,0.077788,0.004341,12,12,Sunday,0.1,17.9,0.0
2025-12-28 13:00:00,19094.0,17324.082,18866.0,1769.918,228.0,0.092695,0.011941,13,12,Sunday,-0.1,18.1,0.0
2025-12-28 14:00:00,19020.0,17369.588,18825.0,1650.412,195.0,0.086772,0.010252,14,12,Sunday,0.3,17.7,0.0
2025-12-28 15:00:00,19259.0,17434.43,18955.0,1824.57,304.0,0.094739,0.015785,15,12,Sunday,0.7,17.3,0.0
2025-12-28 16:00:00,19382.0,18092.506,19393.0,1289.494,11.0,0.06653,0.000568,16,12,Sunday,1.0,17.0,0.0
2025-12-28 17:00:00,19624.0,18382.383,19865.0,1241.617,241.0,0.06327,0.012281,17,12,Sunday,1.2,16.8,0.0
2025-12-28 18:00:00,19306.0,18153.914,19402.0,1152.086,96.0,0.059675,0.004973,18,12,Sunday,1.4,16.6,0.0
2025-12-28 19:00:00,18986.0,17978.057,19096.0,1007.943,110.0,0.053089,0.005794,19,12,Sunday,1.3,16.7,0.0
2025-12-28 20:00:00,18366.0,17640.945,18767.0,725.055,401.0,0.039478,0.021834,20,12,Sunday,1.5,16.5,0.0
2025-12-28 21:00:00,17749.0,17065.299,18426.0,683.701,677.0,0.038521,0.038143,21,12,Sunday,2.0,16.0,0.0
2025-12-28 22:00:00,17109.0,16501.152,17672.0,607.848,563.0,0.035528,0.032907,22,12,Sunday,2.3,15.7,0.0
2025-12-28 23:00:00,16658.0,15956.862,17053.0,701.138,395.0,0.04209,0.023712,23,12,Sunday,2.7,15.3,0.0
2025-12-29 00:00:00,15851.0,16109.706,16588.0,258.706,737.0,0.016321,0.046495,0,12,Monday,2.7,15.3,0.0
2025-12-29 01:00:00,15289.0,15838.246,16249.0,549.246,960.0,0.035924,0.06279,1,12,Monday,2.8,15.2,0.0
2025-12-29 02:00:00,14895.0,15690.017,16112.0,795.017,1217.0,0.053375,0.081705,2,12,Monday,3.3,14.7,0.0
2025-12-29 03:00:00,14703.0,15602.864,15917.0,899.864,1214.0,0.061203,0.082568,3,12,Monday,3.9,14.1,0.0
2025-12-29 04:00:00,14757.0,15702.253,15767.0,945.253,1010.0,0.064055,0.068442,4,12,Monday,8.5,9.5,0.0
2025-12-29 05:00:00,15120.0,16304.466,16061.0,1184.466,941.0,0.078338,0.062235,5,12,Monday,6.9,11.1,0.0
2025-12-29 06:00:00,15844.0,16691.518,16435.0,847.518,591.0,0.053491,0.037301,6,12,Monday,3.9,14.1,0.0
2025-12-29 07:00:00,16548.0,17217.232,16840.0,669.232,292.0,0.040442,0.017646,7,12,Monday,3.6,14.4,0.0
2025-12-29 08:00:00,17070.0,17703.97,17408.0,633.97,338.0,0.037139,0.019801,8,12,Monday,2.8,15.2,0.0
2025-12-29 09:00:00,17697.0,17954.467,17653.0,257.467,44.0,0.014549,0.002486,9,12,Monday,2.1,15.9,0.0
2025-12-29 10:00:00,18174.0,18132.414,17995.0,41.586,179.0,0.002288,0.009849,10,12,Monday,0.8,17.2,0.0
2025-12-29 11:00:00,18318.0,18376.87,18328.0,58.87,10.0,0.003214,0.000546,11,12,Monday,-0.7,18.7,0.0
2025-12-29 12:00:00,18454.0,18539.83,18660.0,85.83,206.0,0.004651,0.011163,12,12,Monday,-1.7,19.7,0.0
2025-12-29 13:00:00,18542.0,18602.361,19094.0,60.361,552.0,0.003255,0.02977,13,12,Monday,-1.9,19.9,0.0
2025-12-29 14:00:00,18627.0,18596.123,19020.0,30.877,393.0,0.001658,0.021098,14,12,Monday,-1.8,19.8,0.0
2025-12-29 15:00:00,18706.0,18670.1,19259.0,35.9,553.0,0.001919,0.029563,15,12,Monday,-2.5,20.5,0.0
2025-12-29 16:00:00,19227.0,19308.432,19382.0,81.432,155.0,0.004235,0.008062,16,12,Monday,-4.3,22.3,0.0
2025-12-29 17:00:00,19716.0,19863.963,19624.0,147.963,92.0,0.007505,0.004666,17,12,Monday,-5.5,23.5,0.0
2025-12-29 18:00:00,19379.0,19754.209,19306.0,375.209,73.0,0.019362,0.003767,18,12,Monday,-6.5,24.5,0.0
2025-12-29 19:00:00,19267.0,19616.803,18986.0,349.803,281.0,0.018156,0.014585,19,12,Monday,-6.8,24.8,0.0
2025-12-29 20:00:00,18990.0,19225.57,18366.0,235.57,624.0,0.012405,0.032859,20,12,Monday,-7.6,25.6,0.0
2025-12-29 21:00:00,18476.0,18566.967,17749.0,90.967,727.0,0.004924,0.039348,21,12,Monday,-7.9,25.9,0.0
2025-12-29 22:00:00,17706.0,17770.887,17109.0,64.887,597.0,0.003665,0.033717,22,12,Monday,-8.2,26.2,0.0
2025-12-29 23:00:00,16930.0,17420.963,16658.0,490.963,272.0,0.029,0.016066,23,12,Monday,-8.6,26.6,0.0
2025-12-30 00:00:00,16472.0,16110.915,15851.0,361.085,621.0,0.021921,0.0377,0,12,Tuesday,-8.9,26.9,0.0
2025-12-30 01:00:00,16138.0,15565.106,15289.0,572.894,849.0,0.0355,0.052609,1,12,Tuesday,-8.2,26.2,0.0
2025-12-30 02:00:00,15838.0,15382.424,14895.0,455.576,943.0,0.028765,0.05954,2,12,Tuesday,-8.4,26.4,0.0
2025-12-30 03:00:00,15843.0,15401.333,14703.0,441.667,1140.0,0.027878,0.071956,3,12,Tuesday,-8.6,26.6,0.0
2025-12-30 04:00:00,15993.0,15514.043,14757.0,478.957,1236.0,0.029948,0.077284,4,12,Tuesday,-8.7,26.7,0.0
2025-12-30 05:00:00,16185.0,16034.326,15120.0,150.674,1065.0,0.009309,0.065802,5,12,Tuesday,-9.5,27.5,0.0
2025-12-30 06:00:00,16911.0,16878.703,15844.0,32.297,1067.0,0.00191,0.063095,6,12,Tuesday,-10.1,28.1,0.0
2025-12-30 07:00:00,17834.0,17405.908,16548.0,428.092,1286.0,0.024004,0.072109,7,12,Tuesday,-8.4,26.4,0.0
2025-12-30 08:00:00,18271.0,17942.56,17070.0,328.44,1201.0,0.017976,0.065733,8,12,Tuesday,-8.8,26.8,0.0
2025-12-30 09:00:00,18626.0,18183.875,17697.0,442.125,929.0,0.023737,0.049877,9,12,Tuesday,-8.2,26.2,0.0
2025-12-30 10:00:00,18691.0,18412.516,18174.0,278.484,517.0,0.014899,0.02766,10,12,Tuesday,-7.4,25.4,0.0
2025-12-30 11:00:00,18601.0,18328.766,18318.0,272.234,283.0,0.014635,0.015214,11,12,Tuesday,-6.7,24.7,0.0
2025-12-30 12:00:00,18340.0,18328.506,18454.0,11.494,114.0,0.000627,0.006216,12,12,Tuesday,-6.4,24.4,0.0
2025-12-30 13:00:00,18261.0,18199.824,18542.0,61.176,281.0,0.00335,0.015388,13,12,Tuesday,-4.7,22.7,0.0
2025-12-30 14:00:00,18677.0,18207.943,18627.0,469.057,50.0,0.025114,0.002677,14,12,Tuesday,-3.9,21.9,0.0
2025-12-30 15:00:00,19173.0,18281.441,18706.0,891.559,467.0,0.046501,0.024357,15,12,Tuesday,-4.2,22.2,0.0
2025-12-30 16:00:00,19560.0,19021.996,19227.0,538.004,333.0,0.027505,0.017025,16,12,Tuesday,-4.5,22.5,0.0
2025-12-30 17:00:00,20155.0,19526.648,19716.0,628.352,439.0,0.031176,0.021781,17,12,Tuesday,-5.1,23.1,0.0
2025-12-30 18:00:00,19864.0,19318.875,19379.0,545.125,485.0,0.027443,0.024416,18,12,Tuesday,-5.1,23.1,0.0
2025-12-30 19:00:00,19615.0,19205.273,19267.0,409.727,348.0,0.020888,0.017742,19,12,Tuesday,-4.7,22.7,0.0
2025-12-30 20:00:00,19321.0,18893.328,18990.0,427.672,331.0,0.022135,0.017132,20,12,Tuesday,-4.8,22.8,0.0
2025-12-30 21:00:00,18817.0,18046.676,18476.0,770.324,341.0,0.040938,0.018122,21,12,Tuesday,-4.7,22.7,0.0
2025-12-30 22:00:00,17995.0,17415.322,17706.0,579.678,289.0,0.032213,0.01606,22,12,Tuesday,-4.8,22.8,0.0
2025-12-30 23:00:00,17273.0,16681.418,16930.0,591.582,343.0,0.034249,0.019858,23,12,Tuesday,-4.8,22.8,0.0
2025-12-31 00:00:00,16692.0,16202.122,16472.0,489.878,220.0,0.029348,0.01318,0,12,Wednesday,-4.8,22.8,0.0
2025-12-31 01:00:00,16147.0,15752.52,16138.0,394.479,9.0,0.024431,0.000557,1,12,Wednesday,-4.9,22.9,0.0
2025-12-31 02:00:00,15932.0,15417.817,15838.0,514.183,94.0,0.032274,0.0059,2,12,Wednesday,-5.0,23.0,0.0
2025-12-31 03:00:00,15807.0,15340.046,15843.0,466.954,36.0,0.029541,0.002277,3,12,Wednesday,-5.0,23.0,0.0
2025-12-31 04:00:00,16048.0,15388.678,15993.0,659.322,55.0,0.041084,0.003427,4,12,Wednesday,-5.0,23.0,0.0
2025-12-31 05:00:00,16321.0,15721.378,16185.0,599.622,136.0,0.036739,0.008333,5,12,Wednesday,-5.2,23.2,0.0
2025-12-31 06:00:00,17109.0,16682.996,16911.0,426.004,198.0,0.024899,0.011573,6,12,Wednesday,-5.4,23.4,0.0
2025-12-31 07:00:00,17728.0,17604.861,17834.0,123.139,106.0,0.006946,0.005979,7,12,Wednesday,-5.1,23.1,0.0
2025-12-31 08:00:00,18016.0,17970.164,18271.0,45.836,255.0,0.002544,0.014154,8,12,Wednesday,-5.1,23.1,0.0
2025-12-31 09:00:00,18415.0,18131.23,18626.0,283.77,211.0,0.01541,0.011458,9,12,Wednesday,-4.8,22.8,0.0
2025-12-31 10:00:00,18423.0,18083.309,18691.0,339.691,268.0,0.018438,0.014547,10,12,Wednesday,-4.5,22.5,0.0
2025-12-31 11:00:00,18725.0,17995.67,18601.0,729.33,124.0,0.03895,0.006622,11,12,Wednesday,-4.3,22.3,0.0
2025-12-31 12:00:00,18745.0,17809.375,18340.0,935.625,405.0,0.049913,0.021606,12,12,Wednesday,-4.3,22.3,0.0
2025-12-31 13:00:00,18800.0,17727.47,18261.0,1072.53,539.0,0.057049,0.02867,13,12,Wednesday,-3.6,21.6,0.0
2025-12-31 14:00:00,18728.0,17964.19,18677.0,763.81,51.0,0.040784,0.002723,14,12,Wednesday,-3.4,21.4,0.0
2025-12-31 15:00:00,18948.0,18193.518,19173.0,754.482,225.0,0.039819,0.011875,15,12,Wednesday,-3.9,21.9,0.0
2025-12-31 16:00:00,19338.0,18961.793,19560.0,376.207,222.0,0.019454,0.01148,16,12,Wednesday,-4.4,22.4,0.0
2025-12-31 17:00:00,19558.0,19556.775,20155.0,1.225,597.0,6.3e-05,0.030525,17,12,Wednesday,-4.4,22.4,0.0
2025-12-31 18:00:00,19126.0,19280.656,19864.0,154.656,738.0,0.008086,0.038586,18,12,Wednesday,-4.4,22.4,0.0
